Supplementary Table 1. Cancer cell line TP53 classification matrix,Unnamed: 1,Unnamed: 2,Unnamed: 3,Unnamed: 4,Unnamed: 5,Unnamed: 6,Unnamed: 7,Unnamed: 8,Unnamed: 9,Unnamed: 10,Unnamed: 11,Unnamed: 12,Unnamed: 13,Unnamed: 14,Unnamed: 15,Unnamed: 16,Unnamed: 17,Unnamed: 18,Unnamed: 19,Unnamed: 20,Unnamed: 21,Unnamed: 22,Unnamed: 23,Unnamed: 24,Unnamed: 25,Unnamed: 26,Unnamed: 27,Unnamed: 28,Unnamed: 29,Unnamed: 30,Unnamed: 31,Unnamed: 32,Unnamed: 33,Unnamed: 34,Unnamed: 35,Unnamed: 36,Unnamed: 37,Unnamed: 38,Unnamed: 39,Unnamed: 40,Unnamed: 41,Unnamed: 42,Unnamed: 43,Unnamed: 44,Unnamed: 45,Unnamed: 46,Unnamed: 47
CCLE_Cell_Line_Name,Genetic_and_Functional_p53_Status,TP53_Mutation_Type_All_Databases,TP53_Mutation_TCGA,TP53_Mutation_CCLE,TP53_Mutation_Sanger_MGH,TP53_Log2_Copy_Number_CCLE,TP53_mRNA_Expression_Z-score_CCLE,p53_RPPA_Protein_Expression_Z-score_CCLE,Nutlin-3_AUC_Z-Score_CTD2,Nutlin-3_AUC_Z-Score_Sanger_MGH,p53_Target_Genes_Average_Z-score_(Jeay_et_al.)_CCLE,Functional_Score_(Target_Genes_(CCLE_Z-score)_-_Nutlin-3_(CTD2_Z-score)_-_Nutlin-3_(Sanger_Z-score)),TP53_Dependency_DEMETER_v2.20.1,TP53BP1_Dependency_DEMETER_v2.20.1,USP28_Dependency_DEMETER_v2.20.1,CHEK2_Dependency_DEMETER_v2.20.1,ATM_Dependency_DEMETER_v2.20.1,CDKN1A_Dependency_DEMETER_v2.20.1,ZMAT3_Dependency_DEMETER_v2.20.1,UBE2D3_Dependency_DEMETER_v2.20.1,USP7_Dependency_DEMETER_v2.20.1,PPM1D_Dependency_DEMETER_v2.20.1,MDM4_Dependency_DEMETER_v2.20.1,MDM2_Dependency_DEMETER_v2.20.1,TP53_Dependency_CERES,TP53BP1_Dependency_CERES,USP28_Dependency_CERES,CHEK2_Dependency_CERES,ATM_Dependency_CERES,CDKN1A_Dependency_CERES,ZMAT3_Dependency_CERES,UBE2D3_Dependency_CERES,USP7_Dependency_CERES,PPM1D_Dependency_CERES,MDM4_Dependency_CERES,MDM2_Dependency_CERES,MDM2_mRNA_Expression_Z-Score_CCLE,CDKN1A_mRNA_Expression_Z-Score_CCLE,ZMAT3_mRNA_Expression_Z-Score_CCLE,DDB2_mRNA_Expression_Z-Score_CCLE,FDXR_mRNA_Expression_Z-Score_CCLE,RPS27L_mRNA_Expression_Z-Score_CCLE,BAX_mRNA_Expression_Z-Score_CCLE,RRM2B_mRNA_Expression_Z-Score_CCLE,SESN1_mRNA_Expression_Z-Score_CCLE,CCNG1_mRNA_Expression_Z-Score_CCLE,TNFRSF10B_mRNA_Expression_Z-Score_CCLE
1321N1_CENTRAL_NERVOUS_SYSTEM,Wild-type_and_Functional,WT/High_Functional_Score_(Z>0),,,,-0.1952,0.352367167818939,,,,0.05706846556082168,0.05706846556082168,,,,,,,,,,,,,,,,,,,,,,,,,-0.24988519877168408,-0.13246354920895484,0.060028331939081414,1.207675257431578,0.6864726340584373,0.7561892494348537,-0.06660701561847893,-0.3708424135811849,-0.6050036956285989,-0.6046928146976744,-0.053117664188335884
143B_BONE,Wild-type_but_Non-functional,WT/Low_Functional_Score_(Z<0),,,,0.3817,0.4215281751665622,,,,-0.43045846987962916,-0.43045846987962916,-0.685715617,0.284777854,-0.383715691,-0.606533675,-0.719367943,-2.322802267,0.14027081,2.212343458,0.61326414,-0.278997572,3.648703885,-0.485385304,-0.206590471571913,-0.293813573950676,0.0757414647921501,0.113792692003528,-0.236736579037389,0.034266138001221,0.131392237366135,-0.467029986582812,-0.430271392550441,-0.0156658427324465,0.000470118360208303,-0.146997851525575,-0.9590085019166902,-0.5671873166033624,-0.2747631817577684,-1.2135952647097596,-0.2491914187167777,-0.3265908795104098,-0.02844280152480328,-1.1227140660000845,-0.795632994075165,0.32212496653521827,0.479958289603682
22RV1_PROSTATE,Mutant_but_Functional,Missense_Mutation,Q331R,Q331R,"Q331R, V73fs50",-0.0024,0.5656718197376225,-0.610842209493879,-2.0077496446104695,-0.7712578204111803,0.013571996073352362,2.792579461095002,-0.714617026,-1.750316827,-0.70907429,1.367472138,-0.237268689,0.021913602,,-2.369123703,-4.042238137,-0.281095894,-1.88255067,0.36490998,,,,,,,,,,,,,-0.2701588043653933,-0.03074486499806103,-1.1119492186036637,-0.14114709314490215,0.00845709347737261,0.4909369036069354,-0.25656226192012305,0.8555775698571827,0.02342973243662509,0.5481713987725434,0.03328150168836011
2313287_STOMACH,Wild-type_and_Functional,WT/High_Functional_Score_(Z>0),,,,0.0173,0.7702007144493868,-0.45244481,-0.7472061053934858,,0.8949666565403981,1.642172761933884,1.123591756,0.540020844,0.089594367,1.92372528,-1.086772153,-0.001972026,0.021644384,-4.99242144,-6.108886822,-0.217829522,-6.892788047,-0.926032811,,,,,,,,,,,,,1.4145788309827856,0.5743419820184422,0.37473805524764126,1.3330955495288805,2.010334004157921,1.0807668771143026,0.9042251828407385,1.0666356003348285,1.1204709102820818,-1.4436971889155705,1.4091434183523266
42MGBA_CENTRAL_NERVOUS_SYSTEM,Mutant_and_Non-functional,Missense_Mutation,"T211I, R282Q","R282Q, T211I","R282Q, T211I",-0.2685,-0.8584141254865567,-0.0292621884938795,0.28815134342942955,,-0.1831340257356164,-0.47128536916504593,,,,,,,,,,,,,-0.3395829537112,-0.167865671039158,0.126400760146216,0.153184941927371,0.00580184509402661,0.163126666518272,-0.109236485976142,-0.479874455920294,-0.492201241056608,0.178769567698619,-0.0523036753966288,-0.0492463418098158,0.9366200127341772,-0.617064230058838,0.10029139396547158,-0.23852124841299416,-0.8956543619251691,0.4046158971697529,0.9137974717929578,-1.0930907288058158,-0.8253352697568039,-0.8735234841816031,0.17339026438708416
5637_URINARY_TRACT,Mutant_and_Non-functional,Missense_Mutation,R280T,R280T,,-0.6005,0.17258186594065644,2.91143843650612,0.2416184243812079,0.6595807044791072,-0.5360740456794665,-1.4372731745397815,,,,,,,,,,,,,-0.365802909406017,-0.195598731845843,-0.00908448758728999,0.161581960891157,-0.0470078437022637,0.14554034935091,0.0747056948119815,-0.570548519037542,-0.381140604951356,0.0347543866497196,-0.0517600394473955,-0.0491419229880963,-0.8456190682297486,0.9766006998747832,-2.5993565472155002,0.5917233155060223,0.6354410558595885,-0.9861114287626344,0.42421007284361645,-3.0164974536080265,-1.2173109333819245,-0.5079779891951298,0.648083773834821
59M_OVARY,Mutant_and_Non-functional,Frame_Shift_Del,H193Kfs49,H193fs,,-0.2541,-2.322600683369235,-0.679234109,,,-0.3594043760110349,-0.3594043760110349,,,,,,,,,,,,,-0.0779158947808838,-0.281372348592336,0.0320622412163778,0.200308574489913,-0.251300687276374,0.0478214424115032,0.0835738581168225,-0.687659272627713,-0.741943972507448,0.176173316911249,-0.0716115062521531,-0.176860925296721,-1.470090031809994,-0.6939776527789729,-0.07621597687847355,-1.4339451991788166,-1.0350874762126578,0.9045568809277658,-0.9930487378432437,0.5318718959872145,-0.7348566868230577,1.0138513257773083,0.03349352271154339
639V_URINARY_TRACT,Mutant_and_Non-functional,Missense_Mutation,R248Q,R248Q,,0.1944,1.489053172674515,1.590102179,0.3837100164748834,0.5609463567471896,-0.1586533210046387,-1.1033096942267118,,,,,,,,,,,,,0.0103936641391194,-0.173628458970394,-0.0355992565450922,0.168389995158476,-0.144171038644777,0.0431239879180028,-0.0579244521320671,-0.649363895829139,-0.390107030318109,0.0367926891009759,0.0480937545749418,-0.0233941203730612,-0.2186585731275058,-0.8290103165349199,0.13110768492852812,-0.6817717556681758,-0.18457092613211437,-1.5625886782814007,0.3344449303725238,0.4956467446142556,0.16304976882387617,0.5517867842872808,0.05537780566662698
647V_URINARY_TRACT,Mutant_and_Non-functional,Missense_Mutation,"E336*, I162N","E336*, I162N",I162N,0.0582,1.2504973955199745,0.818442941,0.8465463720080808,0.15217601520885113,-0.1814737170023607,-1.1801961042192928,,,,,,,,,,,,,-0.122936266547143,-0.257628653311866,-0.059586028389804,0.159767491514826,-0.0207172510055014,0.0356349715863572,0.0893203511385046,-0.112687947811647,-0.359746072123521,0.130197842842817,0.0267304746764732,-0.127899186874247,-0.161238585015911,0.29783352454645107,-0.4439444691335418,0.41324666242712355,-0.004761198031418068,-0.06435015349513794,0.4664009173025833,-0.6513441147446268,-0.9524268411332782,-1.194666302196465,0.2990396724482532
697_HAEMATOPOIETIC_AND_LYMPHOID_TISSUE,Wild-type_and_Functional,WT/High_Functional_Score_(Z>0),,,,0.0784,1.4272375029840112,-0.266694838493879,,-1.6119982129832422,-0.0019457246849516885,1.6100524882982905,2.397233293,-0.115882772,0.948203755,0.162520936,-1.270870168,-0.488948492,,-2.959425081,-0.334108204,-1.089543521,-5.701099821,-1.201585969,,,,,,,,,,,,,3.441282558236271,-0.23883830199997988,0.06354491516650203,-0.02518103404148373,-0.8699297649608184,-0.12349401246638923,-0.09883321030030125,0.5575293273606231,-0.31544411461730354,0.4129142143349074,-2.8249535482464965
769P_KIDNEY,Wild-type_and_Functional,WT/High_Functional_Score_(Z>0),,,,0.0593,-0.2278301034555536,-0.460541018493879,-0.9266902217223373,0.5070034739327631,0.9024382434201201,1.3221249912096944,4.909280401,-0.640186001,1.087168063,4.319374934,0.855956793,-1.355594846,0.00547939,-0.115249317,-2.29231722,-0.712637478,-6.017827589,-1.291457473,1.26258477561811,0.235533795420776,0.01380827891075,0.752563735816705,0.372323068058958,0.50685120558976,0.198312474626519,-0.795018345278613,-0.732249578099416,-0.520758585091177,-0.621438078821415,-0.83654345717632,0.9163978513342802,1.3480782715307167,0.9417709152277833,1.1526378885963275,0.5586919739571936,1.3378551933296245,1.2509592661387117,0.5057871898382831,-0.40804390492744536,1.12761197612551,1.1950740564703353
786O_KIDNEY,Mutant_and_Non-functional,Missense_Mutation,R248W,R248W,,-0.2024,-1.589612836922179,-0.320868238493879,0.8581796017701355,,0.009637146428423777,-0.8485424553417118,-0.991357913,-0.171626859,-1.972818084,0.143754816,1.321942521,-3.248043259,,-2.283607206,-4.054115428,-0.446190243,0.851205876,-1.112902194,0.396611752459481,-0.183950012171268,0.133545112274279,0.247254389237904,-0.0330426472522258,0.122190881930937,-0.0170823674149766,-0.804881090839247,-0.702088017449375,-0.134695391821325,-0.0298413987686443,-0.699521093666365,-0.6950685536838318,0.18951151200387692,-0.1174406909863636,0.08429141918999716,-0.30917912533864106,0.5358572087642407,1.103024987402562,0.4111615356910623,-0.8972951481913438,-0.5088785725904961,0.31002403845159876
8305C_THYROID,Mutant_and_Non-functional,Missense_Mutation,R273C,R273C,,-0.0952,0.7887495244810213,1.14030138150612,0.3587816669847641,0.6759485976813733,-0.3743851529349105,-1.4091154176010479,,,,,,,,,,,,,-0.385709306152189,-0.17846744749897,0.122433139318035,0.0286195906845542,-0.00437519050018106,0.0445439144734548,0.0436816163967897,-0.606093765164255,-0.572250339281463,-0.0265244378529762,-0.0545924511041127,-0.137134162211331,-1.321770909170694,-0.779799682670345,-0.34399897349081066,-0.412900734607756,-1.252728224155423,0.7701588112164066,0.4888926179984192,-0.1782284109136804,-1.0189999810383132,-0.10455578387013945,0.03569458841832029
8505C_THYROID,Mutant_and_Non-functional,Missense_Mutation,R248G,R248G,,0.1038,0.6082445705311008,1.553111327,0.4169478157950404,0.20967713567594376,-0.43804347951619077,-1.064668430987175,,,,,,,,,,,,,,,,,,,,,,,,,-0.745422314316755,-0.5417424752502995,-0.34840378216296597,0.48809683096355316,-1.0302702654689457,-0.2622946107392085,-0.5768229493352421,-0.1988726943693521,-1.0304987337304514,-0.8547025964117428,0.2824553161433114
8MGBA_CENTRAL_NERVOUS_SYSTEM,Mutant_and_Non-functional,Missense_Mutation,R273C,R273C,R273C,-0.1094,0.6475233582929757,2.06686219450612,0.9927926890167738,0.6231443509158013,-0.2638961574575259,-1.879833197390101,,,,,,,,,,,,,-0.117232782135189,-0.0363423300659431,-0.0857345320115269,0.199326032228407,-0.107728001881399,0.225562625734627,0.0855773424491316,-0.662570692326762,-0.616046574162797,0.0497341478557235,0.0105498580681816,-0.277233190680986,-1.0636799820450513,-0.023277436359054885,0.0465296737803006,-1.4911368233494302,-0.7393339669778725,0.5981457309936784,-0.04825483122359623,0.642670109836458,-0.5164027707228409,-0.41474802987465864,0.10663059390928213
A101D_SKIN,Wild-type_and_Functional,WT/High_Functional_Score_(Z>0),,,,0.0235,-0.1197823410332292,-0.0330929644938796,0.7717613235377244,-2.951745853965264,0.9047129534278832,3.084697483855423,,,,,,,,,,,,,,,,,,,,,,,,,1.237747682569234,1.1476452293881196,0.838465953569633,0.8724268674505641,0.45523587846905306,1.3256393860574445,1.2655226478191666,0.6084158680898156,0.7893646757187535,0.4711127847688967,0.9402655138060338
A172_CENTRAL_NERVOUS_SYSTEM,Wild-type_and_Functional,WT/High_Functional_Score_(Z>0),,,,0.1471,0.8998180486855303,-0.349001668493879,-1.7975205639104712,-0.9451844768735231,0.23089645286609173,2.973601493650086,1.41814858,0.476675291,0.388783335,1.308481591,-0.471528464,0.004679653,,-0.871793181,-2.293504949,0.332880884,-7.858807739,-0.8318063,,,,,,,,,,,,,-0.5542336425979302,0.8955245467415509,0.8086452646384076,1.2811548660472816,0.02708576966463336,0.548327008068814,-1.035865386858166,0.5734882496748814,-0.24078370370188182,-0.742168827790564,0.9786868376399819
A204_SOFT_TISSUE,Wild-type_and_Functional,WT/High_Functional_Score_(Z>0),,,,0.0128,0.4578206289459759,-0.43394086349388,-2.7833536917463517,-1.6857248971464933,0.7662078085934813,5.235286397486327,2.200070257,1.709142217,-1.044805724,1.527023751,-0.429166125,-0.141537721,,-0.718972033,2.681100555,-0.218700524,-3.430557635,-0.440251597,,,,,,,,,,,,,0.5038824781393775,0.337400095079341,-0.02556344051673736,1.4262709477664939,1.4416477790109459,1.1272353241833315,0.6220607587619061,0.47442124179481865,0.7874905992988315,1.2396106154827764,0.49382949552720806
A2058_SKIN,Mutant_and_Non-functional,Missense_Mutation,V274F,V274F,V274F,0.2326,1.2611133741508218,0.0159082735061205,1.1814172001586694,0.606207139689108,-0.37779329319148564,-2.165417633039263,-2.435636535,0.17534841,-1.262951974,-0.051191125,-2.057542762,1.361137582,,0.023133004,1.269682439,0.137697397,0.204566547,0.258133131,-0.250391043161131,-0.146277185032901,-0.0727033680775397,0.155799893396513,-0.278213551173437,0.120494270325181,0.00118719337399252,-0.471837593903002,-0.220399840757847,-0.00658511177786586,-0.0264607804876718,-0.100858902790157,-0.7252920175486659,-0.7914371234666114,0.163942024102022,-1.4394854903739274,-0.737276034687029,-0.46003345538562773,-0.18703548535144213,0.23551704396129924,-0.5610734819094222,-0.07428835062582119,0.4207361461788831
A253_SALIVARY_GLAND,Mutant_and_Non-functional,Frame_Shift_Del,E180Gfs67,E180fs,E180fs67,0.3259,0.018156525568321816,-0.760473336493879,0.6778645404582792,0.6557378078142274,-0.28661667636573807,-1.6202190246382446,,,,,,,,,,,,,,,,,,,,,,,,,-0.7834028276914572,-0.4715325048440842,-0.4915407204316619,0.3509746238845682,-0.04200879717233467,-1.7657339247601609,0.0039028549724292984,0.3627056438687139,-0.49895765324106806,-0.3249507290032004,0.5077605943951372
A2780_OVARY,Wild-type_and_Functional,WT/High_Functional_Score_(Z>0),,,,-0.0129,-0.24536162753406998,-0.273596497493879,-3.1060927231450832,0.534330739105243,0.30354666408012865,2.875308648119969,,,,,,,,,,,,,0.411169231638318,-0.0921525791997541,0.109559415353511,0.241487978489361,0.0642284836706735,0.159198769949605,0.18863428024387,-0.959166301802023,-0.774035784682326,-0.305170184311854,-0.510844258726508,-0.6792422158535,0.6953660353263057,-0.2613819751161591,-0.2656006428367496,0.06857669342783489,0.588931431423473,0.523314840307556,0.7397185911613203,-0.2017567991041428,0.025106820412981738,0.7958318324986965,0.6309064773802985
A375_SKIN,Wild-type_and_Functional,WT/High_Functional_Score_(Z>0),,,,0.1286,0.34412670736900963,-0.30918000249388,-1.7252283503891284,-0.9443304998368839,0.6417947861805618,3.311353636406574,-0.044341887,2.406735126,0.116635001,1.086376244,-1.25463787,-0.253896897,0.224322442,-4.319374934,1.100628993,-0.426394757,-6.88882895,0.480634388,,,,,,,,,,,,,0.5687251285010598,0.6112349388195372,-0.0421641766953962,1.3514343850532329,0.5234065480862626,1.260605330906438,2.045267452680239,-0.11976821533989668,0.01771169516112334,0.6042686079506728,0.23902095286290675
A3KAW_HAEMATOPOIETIC_AND_LYMPHOID_TISSUE,Wild-type_and_Functional,WT/High_Functional_Score_(Z>0),,,,-0.0013,0.6157698212061292,0.0240134705061206,,-2.1676526048236555,0.2460544093489441,2.4137070141725996,-0.31926159,-1.681824447,-1.170705012,-1.566614722,-0.918510527,-0.097393789,0.124315649,2.493043442,3.180738608,-1.539296952,0.127997609,-0.551898135,,,,,,,,,,,,,1.5747778878074974,-0.6059298364218219,-0.6099020902952251,0.2970874006346791,0.8027214254071109,-0.010612696356227476,1.1533206036501304,-0.4558606687316871,-0.36155194603989854,0.9186635764669071,0.003884846716920398
A498_KIDNEY,Wild-type_and_Functional,WT/High_Functional_Score_(Z>0),,,,0.3039,0.7733436393918796,0.00952859050612065,,0.11090045843792011,0.7988134744564112,0.6879130160184911,,,,,,,,,,,,,,,,,,,,,,,,,0.3980599341744618,0.973995049088509,0.2555760981832228,1.4979545877236615,1.410846180625926,1.146768520960135,0.3883112493229015,1.3243514079544911,0.26417915874041176,0.4564163079111549,0.670489724335648
A4FUK_HAEMATOPOIETIC_AND_LYMPHOID_TISSUE,Mutant_and_Non-functional,Missense_Mutation,R249G,R249G,R249G,-0.0018,1.2467525393694148,1.243318247,,0.4248793489092192,-0.1778461894710074,-0.6027255383802266,-1.353615298,-0.112200812,-0.562587698,0.129858385,0.172814588,0.876940007,-0.167707353,-0.590697287,1.54088059,-0.782713496,0.234814049,-0.086783408,,,,,,,,,,,,,0.4437662630842178,-0.053661727502586375,-1.872208615665708,0.1000678246838672,0.23357059167745467,-0.2636371400532785,0.6869318124694652,-0.5067953825973361,-0.7080940159606288,0.4275845873261177,-0.44383228164266614
A549_LUNG,Wild-type_and_Functional,WT/High_Functional_Score_(Z>0),,,,0.482,0.019545853873289616,-0.369208658,-0.39239259765080176,-1.8987921677881674,0.6621319441210836,2.9533167095600525,0.435104771,4.80238478,0.278957982,-0.267397418,1.496934613,0.198113219,,-2.289941761,-3.108287131,0.494095318,-4.525247983,0.228162766,1.42921582650673,0.111080088602373,0.295289130116365,0.409785641159529,0.226928234635572,0.488037624238352,0.264539362313501,-1.03798083759486,-1.02321626891978,-0.618381502594983,-0.612167134636191,-1.00785349911819,0.4342224464856839,0.7788770733727808,-0.4565793773931767,1.382729592455607,1.600673366297478,1.8743952194694389,0.5977749388750022,0.5546693091940601,-0.3726719436791803,-0.0658959575356544,0.9552567177898805
A673_BONE,Mutant_and_Non-functional,Frame_Shift_Mutation,,,A119fs*5,-0.0181,-0.774802326848571,-0.510740054493879,-0.33838117375554433,0.5963864037677487,-0.09983698061291048,-0.3578422106251148,-1.512771001,1.165162276,-0.609305043,0.801717162,-0.446190243,-0.896339583,,1.003631114,-1.918182544,0.317717542,3.312576542,-0.28826186,,,,,,,,,,,,,-0.3984891017695888,-0.5561403038963008,-0.9727023130160415,1.7521929994914296,0.6354295293107816,-0.5525954089044394,0.31734983498934144,-1.1982034653111313,-1.2302691913604813,0.42985562371443636,0.6753650100099785
A704_KIDNEY,Mutant_but_Functional,Missense_Mutation,,,"C135R, Y126D",-0.0753,-0.24985945298180723,-0.387932597493879,,0.3326498289521007,0.9754934327328101,0.6428436037807094,0.908612784,0.992149733,1.682616267,0.179545053,1.785156881,0.61405596,-0.442231146,0.912175971,-1.542860139,-1.534546035,-1.101420813,0.286994949,,,,,,,,,,,,,1.5511383621043422,0.5877173324215765,0.24525610281599883,0.8750591407066568,0.4468108579487605,2.5589642210589783,-0.8467551411040561,1.9293997183916902,0.7923624816690172,1.7994863448697096,0.7909883391782355
ABC1_LUNG,Mutant_but_Functional,Missense_Mutation,P278S,P278S,P278S,0.0722,0.786967052914696,1.938249336,,-0.46653034783681335,-0.27441418582833704,0.1921161620084763,-2.231347124,-0.237031143,-0.25647031,0.342936991,0.110340036,-0.103372025,0.55902451,1.411814025,-0.038363651,0.232201045,1.932039384,-0.325358599,-0.0280987295751979,-0.51391353372688,-0.0872985932435558,0.0349909480258458,-0.283951833456326,0.0208146142568843,-0.0266821610747542,-0.695529176762447,-0.397063740671545,-0.00652085900246687,-0.000357223091219489,-0.0654837999075501,0.6600743997246236,-0.3628342688530957,1.419601465010975,-2.1835498632748287,-0.5280168610421302,-0.6986166378123986,-0.2705381983431472,0.1644061638572814,-0.33218007370224023,-0.6335114833494436,-0.25339068632730305
ACCMESO1_PLEURA,Wild-type_but_Non-functional,WT/Low_Functional_Score_(Z<0),,,,0.1024,-0.5407910192575245,-0.668499833,1.0102425336598573,,0.09886163767357768,-0.9113808959862796,,,,,,,,,,,,,,,,,,,,,,,,,-0.8897076609733655,-0.02930672052589703,-0.3944636008251271,0.23171776968359484,-1.004222038480399,1.8092765003076363,-0.6599552211011799,1.27143426479946,-0.42725923219526074,0.7745963370745877,0.40536761664530474
ACHN_KIDNEY,Wild-type_and_Functional,WT/High_Functional_Score_(Z>0),,,,0.4366,0.023046383703232816,0.710917591506121,0.2972917382424723,0.5458594290998824,1.0771772896259617,0.23402612228360703,0.489344401,1.676281711,-1.098649445,0.743518435,0.84566314,-0.760938462,,-0.211336603,-0.356318739,0.196885899,-2.460578846,-0.290280999,,,,,,,,,,,,,1.860384109452273,1.0317884320730326,1.0569165142145427,0.8028231043287564,2.1507096354747786,0.9686354422426309,-0.043733913897296264,0.9690389203587754,0.7320822271338884,1.444173565563935,0.8761321489402635
AGS_STOMACH,Wild-type_and_Functional,WT/High_Functional_Score_(Z>0),,,,-0.0392,0.10218145780298826,-0.163891428,-0.3874069277527779,-1.2099173582319165,1.2098615141973872,2.807185800182082,2.542928066,5.051807897,3.857348302,0.542792212,2.0183477,1.036095711,,-2.078921886,-2.344973211,-0.47786302,-2.481957971,0.099214973,0.956538139389288,0.121477677188766,0.188963896812634,0.342614837530081,0.219197020038652,0.0167776284820772,0.0982229538552569,-1.04194654403955,-1.13753443450343,-0.422881954133194,-0.212532765134256,-0.910101637565252,1.7379257993132455,1.1406681048560794,1.1815049365959924,1.1484101058097504,0.9555031698706683,1.7192907516887987,2.6433338518816596,0.5150238651327097,1.1413678025363354,0.6080928243976684,0.5173554440883545
ALEXANDERCELLS_LIVER,Mutant_and_Non-functional,Missense_Mutation,R249S,R249S,,-0.3256,-1.7416571062426736,,,,-0.5356836071068476,-0.5356836071068476,,,,,,,,,,,,,,,,,,,,,,,,,-0.8164474543991155,-1.2775797136429787,-1.12820571807663,-0.708671375131535,-1.3124960396923535,0.15987643167214913,-1.3868354326933867,0.625546654310475,-0.1782040567891325,-0.17829920682417152,0.30879623309135534
ALLSIL_HAEMATOPOIETIC_AND_LYMPHOID_TISSUE,Wild-type_and_Functional,WT/High_Functional_Score_(Z>0),,,,-0.9714,-1.0150539507830356,,-1.6662312565958484,,-0.7192719784807878,0.9469592781150605,,,,,,,,,,,,,,,,,,,,,,,,,-0.5947606435663505,-2.037330199866467,-0.35089712967805226,0.24002095003723672,0.46530298886553856,-1.352537267493318,-1.0269594537203441,0.8145508134700571,0.06921969614346568,-0.9062968886130344,-3.232304628867398
AM38_CENTRAL_NERVOUS_SYSTEM,Wild-type_and_Functional,WT/High_Functional_Score_(Z>0),,,,-0.1517,-0.9144003912819543,-0.252311896,1.2611879185270483,-1.8189453148623307,1.4102292808677617,1.967986677203044,8.923804858,-0.54595949,1.403104011,0.337829755,0.26664519,1.299375668,,-0.758167094,-2.411881952,-1.317983424,-1.560676076,-1.328672986,,,,,,,,,,,,,1.4238984978797076,0.44759290905975485,1.5396461207840262,2.319510472965868,1.8103714354546419,1.8119494640770935,2.033105363087525,2.1785260463327933,1.2944797565038022,0.21930183626409128,0.4341401871360735
AML193_HAEMATOPOIETIC_AND_LYMPHOID_TISSUE,Mutant_and_Non-functional,Splice_Site_Mutation,X331_splice,Q331_splice,,-1.058,-0.052723650617103095,-0.606995955,,,-0.35926284479994214,-0.35926284479994214,-1.689346732,-1.298187938,-0.46400618,0.367918893,0.053883312,-0.728077956,,5.709018015,0.432333403,-0.816365822,1.705974939,1.300959306,,,,,,,,,,,,,-0.8659872943942194,-0.9007785801919858,-0.6718812775282176,0.2422359780494275,0.27943029609237785,-0.11581377720120697,0.36614834261443213,-0.15992471354452037,1.182986983651681,-1.501921863216089,-1.8063853871310427
AMO1_HAEMATOPOIETIC_AND_LYMPHOID_TISSUE,Wild-type_and_Functional,WT/High_Functional_Score_(Z>0),,,,0.227,1.167408677322948,-0.176521997,,,1.2784331681305567,1.2784331681305567,2.542532156,-0.571297711,1.635503011,-0.561399968,-0.143556861,1.018279774,-0.130808568,6.587937571,-3.657413899,-0.267357827,0.829034932,-0.143240133,,,,,,,,,,,,,3.4952714023498377,1.0546373316320383,0.7343461931035126,1.0394301833770478,0.3605204536069974,0.8360999807688125,1.4066717146360146,0.9050890817131804,1.878932828336942,1.624042257905443,0.7277234220062957
AN3CA_ENDOMETRIUM,Mutant_and_Non-functional,Missense_Mutation,"R213Q, S90Pfs33","P89fs, R213Q",S90fs33,-0.0661,-0.24082160026731692,0.209910934506121,-0.5386389146594962,0.6459170718928665,0.09324541776827236,-0.014032739465097976,,,,,,,,,,,,,,,,,,,,,,,,,0.01790387753393012,-0.9259096997340321,-0.7781533069386456,0.040699268805940624,0.15799633109576955,-0.057359325175019016,1.7776675062618166,-0.29347112022205507,0.2654631652316532,0.5000880766198613,0.3207748219717765
ASPC1_PANCREAS,Mutant_and_Non-functional,Frame_Shift_Del,C135Afs35,,,-0.2444,-1.6866092756332844,-1.08824476149388,0.7235665145234959,-0.1358989051510346,-0.29921878171057353,-0.8868863910830348,-2.259060804,1.542464229,0.503597151,0.267120281,-0.327338148,-0.826263564,,1.181394574,-0.277097206,0.221471892,2.997828322,1.193667775,0.0588465110357578,-0.0517788740707183,-0.0724972756248026,0.0916399508294109,0.0324695643028133,0.13114614509126,0.174391686683834,-0.512503393098086,-1.0099317045262,0.105637338983514,0.0542899898603881,-0.570555999030719,-0.6553214834394612,0.117005971750322,-1.3924555512532453,-0.5798097168269226,-0.865656961983836,0.08977463073199127,-0.4736134207207017,0.4183288606020654,-0.48262820667149,-0.6932371299755786,1.2262064089705478
AU565_BREAST,Mutant_and_Non-functional,Missense_Mutation,R175H,R175H,R175H,-0.2381,-0.3023296409086776,0.28220401750612,-0.705658856243288,0.6222903738791605,-0.8843777057459037,-0.8010092233817763,-1.485849141,-0.737579789,-0.692446082,-1.20000233,-0.881690924,0.903465958,-0.420456112,-2.772951607,0.76331392,-0.219690298,1.480702315,1.183374123,-0.188485157393802,-0.3485701141425,-0.134496633516743,0.22661744337076,0.024399857104217,0.0545236061948088,-0.152504469210784,-0.659877278279923,-0.843117368499414,0.10433142599776,0.0299306158832279,-0.240735867634037,-0.07353450238248849,-1.1928754314806045,-0.43772925962158515,-2.433798140634068,0.41362947056390176,-1.1005287919258326,-1.0346543290046957,-1.273949438935913,-0.1224043939431069,-1.341474447574687,-1.1308354982658615
AZ521_STOMACH,Wild-type_and_Functional,WT/High_Functional_Score_(Z>0),,,,0.0179,-0.00858610079748716,,,,0.7522987579658639,0.7522987579658639,,,,,,,,,,,,,,,,,,,,,,,,,-0.019163501400600923,0.5848883748143083,0.6450657190674266,0.6799461941094985,1.3858681493612277,0.655172989694998,1.1911056086783773,0.7413077484568039,1.1967242413843369,0.4524485201982295,0.7619222932598958
BC3C_URINARY_TRACT,Wild-type_but_Non-functional,WT/Low_Functional_Score_(Z<0),,,,0.0035,1.034821667717114,1.29948559750612,0.5174921587385181,,0.08293522043487499,-0.43455693830364306,,,,,,,,,,,,,0.148452380705186,-0.172042192195871,0.0830464328464515,0.207862563191233,0.0154207813912068,0.245711268804527,0.163917854059877,-0.256359988360955,-0.530559013061767,-0.11559147268542,-0.098064882403407,-0.0729259437875448,0.29494555955524604,0.08483583285085072,-0.8839784602586559,0.30508399643954176,0.904319973222128,-0.05134818040841106,-0.1240670528507808,0.6696470662519258,0.47534808403676404,-1.2669479086246846,0.5044485145697009
BCP1_HAEMATOPOIETIC_AND_LYMPHOID_TISSUE,Mutant_but_Functional,Missense_Mutation,D259N,D259N,,-0.0303,0.1748352209612642,-0.151709408493879,,,1.0165582808150142,1.0165582808150142,,,,,,,,,,,,,,,,,,,,,,,,,3.834022232141865,0.9496552124121594,-0.2935714542417412,1.399372235358013,1.8958540947223173,0.760797390593963,0.9327447733049756,0.21153101097450228,0.18033102773668316,0.9970143318639096,0.3143902340985116
BCPAP_THYROID,Mutant_and_Non-functional,Missense_Mutation,D259Y,D259Y,D259Y,-0.0746,1.0666940362417134,1.436169833,0.3645982818657929,0.6282682131356416,-0.32809873762900443,-1.320965232630439,,,,,,,,,,,,,,,,,,,,,,,,,-1.3647516144547065,-1.0558032725470452,-0.5822944644054142,-0.8246764375947101,-0.33810632955612807,0.34779425106608247,-0.152677609651522,-0.642768249213327,0.09000914015577374,0.5925871276774228,0.32160134460452505
BDCM_HAEMATOPOIETIC_AND_LYMPHOID_TISSUE,Wild-type_and_Functional,WT/High_Functional_Score_(Z>0),,,,0.0167,0.7592926548079842,-0.435845492493879,,,1.2723822196624444,1.2723822196624444,,,,,,,,,,,,,,,,,,,,,,,,,1.8706766228000433,1.1245833388123503,1.709985654139734,1.8245759787595732,2.176247147685417,1.0705467215252011,1.1067502232794328,1.332823596518199,0.08834637861167603,1.2385664608214804,0.45310229333377916
BECKER_CENTRAL_NERVOUS_SYSTEM,Mutant_and_Non-functional,Splice_Site_Mutation,X126_splice,Y126_splice,,-0.0074,0.3651376603679613,0.738863318506121,0.522477828636542,0.5576727781067354,-0.38885304132972465,-1.4690036480730022,,,,,,,,,,,,,,,,,,,,,,,,,-1.4059666815153686,-0.7901027438487686,-0.5253603976985151,0.8137186475238561,-0.17263119488329653,0.08540838674658789,-0.8501592548532649,-0.0841033384887645,-0.7602314845603656,-1.1483319391014548,0.5603765460523833
BEN_LUNG,Mutant_and_Non-functional,Missense_Mutation,Y163C,Y163C,Y163C,-0.2514,-0.6291816186119579,,0.7609590387586733,-0.23695285448676556,-0.9558869267355145,-1.4798931110074223,,,,,,,,,,,,,,,,,,,,,,,,,-0.8025005659980244,-0.33436568323640803,-0.13451514740221387,-1.061840448338122,-0.6019862713668453,-0.8677632365267032,-0.48130500806518023,-0.5387247468889202,-0.46141523750551616,-2.6166574640357547,-2.613682384726971
BFTC905_URINARY_TRACT,Mutant_and_Non-functional,Splice_Site_Mutation,X225_splice,V225_splice,,-0.4172,-2.2821524609909485,-1.100279157,,0.6407932096730279,0.2925687148462102,-0.34822449482681767,,,,,,,,,,,,,-0.198986050210719,-0.414560697825875,0.0764316397192299,0.184919911850194,-0.219200630011381,0.19746063944188,0.13404757160892,-0.605076259636012,-0.697523834303709,-0.0103259051596595,-0.0775532380728837,-0.14022562988436,1.0007507121993466,0.8339889540693336,-0.0272727810392717,0.42904846545757763,0.30447659999231813,-1.7594445982437923,-0.8211070181294943,0.4361864328379581,0.6960333419613703,1.3364820641845163,0.7891136900184504
BFTC909_KIDNEY,Mutant_and_Non-functional,Missense_Mutation,"S241C, E224*","E224*, S241C",S241C,0.2182,-0.3680056664649426,,0.4086383659650012,0.6964440465607328,-0.4169547421128762,-1.5220371546386102,-0.20306209,1.02263478,-1.080437598,-0.201953543,-1.24196876,-0.506368519,-0.008773359,-0.741934796,-0.604158217,1.270078349,0.301762381,0.768064837,-0.246433838793731,-0.290459873727481,-0.0884992121216895,0.16719530646351,-0.138662148494987,0.044844684064939,0.0406432245102834,-0.405116498134103,-0.608631774270688,0.112926069766962,-0.0442098463999902,-0.0932299086804122,-0.8867119553301062,-1.5316452287930429,0.09967003092102245,-0.5159666592355912,-0.9844779470316641,0.18989587092913215,-1.2445717542593644,0.6826182068638054,-1.469666560619794,0.4659311672622142,0.6084226660517495
BHT101_THYROID,Mutant_and_Non-functional,Missense_Mutation,,,I251T,-0.2092,0.35407856263744814,1.105050003,1.2204716143598553,-0.6213848504808631,0.19630238771171157,-0.4027843761672806,,,,,,,,,,,,,,,,,,,,,,,,,-0.405318318498196,0.2792353431425117,1.9549384934543401,-0.9112366846067259,-0.9720984336129804,0.40638174653781045,-0.15836574563297534,0.32091963696135384,0.11441153130347949,0.4709822654362326,1.059476430343977
BHY_UPPER_AERODIGESTIVE_TRACT,Mutant_and_Non-functional,Frame_Shift_Mutation,,,T118fs5,-0.3481,0.7836031237094603,-0.12852965349388,,0.6904662073042533,-0.3935508947013471,-1.0840171020056004,0.094266102,-1.344113465,-0.785088954,-1.14615861,0.151158327,1.080833508,-0.299941196,1.823956033,-0.496470776,0.725702498,2.57816403,-0.220284163,-0.106335109674499,-0.320968052035643,-0.0120514618004842,0.250679950453567,-0.12080719909634,0.11416063997405,0.0911238654137566,-0.532808900217923,-0.320976656263737,-0.00932054280918238,-0.19925251340716,-0.126468718981059,0.5117084261231014,0.5743832452353654,-0.6435006981180553,1.6467206582721354,0.18535060472990555,-2.399601278740808,-1.7381704398545863,-1.0372989060948674,-0.9803759196671825,-1.584906054922591,1.136630521322765
BICR16_UPPER_AERODIGESTIVE_TRACT,Mutant_and_Non-functional,Nonsense_Mutation,W146*,W146*,,0.3839,-0.021735299143465853,0.0432854679999999,0.15436920116579483,,-0.05708781508484526,-0.2114570162506401,,,,,,,,,,,,,,,,,,,,,,,,,-0.7329342362687742,0.9790831678223029,0.2753531285522536,0.3547742767687069,0.23428080441548405,-0.3138670881734435,-0.3535674479930424,-0.7901403460537896,-0.42400981827844325,-0.16338084710090583,0.30644244037635354
BICR18_UPPER_AERODIGESTIVE_TRACT,Wild-type_and_Functional,WT/High_Functional_Score_(Z>0),,,,0.1752,-0.8165743536549329,-0.361735203,-0.3940544876168087,,0.006883719503984764,0.4009382071207935,,,,,,,,,,,,,,,,,,,,,,,,,0.562388306198943,-0.16582364646703882,0.36180075556993196,0.5931528339938243,2.0366482284266283,-0.8320592136876166,-0.7545328115673713,-0.19137129922944607,-0.8642198931146517,-0.8453835160596761,0.17512117048030534
BICR22_UPPER_AERODIGESTIVE_TRACT,Mutant_and_Non-functional,Frame_Shift_Del,,,"?, F109fs37",0.0463,-1.31720453747185,0.0400287109999999,0.8357440872290282,,-0.24363406243578603,-1.0793781496648143,-1.917390724,-0.84526723,-0.443418875,0.148228595,-0.088960912,0.498054415,-0.253382214,-2.616963182,-3.022770634,-0.634643265,2.229367576,-0.392861205,-0.245661221739426,-0.331141362380077,-0.0612359976966929,0.0804163921500054,-0.131735759323033,0.0377953235423144,-0.137175722926446,-0.78316677584531,-0.797344153383151,-0.0048222296983891,-0.0189777772924764,-0.0469720185991269,-0.06033906666958588,1.005811416584068,1.4852930398360948,-0.1210549205412859,0.6472389218923205,-1.8912664630551752,-1.8530992821588534,-0.29779413559795054,-0.3421808188212627,-1.6831479566172838,0.4305645783552683
BICR31_UPPER_AERODIGESTIVE_TRACT,Mutant_and_Non-functional,In_Frame_Del,V173_R174delinsG,173_174VR>G,V173_R174>G,-0.1728,0.6523687934605013,0.418457986,0.6088961068689516,,-0.503471548241162,-1.1123676551101136,,,,,,,,,,,,,,,,,,,,,,,,,-0.8591332742150247,0.32184204186339194,0.6619104211682396,-0.48659894344906696,-1.5293299292186309,-0.5889404592538476,-2.1026736462098436,0.9031087469079916,-0.1520439914836113,-1.5125852926945744,-0.19374270406780694
BICR56_UPPER_AERODIGESTIVE_TRACT,Mutant_and_Non-functional,Splice_Site_Mutation,X126_splice,Y126_splice,,-0.0304,-0.40243124503999933,,1.2254572842578793,,-0.2957135969104184,-1.5211708811682976,-0.340680305,1.758235021,0.314629446,-0.145417636,-0.17289377,2.962196449,-0.253461396,-1.529399209,-1.440715434,-1.535733764,2.025474075,0.493303498,,,,,,,,,,,,,1.2468588167519528,1.3000308962961586,0.2983396135282581,-1.0831072570088096,-0.9511493744851163,-1.591447011104591,-1.6442011182650236,0.21170485316258345,-0.06221099340355118,-1.2756535481132398,0.2979855566267767
BICR6_UPPER_AERODIGESTIVE_TRACT,Mutant_and_Non-functional,Nonsense_Mutation,Q192*,Q192*,,0.0306,-1.2909738858051536,0.13818966450612,0.556546572939704,,-0.9556667821642264,-1.5122133551039303,-1.190896407,-0.029142914,-1.097461716,0.122613237,-1.187729129,-2.115345579,-0.327100602,-0.435500681,-0.2907165,-0.278522481,2.586082224,1.414585393,-0.376301286900017,-0.225659792572237,-0.0418219531743744,0.218771693481035,-0.128967207206544,-0.0512662927581709,0.034212511644006,-0.724871527137297,-0.461701352317171,0.0801461838282298,-0.0709336888665826,0.00938581731401543,-0.3212447261138259,0.6849098058232437,-0.26382419194728024,-0.49729402751611773,-0.8859507811449038,-1.7749985865131233,-3.45128027233442,-1.4724478949457522,-0.9016423249800317,-1.8999666720354043,0.27140506790112384
BL41_HAEMATOPOIETIC_AND_LYMPHOID_TISSUE,Mutant_and_Non-functional,Missense_Mutation,R248Q,R248Q,R248Q,-0.9064,0.08656789534132285,0.94820159250612,,,-0.010562591663292624,-0.010562591663292624,,,,,,,,,,,,,,,,,,,,,,,,,1.1961835299077015,-1.3938746292318638,0.4379686534405484,-0.20120501073014407,-1.293737024837813,-0.5130452210034181,0.41219922848509083,2.0738049783717085,1.2225234596773276,-0.6945553752354636,-1.3624510971398929
BL70_HAEMATOPOIETIC_AND_LYMPHOID_TISSUE,Mutant_and_Non-functional,Missense_Mutation,R273C,,R273C,0.0178,1.2204363734905008,1.61347824850612,,,-0.6346269902601714,-0.6346269902601714,,,,,,,,,,,,,,,,,,,,,,,,,0.3232821238827435,-2.1137630274718537,-0.7266014916599741,-0.7771785089057838,-1.7281425030140143,-1.2568427455750049,-0.02579820188641191,1.6161381899538425,-0.13853595666710328,0.6149059335626246,-2.7683607050809504
BT20_BREAST,Mutant_and_Non-functional,Missense_Mutation,K132Q,K132Q,K132Q,0.2845,1.2567621444954542,0.671243192506121,0.39783608118595,0.6913201843408926,-0.4979361870056176,-1.5870924525324603,-0.165213122,-0.738371609,-0.092405326,0.029530905,-1.728937703,-0.754603907,,0.270208377,2.867178118,0.087971138,2.025869985,-1.066184848,,,,,,,,,,,,,-0.5510091940214688,-0.6620927155258806,0.9137006225729816,-0.5535477569428309,-0.9051974576797387,-0.6219836131821641,0.7546239185886364,-0.5804531554809517,-0.101806565962267,-1.880950005266549,-1.2885821341615606
BT474_BREAST,Mutant_and_Non-functional,Missense_Mutation,E285K,E285K,,-0.2335,0.9777992362074581,0.83752215650612,0.6504433560191494,0.691035525328679,-0.5883701227736373,-1.9298490041214658,-2.575392662,0.012122755,-1.04995255,-0.503993061,-1.993801298,-0.336998345,,-1.985487195,2.219073923,0.345431222,1.799409631,-0.716596575,,,,,,,,,,,,,0.3147855640868213,-0.5717499361334035,-1.163559459378256,-0.24147008382152516,-0.9990040585012447,-1.3703288046194337,-1.579590907787442,0.55210670778301,0.6707337579934248,-0.8184965335313032,-1.2654975966006587
BT483_BREAST,Mutant_and_Non-functional,Missense_Mutation,M246I,M246I,M246I,-0.7433,-0.6639348165714789,-0.130623763493879,,,-0.047733607363660606,-0.047733607363660606,,,,,,,,,,,,,,,,,,,,,,,,,0.16320249107938256,1.6464841473244345,0.3611217565632908,-1.071119619740542,-0.35297203088671414,0.15861856636887542,-0.24255563805827762,0.8413497387290557,0.06329213479617149,-1.192538837074076,-0.8999523901018676
BT549_BREAST,Mutant_and_Non-functional,Missense_Mutation,,,R249S,0.2325,2.131623621880193,,0.6155436667329839,0.6903238777981457,-0.3741131694674529,-1.6799807139985825,,,,,,,,,,,,,-0.265696679979732,-0.0817018547364861,-0.0850998211193299,0.197503538107552,-0.0112324739197396,0.0352951902071936,0.0515362505374092,-0.459909042504987,-0.353424291093624,-0.0366021335515129,0.00557549235369332,-0.0331991433069799,-1.1252449023438236,-0.5630622085351062,0.15740468482877548,-0.9969225307163054,-1.6474947876420627,0.024534962983333634,0.4199006796491888,0.6484959176213672,-0.7751873844370809,-0.028110610730004145,-0.22955868482026326
BV173_HAEMATOPOIETIC_AND_LYMPHOID_TISSUE,Wild-type_and_Functional,WT/High_Functional_Score_(Z>0),,,,0.1557,0.6364353856336621,-0.218393107,,-2.5453951140307405,1.8042401344326697,4.34963524846341,,,,,,,,,,,,,,,,,,,,,,,,,4.336347225331228,1.3764831418859795,2.4413702236774797,3.262031196744408,2.0316536861628096,1.108560862373186,1.0595058152346326,2.187930280362719,3.1327812842707545,2.0217346645265706,-3.1117569018104
BXPC3_PANCREAS,Mutant_and_Non-functional,Missense_Mutation,Y220C,,,-0.2227,1.3857686629300523,1.477321521,0.3338533174946463,0.656022466826441,-0.09689871836198116,-1.0867745026830686,-2.031016811,2.680704645,-1.202377789,-0.676213784,0.285173764,-0.667503771,,-0.549126767,-0.251917348,-0.106658076,2.464142034,-1.382912616,,,,,,,,,,,,,-0.6575492007608058,0.9617501894666577,-1.6159314940810312,1.4324724819676997,0.9095955859453166,-1.0533951276291103,0.47925457024872703,-1.2687467401986443,-0.19376077141872358,-0.715229637529126,0.6556542420072473
C2BBE1_LARGE_INTESTINE,Mutant_but_Functional,Nonsense_Mutation,E204*,E204*,E204*,-0.8548,-1.407880698498246,-0.556539788493879,-0.45554441635910053,-1.0221847396772283,-0.5159117108617998,0.9618174451745292,-0.311976851,-2.297464046,-0.490136221,-1.148929978,0.849226327,2.57895585,,1.996176757,-0.915343249,0.554273594,1.779218236,0.660773306,-0.406450842573281,-0.201743936233798,-0.0487440726792584,0.0550536696867675,-0.0580326618376929,0.00402391398852186,-0.0405008504925122,-0.519410856210119,-0.26944865071054,0.0608206082926308,-0.241311137124751,-0.0907465098409882,-0.029520319990635875,-1.6688630226098593,-0.9225613945104731,-0.3097722231933349,0.09273035177791636,-1.0338377411349369,-1.8149931550029463,-1.121215462559458,0.2228402384561394,0.7684749803727396,0.1416889289150518
C32_SKIN,Wild-type_and_Functional,WT/High_Functional_Score_(Z>0),,,,-0.0376,-0.9622161628010548,-0.293849331493879,0.41611687081203697,-2.071722517707765,1.4105551168287853,3.0661607637245134,5.174539907,0.097631334,2.78284935,0.780733948,-0.298793058,2.202841625,,0.128472701,-2.681892374,-0.796966246,-4.093706399,-0.596635933,1.44219837460348,0.430053113234633,0.368947024448304,0.538225334327367,0.778352975934077,1.46450576055944,0.223316494310859,-1.1532334429016,-1.22667963738893,-0.419873898803505,-0.414568131753136,-1.23726022029822,1.6640151911457952,1.5151700275876514,2.11880621883628,1.6227290567477943,1.534775200110443,1.799407095620409,0.6867805672352765,2.389901391165791,1.1205586596796697,0.5674621561399876,0.49650072084754177
C3A_LIVER,Wild-type_and_Functional,WT/High_Functional_Score_(Z>0),,,,-0.1209,-0.30135566734876,,,0.44323985519697895,1.117678621195787,0.674438765998808,,,,,,,,,,,,,,,,,,,,,,,,,2.244085222234276,0.7681625936491563,0.2473657369389601,0.9062872260480558,2.669833474066994,0.9997313239226081,0.8683296472598967,-0.014329786542453494,1.5830329056488794,1.244831388789256,0.7771351011380293
CA46_HAEMATOPOIETIC_AND_LYMPHOID_TISSUE,Mutant_but_Functional,Missense_Mutation,R248Q,R248Q,,0.057,1.5107959940611344,1.60618219450612,,,0.11997810794994034,0.11997810794994034,,,,,,,,,,,,,,,,,,,,,,,,,1.5826433375828985,-1.271785265725388,-0.930208028672478,0.6042443010425822,-0.12695148196128295,-1.0685137009857708,-0.5384362513101146,1.5595263766810417,0.9881734715833757,0.5204229886486015,0.0006434405658788061
CADOES1_BONE,Wild-type_and_Functional,WT/High_Functional_Score_(Z>0),,,,-0.0629,-0.0883675290726949,-0.167418681,,,0.8652203613092463,0.8652203613092463,5.364576568,-0.992545642,2.126431051,0.196569171,0.178001006,-0.738371609,,-1.374994422,0.110815128,-1.47278412,-1.130718131,-1.683012176,,,,,,,,,,,,,0.2849231282249925,0.3357058759374497,1.8758824812043111,1.5508993809552594,1.02779679733037,0.5654654228259232,-0.06123780980477162,1.1922522898548362,0.4127487382796578,1.3969386190735564,0.936049050520126
CAKI1_KIDNEY,Wild-type_and_Functional,WT/High_Functional_Score_(Z>0),,,,-0.3552,-0.9029959049800242,-0.76975198499388,0.06545808798437183,-1.0234657052321874,1.0721804825552481,2.030188099803064,,,,,,,,,,,,,1.00035632346952,0.130244043954005,0.0360379351040145,0.304029260718688,0.0457619212635111,0.178097971896853,0.186602509920878,-0.805817772103741,-1.04365522682197,-0.392107531268856,-0.34424843908525,-1.19744791290146,1.5359678368075689,1.369783937256155,0.7668662978530034,0.270740177592052,1.7017372595793727,1.4139197596016488,0.700629369983186,0.9016331827934976,0.6281072496098458,1.4349719526112643,1.069628284420133
CAKI2_KIDNEY,Wild-type_and_Functional,WT/High_Functional_Score_(Z>0),,,,-0.3233,0.012291583299308458,-0.170445463,0.7518186439456305,,0.8523817467039776,0.10056310275834712,3.674833926,3.708882161,1.914223447,0.733224783,0.154246423,1.453780454,0.166796761,-0.873772729,-3.162526762,-0.256272355,-0.540020844,-0.26870392,0.596469416000209,0.226479755017144,0.171431964819062,0.638827163133619,0.262502670538157,0.872881597254577,0.0741142346835272,-0.493325543450113,-1.14880030966546,-0.294411522300101,-0.21362299864407,-1.12253126127076,1.2580617086009387,1.2523840169905573,0.08166392470536041,0.9228355352431429,0.8330158556446241,0.8594914374662356,2.4648754353382913,0.2909444264225368,0.2446593947870862,0.7394996885217751,0.4287677900232052
CAL120_BREAST,Mutant_and_Non-functional,Splice_Site_Mutation,X224_splice,E224_splice,?,-0.1332,-0.8344623720467139,-0.509780233,0.5773201975148015,0.1891816867965843,0.08268567709859281,-0.6838162072127929,-1.510791453,3.11066259,-2.10069692,-0.365899754,-0.280699984,-0.550314497,,-0.294319278,6.089091336,-0.069086244,3.513302765,0.533290379,,,,,,,,,,,,,0.8135186501724925,-0.8407982467105513,0.3670053619092124,-0.6393977799853365,0.5147022304218007,-0.6768579870374952,0.46061414312491866,0.4912954537017443,-1.2008050926151534,1.4808886538417578,0.13937706126113097
CAL12T_LUNG,Mutant_and_Non-functional,Missense_Mutation,C135F,C135F,C135F,0.056,0.6900394698030369,1.82299605050612,0.6172055566989908,0.30105267859642143,-0.23628198773970202,-1.1545402230351143,1.570573819,-0.445002514,-0.124038512,-0.604950037,-0.924053263,-1.86829792,0.42283157,-1.847314706,-0.077439939,-0.257143357,1.795846444,-0.24099024,,,,,,,,,,,,,0.013961047536730073,0.5886032779613902,-0.6573633313257455,0.4525148822075295,0.47673909859725244,-0.3395686628797648,0.8497516909936901,-1.297637007925101,-1.1360988659139113,-1.7223820680154807,0.17237807362668867
CAL148_BREAST,Mutant_but_Functional,Missense_Mutation,E224K,E224K,,-0.0334,1.49240044326698,-0.325589966,-1.8108156836385343,,0.1804777952324375,1.9912934788709717,,,,,,,,,,,,,,,,,,,,,,,,,-0.4168546789606458,0.3782148779241449,0.3565511458081183,0.02885676031816126,0.5259503687422007,0.5830876319304464,0.27954291036193757,-0.8331537206986852,0.8749060119351311,0.468136943984202,-0.2599825037881984
CAL27_UPPER_AERODIGESTIVE_TRACT,Mutant_and_Non-functional,Missense_Mutation,H193L,H193L,,0.0234,1.0494845786767384,1.48582920850612,0.7659447086566972,-0.14472333452964864,-0.37447961722515016,-0.9957009913521987,-0.49132395,1.022238871,-0.625933251,0.60019912,-1.203565518,0.170874631,-0.123761375,-0.486573033,0.549918587,-0.247245614,2.015972242,-0.243880381,-0.352752554197035,-0.673686063443548,-0.116227335030822,0.0837697872609443,-0.320288783036941,0.0889451665459411,0.213366059035003,-0.705414322533228,-1.14035497592504,0.0847661268171439,-0.00976539836389843,-0.144626713269682,-0.7859189999566786,0.06202819650876835,-0.4303613308657952,0.1861709160373487,0.6483898034578164,-1.3933574155562978,0.5691358865953569,-0.8604280938696649,-0.6858790919385187,-1.404763271982494,-0.0242923879064923
CAL29_URINARY_TRACT,Mutant_and_Non-functional,Missense_Mutation,R282W,R282W,R282W,-0.563,-0.43101187168136584,1.11767448,0.8498701519400963,,-0.3479362277028652,-1.1978063796429614,,,,,,,,,,,,,-0.216178162250048,-0.373695080971224,0.181209324782634,0.244554783603197,-0.206795068147332,0.303236332205457,0.0443531024037946,-0.251487704773236,-0.605351842881669,0.177531460848524,-0.0259637138174085,-0.0834828432593177,0.5228258838645069,0.6783750472490968,-0.3624069523743565,0.2275425960799454,-0.3685674514225417,-1.2283593533710584,-1.7671941810994516,-1.0503140308748142,0.41385097816160993,-1.096998685565489,0.20394764462103607
CAL33_UPPER_AERODIGESTIVE_TRACT,Mutant_and_Non-functional,Missense_Mutation,R175H,R175H,,-0.0357,1.526074163119043,1.302898478,0.5523918480246837,0.10065273399823958,-0.3211106671503836,-0.9741552491733069,-0.706698832,0.271792016,-0.442627056,-0.083853677,-0.674630145,-1.288686105,-0.260508589,-1.380537158,0.191422345,0.475487561,2.888161333,0.53249856,,,,,,,,,,,,,-0.9326598882215176,-0.14431398102198478,0.051068703186326767,0.3811115222076765,0.41945569765702384,-1.5360767480431632,-1.9155646598588427,0.7473262487875368,0.769825212921071,-1.682665035086434,0.31027558881808764
CAL51_BREAST,Wild-type_and_Functional,WT/High_Functional_Score_(Z>0),,,,0.0123,0.6336367386884044,-0.0191411170000002,-1.0912173283571187,-0.8647683059232577,0.14933255894990308,2.1053181932302794,-1.120820388,0.858728161,1.031344794,-0.7910276,0.914947339,0.144942545,,-2.342993662,1.179019116,0.561399968,-5.000339635,1.458927281,0.149197774813704,-0.107578789462342,0.0379918939871993,0.0819658136132753,-0.0745854341705275,-0.00953645039602745,0.164282747993151,-0.942334208209443,-0.482384955027995,-0.121448311790156,-0.462673334268846,-0.808187108543395,0.36354455471155733,-0.45865959478818746,0.19409589626673932,-0.857501846576349,0.3261048388421925,0.43452648269856775,-0.15227428902701823,0.24568052851145933,0.605250322342114,0.593853165204245,0.34803809026361304
CAL54_KIDNEY,Wild-type_and_Functional,WT/High_Functional_Score_(Z>0),,,,0.3882,0.9077342214735487,,-1.6604146417148211,-0.7148953359929421,1.3794507588145037,3.754760736522267,2.664472347,0.746685713,1.116465382,0.366533209,2.871137215,-0.389852291,-0.055744087,0.138330853,-0.851205876,-0.134846847,-4.936994081,1.164370456,,,,,,,,,,,,,1.2481963657910775,1.8816055982228235,2.4627902737358367,1.24176782207785,1.4910496805400109,0.9000938780728792,0.24947470021720317,2.2037331636045447,1.0820653270029053,0.810476101623373,1.602705436071039
CAL62_THYROID,Mutant_and_Non-functional,Missense_Mutation,A161D,A161D,,0.1289,0.5016994149805741,0.404896332,,0.6551684897898002,-0.22825275865479944,-0.8834212484445997,,,,,,,,,,,,,,,,,,,,,,,,,-0.21872747160136163,-0.7717163398375649,0.0936672059820723,-0.24429555976664064,-0.46192008355257363,-0.06294714988763934,-0.3707655654922663,-0.005280567583367497,-1.6911102240521285,0.9251503873002088,0.2971650232884671
CAL78_BONE,Mutant_and_Non-functional,In_Frame_Del,E286_E287del,EE286del,,-0.1354,-0.5023984696949813,0.173806894,0.6022485470049207,,-0.19337716308573946,-0.7956257100906602,,,,,,,,,,,,,-0.176885138440533,0.02538617422125,0.138580603056973,0.120291447942752,0.0283003610640055,0.476548224394548,0.037234034779286,-0.411539850322074,-0.481612731335154,0.0840538114624467,-0.149462203172661,-0.117213497013457,-1.0804517078742395,0.3509125849975411,0.81845601075065,0.3923499321466776,-1.3475411813535378,1.2063598897027439,-0.9342220136034516,-0.3445356921077169,-0.43781333576029974,-0.7249011200793808,-0.02576216076211998
CAL851_BREAST,Mutant_and_Non-functional,Missense_Mutation,K132E,K132E,K132E,0.4875,1.5883051875545962,2.07328148350612,-0.8352862735919038,0.562369651808256,-0.3781788930750585,-0.10526227129141075,,,,,,,,,,,,,,,,,,,,,,,,,-1.0663266020874405,0.5101873886956525,0.06006622955805645,-0.6404753611804562,-0.6670243796813612,-0.5698063928136599,0.7036093394886902,-0.7163715655079048,-1.12960630589439,-0.5825306320116659,-0.06168954239116487
CALU1_LUNG,Mutant_and_Non-functional,Homozygous_Deletion,,,,-5.609,-1.9145457424344243,-0.77730226149388,0.8066610128238915,,-0.37009694213445904,-1.1767579549583504,-0.730849324,2.71514879,-2.603106342,-0.456879805,0.894755944,0.341551307,,0.863874987,1.8960116,0.377420726,0.23445773,1.317587514,,,,,,,,,,,,,-0.8946867240173595,-0.8570705176664737,-0.18094525738311312,0.23163704179944947,-0.5685459799626301,0.7986059188442964,0.8809761599940003,-1.378678884833773,-0.9173969234552045,-0.4258943808839938,-0.7590668159142476
CALU3_LUNG,Mutant_and_Non-functional,Missense_Mutation,M237I,M237I,M237I,-0.543,0.22087629493332994,1.653590265,0.6745407605262637,0.5999446414204149,-0.7620910157817522,-2.0365764177284307,-2.109802843,-3.338706583,0.49171986,-0.206150186,1.932435293,-1.918182544,-0.109944126,1.294228841,-0.544375851,0.250531664,-0.862687258,0.965623782,,,,,,,,,,,,,-0.9203775869487869,-0.883396450063242,-0.36272118679836013,-1.4062863747825325,-1.2779022067498411,-1.0451585288644025,-1.0790075419205818,-1.3761822596748259,-0.9845511792687585,0.03145841269693533,0.9211237287751223
CALU6_LUNG,Mutant_and_Non-functional,Nonsense_Mutation,R196*,R196*,R196*,0.4942,0.504836787052144,-0.31551264049388,0.7069476148634173,-0.11412249071671621,-0.15313139504099837,-0.7459565191876995,-2.555201267,0.685319708,-1.583638839,0.168657536,0.255520127,-0.229904768,-0.310116076,0.383715691,2.828378967,0.433521132,5.032012411,-0.726890227,-0.103517366152171,-0.268671767167023,-0.047475190955056,0.066365198882191,-0.0262620652379394,0.0544062836634706,0.073016511634214,-0.458695610722578,-0.341135577945619,-0.0166415965035043,-0.0674325147560502,-0.117077949944668,-0.2793103589861068,-0.5297288110056193,0.49580831533421227,-0.6269747563756058,-0.6689200536313067,0.04190318005546388,-0.1898258503242329,-0.8150343379385756,-0.4298182911575819,1.050057388657748,0.2673982299206228
CAMA1_BREAST,Mutant_and_Non-functional,Missense_Mutation,R280T,R280T,R280T,-0.8909,-0.49033430232738257,0.965310307506121,0.9055434658013607,0.4978943855419371,-0.6076729457412319,-2.01111079708453,,,,,,,,,,,,,-0.171009160891642,-0.224068137795357,-0.168342526356746,0.20454240206746,-0.0736855433724731,0.0856019502172424,0.0199029526507226,-0.45040282756374,-0.275335930434471,0.0926645652432707,0.031877863215917,-0.210465174293945,-0.1348817035038754,-0.2929507633101815,-0.7053053983970157,-2.536275386646051,-0.5445876049385467,-0.5835582471388787,0.2924360185865669,-0.5608948620797373,-0.539397589901068,-0.024821523546920955,-1.054165342277843
CAOV3_OVARY,Mutant_and_Non-functional,Nonsense_Mutation,Q136*,Q136*,Q136*,-0.568,-2.483627276694989,-0.649794820493879,0.22167574478911392,,-0.0805888682894977,-0.30226461307861163,1.491787786,5.364576568,-0.42283157,0.712241568,-0.417288834,0.224441214,,1.20079415,0.776378941,-0.116516228,2.422175604,-0.006251414,-0.362240166641603,-0.166062078197114,0.00409653440639215,0.46172262592598,-0.0197757035660399,-0.00874586888920334,-0.103647988687194,-0.836960653399355,-0.465221256333745,0.10604314135372,0.00166868466974851,0.0593941091242312,-0.41891795859105324,0.22722791270738815,0.3374033738208243,1.0859131176574404,0.5446020980270755,-1.0165904726496597,-0.4056210160930693,-0.7479815209599424,-0.9676065915140457,0.3493121435287139,0.12578136288185365
CAOV4_OVARY,Mutant_and_Non-functional,Missense_Mutation,V147D,V147D,V147D,0.2836,-0.07196212721738951,,,,-0.7656592158349883,-0.7656592158349883,-2.72900563,0.201715997,0.295546598,-0.271039787,-0.785880774,-0.922073714,,0.7502489,2.579747669,1.752692285,0.724514769,2.480770241,,,,,,,,,,,,,-0.42150486662276687,-1.6684042727275994,-0.31458094676119847,-1.9697252815984414,-0.06211464492208853,-1.4773562091258974,-0.7532143476780283,-0.5735518300625535,-1.4149145181327314,0.3785354221117363,-0.14541987866530254
CAPAN1_PANCREAS,Mutant_and_Non-functional,Missense_Mutation,A159V,A159V,,-0.4068,0.7083772707395906,0.446759673506121,0.7559733688606509,0.6913201843408926,-0.1902192799878032,-1.6375128331893467,,,,,,,,,,,,,,,,,,,,,,,,,0.4279297192068354,0.05410990654367892,-0.2863551159618521,0.20189017707390106,-0.494911726210918,0.039895433513700326,0.19465378272350245,-0.9789298205835114,-1.7312000585237917,0.052210986590192,0.4282946357624284
CAPAN2_PANCREAS,Wild-type_but_Non-functional,WT/Low_Functional_Score_(Z<0),,,,-0.7495,0.17368244495762042,-0.37527717849388,0.8199561325519545,0.7140929053179593,-0.36019112290974165,-1.8942401607796557,,,,,,,,,,,,,,,,,,,,,,,,,-0.6713546176289132,-0.3869374488441529,-1.2095663792805975,-0.42628342227846,-0.4543435943559938,0.5351194223844358,0.8864834592824017,-1.4501123155036284,-0.821621142193575,0.17760090947858073,-0.14108722306725532
CAS1_CENTRAL_NERVOUS_SYSTEM,Mutant_and_Non-functional,Missense_Mutation,R248W,R248W,R248W,0.0485,0.7648910592726874,2.75156287350612,1.201359879750765,0.6916048433531061,-0.44350134811246134,-2.336466071216332,-0.207060778,-3.768664527,-2.582914947,-0.706302922,-0.81794946,1.784760972,,1.866714282,5.127030742,-1.11844493,-0.645728737,0.241148604,-0.37355726299855,-0.255631535613748,0.0962517282663113,0.0901855061205877,-0.13426973476003,0.139102242782948,-0.0522581035592781,-0.243475195656664,0.070758670845931,0.0857019654252919,-0.106711993630196,-0.179027620553741,-1.2487954829550485,-0.5012523368327552,0.14510848653873373,-1.3930252324654868,-1.3933530062580317,0.20434922705809924,0.2551694120784038,-0.47309408467784136,-1.0020822553440873,-0.2350490126656118,0.7635094562865521
CCFSTTG1_CENTRAL_NERVOUS_SYSTEM,Wild-type_and_Functional,WT/High_Functional_Score_(Z>0),,,,-0.0163,-1.0435312940252324,-0.223049152493879,-1.6570908617828057,,0.8387612583696121,2.495852120152418,,,,,,,,,,,,,0.25382952569966,-0.0887422858808125,0.168849991507404,0.344087924073007,0.173399133757783,0.189155069706341,0.0603430642480829,-0.226944011782646,-0.652243923970592,-0.0504131475244826,0.0153290237528903,-0.717748985460182,4.519764149199096,1.2033171975731987,1.3085085426533922,0.6173757345120667,0.3765991025351169,0.3221894352292445,1.178938039185872,0.11586125645669841,-0.2764574154296089,-0.5284695244230632,0.3887473245737209
CCK81_LARGE_INTESTINE,Mutant_but_Functional,Missense_Mutation,P278H,P278H,,-0.3275,1.0437251409552646,0.0288066425061206,-1.563194078703359,,0.15948173391714685,1.7226758126205057,,,,,,,,,,,,,0.451899452094471,0.0697585186644378,-0.236500989737886,0.359924628137833,0.0844739861169661,0.115276195979765,-0.262960541860226,-0.9607993044725,-1.50229432460292,-0.957853707517483,-0.259287831531107,-0.688524335240712,1.088679863180699,0.4175751323724198,-2.256884449406314,-0.44122352317476987,1.1287604983034036,0.9106164051291153,-0.6284085339932495,0.1613052800084373,0.7071443855804904,0.4389789250675105,0.22775509002087238
CFPAC1_PANCREAS,Mutant_and_Non-functional,Missense_Mutation,C242R,C242R,,-0.7456,-1.18821689879839,0.52101265250612,0.7252284044895043,0.06507035747157448,-0.6947222080161728,-1.4850209699772516,-3.198158636,-1.856420629,-0.216404247,-1.521085105,0.87337682,-1.021051142,,0.260191861,6.188068764,1.503269168,0.39468239,-0.422039751,-0.113606873458955,-0.102258662048261,0.00659930120862004,-0.01525921425362,-0.0779369973220689,0.0349067990708651,-0.0393811462507448,-0.625892384242382,-0.27019815015518,-0.0423144190531758,0.0286724715815846,-0.249053582818413,-0.9516124804098275,0.3238979209653703,-1.099503798438906,-0.14325599573636194,-1.712147199900345,-0.036507788801513105,-0.5134468122902458,-1.835225124207983,-2.2864692924426766,-0.24272354942613691,0.8550498325107239
CGTHW1_THYROID,Mutant_and_Non-functional,Missense_Mutation,I255S,I255S,I255S,-0.1184,0.32345114777381473,0.780651604,0.6263459515120351,0.6114733314150543,-0.46438881726159503,-1.7022081001886844,,,,,,,,,,,,,,,,,,,,,,,,,-1.6490937787658044,-0.9636958838191035,0.29367189012446104,0.2198979375677658,-1.616638216485809,-0.5619810192442527,-0.7507396249331114,-0.27381438606373476,-0.9520203286179204,0.7709548476933189,0.37518157266664565
CHAGOK1_LUNG,Mutant_and_Non-functional,Missense_Mutation,"C275F, X187_splice","C275F, G187_splice","?, C275F",-0.0946,0.15159090327702887,0.791299768,-0.29683392460534797,0.23173820912247733,-0.8000402891166608,-0.7349445736337901,-3.32880884,-1.127154944,0.728077956,-0.587530009,-0.930783728,-1.989446292,-0.187106929,0.333712294,-4.335211322,-0.157176155,4.398556876,0.628308709,-0.133343246242779,-0.16016762142081,0.0250841902865762,0.150082374971394,-0.0441187503651436,0.0477108924512878,0.129919922293634,-0.134027965448749,-0.56669048810109,0.0393793977884007,-0.0125614349618334,-0.0238450043864252,-0.5878992742166109,-0.7800035715069055,1.0096029159912798,-2.2732095168051316,-0.967706818517526,-1.7385325875768598,-2.0383933256995874,-0.5683753123777066,-0.46213155911848214,-0.14606093165665743,-0.2477331987990813
CHL1_SKIN,Mutant_and_Non-functional,Missense_Mutation,H193R,H193R,,-0.1687,-0.27745277917304073,,,0.6447784358440136,-0.445362241046041,-1.0901406768900546,,,,,,,,,,,,,,,,,,,,,,,,,-0.26217025598336857,-0.9863044858207354,-0.5928228966770029,-0.7781472435155372,-0.4304472853639488,-0.8803056049833878,-0.24314308331570747,-0.395436894226265,0.020665626412592362,-0.513512008899998,0.1626394808669075
CHP126_AUTONOMIC_GANGLIA,Wild-type_but_Non-functional,WT/Low_Functional_Score_(Z<0),,,,-0.0197,-0.1205830650203435,-0.0328384100000001,,,-0.15047107293221043,-0.15047107293221043,,,,,,,,,,,,,,,,,,,,,,,,,-0.5726671996165248,-0.3608566685008676,0.7500673887084517,-1.0302386563869679,0.1645629172853395,-0.8663602329192067,-0.16672368879185118,-0.9592563305516416,0.641103114473083,0.18436181091047163,0.560825743135399
CHP212_AUTONOMIC_GANGLIA,Wild-type_and_Functional,WT/High_Functional_Score_(Z>0),,,,-0.0343,0.507402213418633,-0.216089455493879,-2.8309668392724774,-3.0338699789888097,-0.017101663538419708,5.8477351547228675,,,,,,,,,,,,,0.632875018771864,-0.400737631950803,0.130494909620485,0.392774407176877,0.0639171639069915,0.115061722476176,0.229437590445861,-1.22097812550014,-1.12769186443269,-0.710956692609583,-0.420825553839681,-0.992581039324562,-0.5687657087036385,0.14311466544623114,1.162451119122408,-0.12029390149860372,0.3705113114498364,0.08304988930295022,0.36874581511463245,-0.2963824532513646,-0.23760144493627974,-1.5142167843528502,0.4212691933840619
CI1_HAEMATOPOIETIC_AND_LYMPHOID_TISSUE,Mutant_but_Functional,Missense_Mutation,"R248Q, T211A","R248Q, T211A",,0.0451,1.6778252408547958,1.80833922150612,,,0.2404777208944931,0.2404777208944931,,,,,,,,,,,,,,,,,,,,,,,,,1.0296843966335962,-0.0007058498902517828,-0.3476710948627759,0.3368145901833781,1.1058820722367737,-0.23869754144413408,0.6381080973053443,0.1670745367201148,-0.24318964891943154,0.3577567443519459,-0.15980137247513568
CJM_SKIN,Mutant_and_Non-functional,Missense_Mutation,R280G,R280G,,-0.5051,-0.3395683038933932,0.793488065,0.6944834401183576,,-0.5143211511534621,-1.2088045912718197,-2.42851016,-1.810495103,-1.764569576,-0.231527998,-0.112319585,-0.567338614,-0.204922866,-3.043357939,-1.6228339,-0.580403635,1.790699617,-0.296615555,-0.382634697208678,-0.580481343238655,-0.144429155305622,0.197630258790478,-0.116963049146655,0.0648479155850776,0.0835838014280685,-0.740252521772779,-0.741555254788081,0.0356624420350115,-0.109652261582813,-0.0907826847800891,-0.9185972503843478,0.5447647508529609,-0.997375242036449,-0.461933400150337,-0.6742630523321369,-1.6730510226544961,-1.9793627491876273,-0.014028180818553553,-0.8944603054080303,-0.4392595605485848,1.850033349979518
CL11_LARGE_INTESTINE,Mutant_and_Non-functional,Missense_Mutation,S215N,S215N,,-0.9928,-0.7399325185996646,-0.0452680900000002,0.8914174010902925,,-0.15800814345045683,-1.0494255445407494,,,,,,,,,,,,,,,,,,,,,,,,,0.20970253040795975,-0.2745431208785026,-0.26813662517318354,-0.8445327759300342,-0.8355070569352099,-0.6835343490317947,-0.10706949968385075,-0.1340861092883543,-0.37819209710910034,0.7944874833722777,0.7833220422947673
CL14_LARGE_INTESTINE,Mutant_and_Non-functional,Missense_Mutation,R273C,R273C,,-0.7987,0.49621317850851915,1.937513477,,,-0.2330551879021131,-0.2330551879021131,,,,,,,,,,,,,,,,,,,,,,,,,-0.8062532362073814,0.45855800214498427,0.07374648047442758,-0.57588670447937,-0.46906743047049476,-0.5672906622071124,-1.3898296499383445,-1.0455197565553258,1.3501916699522392,-0.05001175475068934,0.4577559751138229
CL34_LARGE_INTESTINE,Mutant_but_Functional,Missense_Mutation,S127P,S127P,"K382fs>12, S127P",0.0054,1.4527196276502694,0.833814252,,,0.29723200075549044,0.29723200075549044,,,,,,,,,,,,,,,,,,,,,,,,,0.6468440554516348,0.4534808060274351,-0.8895928346031078,0.017493176805989934,0.7605661764472275,0.9740055594989171,-0.4296438007900786,0.05661562931025934,0.19810833936646852,0.862213965090592,0.6194609357050571
CL40_LARGE_INTESTINE,Mutant_but_Functional,Missense_Mutation,R248Q,R248Q,R248Q,-0.0247,0.9564317888952417,0.302781422506121,,,1.306951525876294,1.306951525876294,,,,,,,,,,,,,-0.321744492663078,-0.341490955035755,-0.257414983923908,0.0548344753562673,-0.179469391538891,0.0121440967887394,-0.32624873043308,-0.225454273109944,-0.92958363800645,0.228422205397992,-0.0920688091710931,-0.0685213345622381,-0.03402260559554656,1.830542367280816,2.095064939615683,1.5871180822356723,2.3217228335205573,1.529957833828682,0.7323886772029478,1.1533629545874284,1.3041232362183588,0.9267296712254196,0.9294787945192151
CMK_HAEMATOPOIETIC_AND_LYMPHOID_TISSUE,Mutant_and_Non-functional,Missense_Mutation,D49H,D49H,D49H,-3.554,0.26293040758258707,-0.153511708,,,-0.3381797642178277,-0.3381797642178277,,,,,,,,,,,,,,,,,,,,,,,,,-0.5138545436867202,-1.274189454923157,-0.044427769895444606,-0.8987193272896787,-0.24630978151503616,-0.8528139911916393,-0.22149967110727795,-0.8705517832201438,1.586001163332608,1.2678288952043022,-1.6514411421039172
CMK115_HAEMATOPOIETIC_AND_LYMPHOID_TISSUE,Mutant_and_Non-functional,Missense_Mutation,D49H,D49H,,-3.824,1.7812519040948909,,,,-0.4327167463983006,-0.4327167463983006,,,,,,,,,,,,,,,,,,,,,,,,,-0.6050292721098497,-1.9740275706107313,-0.6311602859392085,-1.257391502441377,-0.49287684701768775,-0.3802678623558916,0.6974685637846288,-0.34577248502412467,0.8417573338931085,1.419896969688803,-2.032481252248976
CMK86_HAEMATOPOIETIC_AND_LYMPHOID_TISSUE,Mutant_and_Non-functional,Homozygous_Deletion,,,,-4.227,0.10300994614472112,,,,-0.2980938418543984,-0.2980938418543984,,,,,,,,,,,,,,,,,,,,,,,,,-0.6818051381433915,-1.7989252891626448,0.5688401852346194,-0.7796320923509005,-0.6294824102170664,-0.09660714160890563,-0.5573265618643221,0.05208107103079651,1.173860150900476,1.365339888636085,-1.8953749228531294
CMLT1_HAEMATOPOIETIC_AND_LYMPHOID_TISSUE,Mutant_but_Functional,Missense_Mutation,"R290C, R181C","R181C, R290C",,0.0299,0.3362382989356058,-0.541188809,-2.42072930116343,,0.12289772413443754,2.543627025297867,,,,,,,,,,,,,,,,,,,,,,,,,-0.38159244004114234,-0.916578144589336,1.727742267697142,1.2621847203278074,-0.41599476647521194,0.10173644597178069,0.08121766512188201,-0.4264069847571126,-0.4037468706516649,0.7474874716806887,-0.024174398806020157
COLO205_LARGE_INTESTINE,Mutant_and_Non-functional,In_Frame_Del,,,Y103_R110delYQGSYGFR,-0.0696,0.1114980646378223,,0.5997557120559088,,0.01243935478921988,-0.587316357266689,-2.798685738,2.039330915,0.584362732,-0.148070231,-0.153019103,-2.777306614,,1.906701162,1.893240232,1.058266654,2.004094951,1.201190059,,,,,,,,,,,,,-0.37836431687940897,-0.9274115594676203,-0.3854518628462818,0.5176840540305656,0.26642834903811746,0.10368371822011775,-0.292596986955616,-0.13389027501623943,0.955442946282924,0.0970443773595926,0.31426445891526766
COLO320_LARGE_INTESTINE,Mutant_and_Non-functional,Missense_Mutation,R248W,R248W,,-0.1512,0.026732379422009928,0.931845135,,,-0.30690855113386273,-0.30690855113386273,,,,,,,,,,,,,,,,,,,,,,,,,-0.9104727423472477,-1.986196578730886,-0.03551867130132381,-0.7588596285887482,-0.17440894337237164,-0.4913470445219412,-0.8187901164985123,-0.7286839908408498,1.4630911193718226,0.8407435348676913,0.22444899948987598
COLO668_LUNG,Mutant_and_Non-functional,Missense_Mutation,G245C,G245C,"A347P, G245C",-0.7616,-0.32949761718719883,1.114821698,,0.5847153842670016,-0.49451403448823983,-1.0792294187552414,,,,,,,,,,,,,,,,,,,,,,,,,-0.30362600837936793,-0.16884557029462322,0.07611350259292998,0.44413823040876604,-0.7560270696231635,-0.7724799398036949,-0.6514898719064303,-0.11626833225214464,-0.07246603269517639,-1.8012287968765988,-1.3174744905411344
COLO678_LARGE_INTESTINE,Wild-type_and_Functional,WT/High_Functional_Score_(Z>0),,,,-0.1941,0.21986678299950427,0.222209476,-1.2382945903488165,-0.6044476392541714,1.8062415543786985,3.648983783981686,,,,,,,,,,,,,0.153219228133459,-0.181663280891222,0.0224717950528613,0.199740513622845,0.0931153770604384,0.428290766420397,0.169560845541526,-0.591854780038714,-0.594174072370502,0.243136889028939,-0.0526503184812909,-0.831212257247707,2.8961449720391035,1.6696400937623068,2.7182044349550947,2.200922118210014,2.1497511586085998,1.5779018536573206,0.38205868366313334,2.5438564518272013,1.430267472261685,1.2772915468222963,1.0226183123589243
COLO679_SKIN,Wild-type_and_Functional,WT/High_Functional_Score_(Z>0),,,,-0.0959,-1.484265990916866,-0.243655451493879,0.7543114788946425,-1.1531278852953586,0.7936778405608482,1.1924942469615645,-1.220193726,0.168222036,0.42322748,1.966087619,0.96879106,0.148149413,0.417288834,0.236120551,-0.69640518,-0.314906583,-0.768064837,-1.285914737,1.52153320468291,-0.117208607079645,0.250387299703734,0.415921127301101,0.355418339434606,0.733754086634521,0.145027787220232,-0.678901815462628,-1.03898237831144,-0.0678599543898183,-0.117906897128655,-1.05134037860347,-0.032196336715203486,1.1240802916531003,1.9010765024856295,0.2866871094029945,1.2824289003674973,0.7671955708385019,0.6184593686202756,0.5490299105023945,0.7037579751551931,0.4883804924800799,1.041556461378868
COLO680N_OESOPHAGUS,Mutant_and_Non-functional,Missense_Mutation,R248W,R248W,,0.4938,1.4435507271819925,3.064244776,0.6720479255772518,0.6558801373203335,-0.18549430074881193,-1.5134223636463973,-2.280835838,-2.79631028,1.549194694,0.176219412,-2.017951791,-0.479050749,-0.356556285,3.593276526,-1.509603723,-0.025227367,1.386475804,-0.070234383,,,,,,,,,,,,,-0.11502883792384691,0.48168300117016505,0.18588711408993416,0.516811467237885,0.7729155435074927,-1.0974687926784445,-2.877694777452407,0.8066849780804374,-0.040716868004487844,-0.6826128562968903,0.009102720033230994
COLO684_ENDOMETRIUM,Wild-type_but_Non-functional,WT/Low_Functional_Score_(Z<0),,,,-0.0992,-1.3590931745675974,-0.690570403,,0.34517482548948697,-0.12941327395487592,-0.47458809944436287,-1.285122918,-0.082982675,-0.389891882,-0.809635357,1.205940976,-1.287102467,-0.40857882,0.733224783,-1.072519404,-0.411746098,-4.240192992,-0.37065067,,,,,,,,,,,,,-0.215243046116884,0.755561535375339,-0.24903938334452336,0.22947734413482002,0.13840385809672612,-0.32443799466442136,-2.0392328463473315,0.5371856023867524,2.4480324417981687,0.04389690509962409,-2.7481504299219055
COLO699_LUNG,Mutant_and_Non-functional,Missense_Mutation,R248Q,,,-0.6221,-1.5877626203305906,0.765085887,0.19176172540097228,,-0.5259056478629157,-0.717667373263888,-2.096737823,2.941609144,-1.511979182,-0.819533099,-0.464797999,0.694029721,-0.121306735,0.624349612,1.25542969,1.053911647,0.974333796,0.707490651,,,,,,,,,,,,,-0.624637777769269,-1.6381322418065787,0.11092720282415741,-1.1191735730697112,-0.039600635129278576,-0.8265681478444795,-0.9729857287340936,-0.2826887155926435,1.6396626061639294,-1.3560273531665012,-0.6757377623676037
COLO704_OVARY,Wild-type_but_Non-functional,WT/Low_Functional_Score_(Z<0),,,,-0.0529,-1.6521792547614895,,,,-0.5378553085324368,-0.5378553085324368,-2.139891981,-0.766877108,-0.485781214,0.302514609,-0.175031683,-1.407459018,,1.287894286,-0.513494894,1.060642113,-1.736064077,0.329792788,,,,,,,,,,,,,0.49405571847487545,-0.20283614523480728,-0.4268415895034596,-1.5082901381481753,-0.900202915415919,-0.13264982049118146,-1.092103406437419,0.3372503302200033,1.131619560785883,-0.5813951138175054,-3.035014874289099
COLO741_SKIN,Mutant_and_Non-functional,Frame_Shift_Ins,P322Nfs24,K321fs,,-0.0302,-0.3795678543010909,-0.17992574149388,,0.48366143493127073,-0.5310770043672004,-1.014738439298471,-3.520429139,-1.785948701,-1.899574788,0.198231992,-1.138636325,-1.892448413,,-1.278392453,-0.548730858,-0.273771564,0.17368559,-0.165450668,,,,,,,,,,,,,-0.7452440969310471,-0.9911608023653444,0.26001801494062576,-1.2188498336182858,-0.3101198690528097,0.7650547808511983,-0.595247468407346,-1.1537448965725499,-0.5077397562160326,-1.500642773756001,0.1558296530883878
COLO775_HAEMATOPOIETIC_AND_LYMPHOID_TISSUE,Mutant_and_Non-functional,Missense_Mutation,E285K,E285K,,-0.3947,-0.35802271511933415,,,,-0.06029977364754879,-0.06029977364754879,,,,,,,,,,,,,,,,,,,,,,,,,1.1424537440558344,0.23939631401552852,0.22378157493036513,0.3699239073418467,-0.6646171042959058,0.8199775341412711,-1.2369623654117277,-0.40582763031144686,-1.1040918254425547,0.21533404855116586,-0.2626657076974131
COLO783_SKIN,Mutant_but_Functional,Missense_Mutation,P27L,P27L,,0.0675,-0.2198695077001498,-0.279228676493879,0.6196983916480028,,0.8137876138121211,0.19408922216411828,-1.180602755,-2.813730307,-0.077835849,-0.691654263,-2.08723599,0.920885985,,2.884994055,2.738903372,-0.892776396,0.699572457,-1.472388211,,,,,,,,,,,,,1.757891658390398,1.0052209884948633,0.8013215497714221,0.19261463389099392,0.6926083046541465,0.20777207206604625,1.103551057782349,0.8148691750675066,0.6789096738034165,0.7715943924233617,0.9253102455888292
COLO792_SKIN,Wild-type_and_Functional,WT/High_Functional_Score_(Z>0),,,,-0.2016,-0.9922227666954819,-0.0740375694938795,-1.027234564665815,0.3786222594245539,0.8731265062389749,1.521738811480236,,,,,,,,,,,,,0.548845061441277,-0.140211189636679,-0.0510810895587778,0.28835554831205,0.0295815478327962,0.271778757919864,0.305736498414694,-0.440363116520485,-0.719242645482682,-0.349175338833346,-0.0570671785183996,-1.14353095647192,0.1501531201310555,1.2394528529813567,1.664114534038721,1.252991719138802,1.5909892919844248,1.7664607005615758,0.3816794745977027,-0.4059051262266152,0.6653685091123089,0.19823601597244375,1.1008504763369487
COLO800_SKIN,Mutant_and_Non-functional,Missense_Mutation,,,C135R,0.1819,0.6033136211513578,1.01202959450612,0.5897843722598611,0.6551684897898002,-0.22753252206784644,-1.4724853841175078,-0.647708285,1.043617995,-0.757771185,-0.43668841,0.84645496,-1.3781617,0.214583063,-0.356873012,0.374847313,0.55942042,-0.183702105,-1.095878077,-0.239343507256719,-0.30892480570928,-0.17975035817691,-0.147264011549948,-0.142141401212689,0.289869041014769,-0.0821741442975106,-1.07605545584809,-0.77362308730079,0.200322296080021,0.00299814406140223,-0.033591086574683,-1.2100534117826585,0.1981106450481923,0.4559881817295974,-0.38815446342487986,-0.7861911611933978,1.2471558480483538,-0.9686664717200456,-0.821542947570646,-0.5456600316024245,-0.12247608824463352,0.4386321579662313
COLO818_SKIN,Mutant_and_Non-functional,Missense_Mutation,C135R,C135R,,0.1857,-0.5274930039708048,,,,-0.2031443397925823,-0.2031443397925823,,,,,,,,,,,,,,,,,,,,,,,,,-0.8897159287902278,-0.39563185137459933,0.5962354265514217,-0.8566102116312291,-1.8194531626900123,1.6459354337622885,-1.3969984548429089,0.5399471797962085,-0.5869720898262109,0.13811881134832374,0.7905571099785407
COLO829_SKIN,Wild-type_and_Functional,WT/High_Functional_Score_(Z>0),,,,0.0267,-0.39399976583031415,-0.566765447493879,-0.5444555295405235,-1.0869446649557595,0.9833853211990977,2.614785515695381,2.863614931,-0.49092804,-0.603366398,2.401984209,0.598615481,-0.219096433,0.219136024,-1.933623023,2.568662197,-0.36134679199999997,-3.98285168,-0.739955248,,,,,,,,,,,,,1.5645809136768078,1.944592685231502,2.3690015621091414,0.12293195699479556,0.5841709667661953,1.3584164530946807,1.0134143781055311,0.4657762582851257,1.1933969274921103,-0.8783265956235662,1.0792830270577523
COLO849_SKIN,Wild-type_and_Functional,WT/High_Functional_Score_(Z>0),,,,0.1821,0.7367435565633257,,,,1.1018704119703728,1.1018704119703728,,,,,,,,,,,,,,,,,,,,,,,,,-0.5209170965801198,1.4430079429337772,2.4730936888947586,0.8176017494567754,1.6184925240954495,1.4253252113419128,2.3119533518137794,0.42069143877261356,1.1587269614245506,-0.08535639003555978,1.0579551495561639
CORL105_LUNG,Wild-type_and_Functional,WT/High_Functional_Score_(Z>0),,,,-0.8745,-1.037877360851298,-0.431270912,-0.4713323710361756,-0.028440128040504466,1.1328706394528245,1.6326431385295046,1.783969152,0.884858201,-1.032928433,-0.392504886,0.648896014,0.237822963,-0.220284163,-0.691258353,2.440387451,1.652923038,-3.691462134,-0.893964125,,,,,,,,,,,,,1.0980757777220218,1.0607424673005772,1.3032770921673367,1.8207209955278731,1.795756658225008,1.0790615020396717,0.5899858093142725,1.1155145779643134,0.32476384996105,1.5444515688481542,0.729226734910789
CORL23_LUNG,Mutant_but_Functional,Homozygous_Deletion,,,,-5.154,1.7016959223791612,-0.449439230493879,,-0.8119640591576857,-0.7964213757722358,0.01554268338544984,-1.333819812,-2.180670681,0.628308709,-0.513890803,0.899506861,-0.080448853,,1.329464805,-2.80977121,-0.348875636,1.890864774,-0.280224893,,,,,,,,,,,,,-1.5625793431142954,-0.9462063479639578,-0.9097962131856104,-0.6701424050767367,0.33517445943807495,-1.5707164233179405,-0.014353979166116217,-1.6118546683973922,-1.2292367928357937,-1.0159200761158518,0.4349966562410241
CORL24_LUNG,Mutant_and_Non-functional,Missense_Mutation,Y234C,Y234C,,0.0921,-0.5955423265596173,0.0184348519999999,,,-0.07717628928548931,-0.07717628928548931,,,,,,,,,,,,,,,,,,,,,,,,,0.5374222552124808,1.4500226898106596,-0.6296878055352709,0.1064689109582439,-0.1319522308283064,1.2581258848759453,-0.015235147052260985,0.2497270719737796,0.620880459937034,-1.0808925999149976,-3.2138186715776897
CORL279_LUNG,Mutant_and_Non-functional,Splice_Site_Mutation,X126_splice,Y126_splice,,0.2119,0.6620207936990902,0.392714596,,,-0.30204513448737663,-0.30204513448737663,-1.987466743,-1.634315282,-0.389891882,-0.344005947,0.505972609,-0.326427556,0.339848895,1.012737038,2.34655685,0.322626823,-0.509139887,-0.341076215,-0.357402611728149,-0.312101819879034,-0.0720905268297582,0.00996673953963474,0.042543648676239,0.195228440949782,0.0694730989550287,-0.719048901779264,0.134188288167602,0.330577082101538,-0.0995924354204058,-0.250630673369995,0.5485975876719253,0.35109826947369394,0.7540758514488232,0.003960825080407419,-0.20333171430185534,-1.2845520668230919,0.05197253592552289,-0.2623250930189332,1.217337291199452,-1.8460882915125283,-2.653241674504559
CORL311_LUNG,Wild-type_but_Non-functional,WT/Low_Functional_Score_(Z<0),,,?,0.2583,1.064242999016242,-0.25653867,,,-0.8275882891371146,-0.8275882891371146,,,,,,,,,,,,,,,,,,,,,,,,,-0.9686111118795812,-2.187203058226308,-1.0345464899814345,-0.020637596157347345,0.07581558473249106,-2.2321600551011325,-0.21791910458484934,0.7929242169275164,0.8815561627095049,-1.2856121731953494,-2.9070775557517696
CORL47_LUNG,Mutant_and_Non-functional,Nonsense_Mutation,R306*,R306*,,-0.9487,-0.26028108113034437,,,,-0.43343305862226295,-0.43343305862226295,,,,,,,,,,,,,-0.325896039565274,-0.321157925993544,-0.0730196936304098,0.367386660727942,0.076676102639684,0.222885249681763,0.26084588770657,-0.483498436294784,-0.348897199463715,0.1694168320527,-0.200742564237809,0.00727755698811862,-0.6262895038491769,1.121089315238208,0.09753434218501547,-0.22373171862643854,-0.9148478390039723,-0.4926774789773263,-0.5540298541509859,-0.5301981017361738,-0.0004488485315991627,0.458361045967817,-3.10252500336026
CORL51_LUNG,Mutant_and_Non-functional,Missense_Mutation,"L252P, F134C","F134C, L252P",,0.1106,-0.3207940473022805,,,,-0.19837838373701996,-0.19837838373701996,,,,,,,,,,,,,,,,,,,,,,,,,-0.0905432389617409,0.8316278485245288,1.1616007912966484,0.031523501659618106,-0.2960042800522764,-0.5595257629311318,0.0035992685240929527,-0.36997843885126425,0.8963589488414487,-0.5477211259907102,-3.2430997331664333
CORL88_LUNG,Mutant_and_Non-functional,Missense_Mutation,V157F,V157F,V157F,-0.8571,0.2257483838812864,0.870633947,,0.48294978740073746,-0.48358589202809843,-0.9665356794288359,-2.996640593,-2.339430475,1.563843354,-2.008449958,1.174664109,-2.816897585,-0.06603774,3.801920943,-0.36981926,-0.162639709,0.761730282,1.176643657,,,,,,,,,,,,,0.22024950878583693,-0.7433138967303566,0.0782523494638506,0.1907442867324608,-0.8393915038831584,-1.7303080836708369,0.27524228500717424,0.7515508234063264,0.5321855178195738,-0.8198539345909878,-3.2348021646489657
CORL95_LUNG,Mutant_but_Functional,Missense_Mutation,D259Y,D259Y,D259Y,-0.5673,-0.8928152714295512,0.16737065,-0.6533093223140405,,-0.3361188023311326,0.31719051998290787,,,,,,,,,,,,,,,,,,,,,,,,,-0.5848034361246808,0.7494812789993562,0.6363042632805642,0.04713573022056207,-0.6447506540982962,-1.1020527441201842,-0.4379370811314386,-0.3563957088548115,1.020114252305533,-0.4997422193041562,-2.524660506814907
COV318_OVARY,Mutant_and_Non-functional,Missense_Mutation,I195F,I195F,,-0.8124,-0.05492036635429388,0.162559469,0.4776067995543287,,-1.1093559955972099,-1.5869627951515386,,,,,,,,,,,,,-0.203065520566401,-0.324086369527367,-0.0714885648427512,0.0662166758026289,0.0520871704940943,-0.0165643550145683,-0.0158780301533279,-0.605637392758783,-0.0639247312613297,0.171333390814498,-0.0225093113563697,-0.0137684829370657,-1.3438625158278832,-1.9047278182248726,-0.5041890507646838,-2.0808331547750414,-1.0112106736878241,-1.2709937302368395,-1.0173805888883785,-2.619877548743224,-0.5914383550830543,0.9646455373637316,-0.8230480527012367
COV362_OVARY,Mutant_and_Non-functional,Missense_Mutation,Y220C,Y220C,,-0.6991,0.6196590520006928,1.475547137,-0.07247877919428328,,-1.0832726604391352,-1.0107938812448518,1.854441081,1.021051142,1.130322221,-1.375786241,0.663940583,0.57248544,,1.580471561,-1.545631507,0.421247931,1.679448989,1.184957761,-0.224488020243799,-0.158979926418563,-0.19337007603534,0.223692832016687,0.0123518580592632,-0.0108733777378532,-0.039634270723922,-0.391382551119712,-0.483172132088406,0.0449154930020421,0.103384926497152,-0.146609600086522,-0.7900345354616773,-1.0463394323833908,-1.8982237520248253,-1.2347214798743504,-1.5288342876199312,-0.31224637710961084,-3.396263174428257,-1.5336560537817328,-0.9468986290852127,0.9392203713611735,-0.1680019144226708
COV434_OVARY,Wild-type_and_Functional,WT/High_Functional_Score_(Z>0),,,,0.0168,-0.447793758185259,-0.310753827,-2.7647405241270624,,1.176058169158923,3.940798693285985,4.865730333,0.910592332,1.435172698,1.032532523,-0.92722054,-1.436360427,,-5.043889703,0.553085865,0.246651749,-5.313108305,-1.494163245,1.11305016538382,-0.015232468475926,0.183206004384367,0.266676670306453,-0.0709438579990423,0.577949547276687,0.153507589117962,-1.02374488128273,-0.757788192078998,-0.430772827437307,-0.458091894515713,-0.895540235862612,0.6748122426055828,0.7631485059810176,0.8131148150763123,1.0547195004014072,1.1061728959297492,2.368905611677741,0.42604035937329304,1.6156658837681526,1.7864324276505996,1.58273288911792,0.7448947291663782
COV504_OVARY,Mutant_and_Non-functional,Frame_Shift_Del,L323Gfs13,P322fs,,-0.7037,-1.0861862273083716,,,,-0.6705926550087902,-0.6705926550087902,-3.021978815,2.258664894,0.836953126,-0.752228449,-0.629892348,-2.362789148,,2.25035079,-1.942728946,0.122890374,3.119768513,0.645728737,-0.144640220936864,-0.171037422645891,0.000202553038598074,0.0691871959975292,-0.14172189731767,-0.0237456280381501,0.0372629056187166,-0.435256944508509,-0.274446345511763,0.18158499034074,0.0649966894184893,-0.005138873835707,-0.7347981696481589,-0.7350837053902918,-1.3505905252914179,0.10716008677531558,-0.4272260583012009,-0.8845509003819382,-1.487820121993409,-0.9289009711316584,-0.6879555292141041,-0.271503062278109,0.02474975175828029
COV644_OVARY,Wild-type_but_Non-functional,WT/Low_Functional_Score_(Z<0),,,,-0.4026,-1.2300222428302907,-0.384717292,0.2906441783784415,,-0.37844784775428586,-0.6690920261327273,-0.048261394,0.683340159,-1.253846051,-0.383161417,1.022238871,-1.622042081,,-0.0147318,-0.152979512,-0.338898712,1.874632476,0.658001938,-0.0827287291750487,-0.107249937201632,0.037779584330496,0.0733676571881214,0.0248808179330026,0.0681545694313128,-0.00978392334353808,-0.506759141961621,-0.0638663102321082,0.219286914985944,-0.0166126223305372,-0.0633696773190694,0.4393668658669318,-0.17337966966002633,0.018028295709654387,-0.4755310598271384,-1.0604210571751718,0.1551231522088149,-0.9353958081383523,-1.09407094740849,-0.5123788340620037,-0.5988455485944155,0.07457828578305334
CPCN_LUNG,Mutant_and_Non-functional,Missense_Mutation,G245V,G245V,,-0.048,0.45822598852336505,,,,-0.21904240855184032,-0.21904240855184032,,,,,,,,,,,,,,,,,,,,,,,,,0.4712310320558578,0.9477601384937767,0.03657128486079981,-1.308143036977857,0.8719356910201514,1.3081260306810891,-0.4425182773554232,-1.3305214570090336,0.04457554645138349,-0.13068575426907347,-2.8777976920219146
CW2_LARGE_INTESTINE,Wild-type_and_Functional,WT/High_Functional_Score_(Z>0),,,P47P,-0.0134,1.8399701823844692,-0.383465772,-1.694483386017983,0.5800185105654826,0.7498650269107777,1.8643299023632782,,,,,,,,,,,,,,,,,,,,,,,,,-0.2463079900090804,1.6599189653048985,-1.1840154887539278,0.636091904865686,2.1809322464466487,0.9923171755485015,0.9763921751279776,0.34805996314393456,1.0232777076287956,1.2730888243105811,0.5887598124045392
D283MED_CENTRAL_NERVOUS_SYSTEM,Wild-type_and_Functional,WT/High_Functional_Score_(Z>0),,,,-1.071,0.08289411593857933,-0.393520573493879,-2.253709359579638,-2.0708685406711242,0.714336443894508,5.038914344145271,-0.807259898,-2.388919189,-1.072915314,0.574860899,0.049845032,1.770508222,-0.320726456,0.814386273,1.976381271,0.32741733,1.349260291,-0.479050749,0.0783688096044614,-0.427985753151495,0.177410351340199,-0.1270650913127,-0.0799709770766617,0.0645128196326675,0.127116145362511,-0.896057432846039,-0.697259492678388,-0.135095829654045,-0.221982660768596,-0.0171443204486031,0.46531770570637637,0.5075489700606463,0.24217692127425214,0.6146309864510966,0.8249836244413681,0.7906233121119796,1.4039569722803182,1.2096459338418115,0.2495527668056608,1.318927213941476,0.23033647592460205
D341MED_CENTRAL_NERVOUS_SYSTEM,Wild-type_and_Functional,WT/High_Functional_Score_(Z>0),,,,-1.019,-1.032925310562048,-0.24925775549388,,,0.9340649421528227,0.9340649421528227,2.102676469,0.931971457,1.253450141,0.199696858,0.121385917,0.979480622,0.13211507,1.629960275,1.600267047,0.401452446,-4.909280401,-0.658793757,0.0246285468052228,-0.224053032599123,0.0225183146558079,0.0585349019296562,0.0318160885632497,0.15082461690117,0.130399879104717,-1.00107714967921,-0.719991499187405,-0.513062699019401,-0.713005765231013,-0.990186015738536,-0.2195349617149543,0.9680725638360552,1.0388440871656743,-0.07377287091333438,1.3174164092846476,0.8152484443953066,0.21136528512142194,0.5693191788872275,2.2818941792989125,2.3321096375968167,1.0337524107232747
DANG_PANCREAS,Wild-type_but_Non-functional,WT/Low_Functional_Score_(Z<0),,,?,-0.4606,-0.6346067735038587,-0.161364961493879,1.0401565530479988,,-0.6337138087192079,-1.6738703617672068,,,,,,,,,,,,,-0.238791577626581,-0.318210364094094,-0.0594929320673431,-0.0103839458162314,-0.114015621243646,0.0690188119182891,0.00917243099638954,-0.71703643264981,-0.89545934899423,-0.0741732546829331,0.0146807225075799,-0.318737823183297,-1.0052191676550717,-0.030469979155913172,-0.37942456236174416,0.517078141372031,-0.7568454545884584,-1.4445065729365474,-0.6114131727862354,-0.7067327492482793,-0.7883453170652513,-1.3706063626248468,-0.39436669886097053
DAOY_CENTRAL_NERVOUS_SYSTEM,Mutant_and_Non-functional,Missense_Mutation,C242F,C242F,C242F,0.2602,1.1703405931703637,2.070190917,0.4086383659650012,0.2666089381186092,-0.7971271850924976,-1.472374489176108,,,,,,,,,,,,,-0.118920067199314,-0.0596790738084222,-0.0788849524179677,0.101640321055022,-0.0829005761054197,0.293614335567793,0.0711735039494551,-0.769371058026147,-0.59496843551126,-0.0633429101491386,0.0197461165657394,-0.0265349642148448,-1.2237329741051883,-0.20148902256467982,-0.14017136703428457,-1.6652369366417532,-1.770585915694072,0.0701083905096477,-1.2919959030172596,-1.0591894076458193,-0.9173414085301999,0.06309629893420375,-0.631860790228068
DAUDI_HAEMATOPOIETIC_AND_LYMPHOID_TISSUE,Mutant_but_Functional,Missense_Mutation,G266E,G266E,"?, G266E",0.0285,1.0665096809270653,-0.182285213493879,,,1.1985794526130549,1.1985794526130549,,,,,,,,,,,,,,,,,,,,,,,,,2.81578087348714,0.11411511931766949,0.7286023352275617,1.3590445754800466,0.22696765252626316,0.6173402717272928,1.7012119443993499,2.780721669298108,1.8775225701614142,1.236047437701104,-0.27298047058234326
DB_HAEMATOPOIETIC_AND_LYMPHOID_TISSUE,Mutant_but_Functional,Missense_Mutation,R248*,R248*,,-0.505,1.0294553732569978,2.88668739550612,,-0.40504400119873485,-0.23937202387680287,0.16567197732193198,1.371827144,0.631475987,-0.681360611,-1.114881743,-0.798549885,0.096404014,-0.145180091,-0.740747067,1.492579606,-0.018671102,2.14147562,0.268585147,,,,,,,,,,,,,-0.45267545484154176,-2.2367729248029162,-0.2505023893437179,-0.14160424880343886,-0.010267341730746811,-0.8022695767456547,1.8807531891411156,2.2415909654065302,-1.9499718423397627,-0.8672455042805619,-0.04412713430413674
DBTRG05MG_CENTRAL_NERVOUS_SYSTEM,Wild-type_and_Functional,WT/High_Functional_Score_(Z>0),,,,0.0878,-0.3140106601825808,-0.300052825493879,-0.8593836780990182,-0.13604123465714218,1.4937985927819275,2.489223505538088,5.709018015,3.442830836,0.170280766,-0.030508802,-0.420060202,3.895751544,,0.127918427,0.610096863,-0.460442992,-1.627980727,-0.600990939,,,,,,,,,,,,,0.7402639554761516,1.6591907908886128,2.205489126905096,1.627345966077054,1.4385400441210683,1.7477499541753756,2.012522859478333,1.9778440905509722,1.1189514130605773,0.8299756899230756,1.073910629944884
DEL_HAEMATOPOIETIC_AND_LYMPHOID_TISSUE,Mutant_but_Functional,Missense_Mutation,S215C,S215C,,-2.691,0.3185079820780421,0.149034107,,-0.00040121533749138414,0.149816209329161,0.1502174246666524,,,,,,,,,,,,,,,,,,,,,,,,,-0.30554781647679163,0.8360891304483029,0.4022754126356013,0.009717902391371026,-0.07768346572990027,-0.7670493482539822,-0.5219636725430157,0.6293387179432557,-1.0932905909210422,1.3871235652573741,1.148968467869598
DETROIT562_UPPER_AERODIGESTIVE_TRACT,Mutant_and_Non-functional,Missense_Mutation,R175H,R175H,R175H,0.4212,1.6503807316043033,3.27334566250612,0.009784774123107406,0.6931704679202803,-0.5468317566243107,-1.2497869986676984,,,,,,,,,,,,,-0.308810126660564,-0.418137912352665,0.193010776992594,0.183053050446664,-0.0220670603802307,-0.0218775523517548,0.0749187464518409,-0.682718508529924,-0.694376697337026,0.200938152668836,0.0712054319085749,-0.120341447076353,-0.5061590434801639,0.007702744181802627,-0.21774858261054594,0.7470718833044822,-0.29662671368785304,-2.1682024423731203,-1.6010962265211766,-0.2704527389327708,-0.9345608847038879,-0.7708700290429372,-0.004207289001247188
DKMG_CENTRAL_NERVOUS_SYSTEM,Wild-type_and_Functional,WT/High_Functional_Score_(Z>0),,,,-0.0467,-1.1517423108526978,-0.390112239493879,-1.4759448554879457,-2.5106667145407147,0.8467094309311741,4.833321000959835,6.512714726,4.299579448,2.192152063,1.604226144,-0.154998651,4.275824866,,2.267770818,-1.14615861,-0.05910932,0.009014864,-0.663940583,4.31189671761314,0.590130321927203,0.965113983524594,0.572974232038335,0.508088947159154,2.46234784918438,0.0583666513256007,0.763018945832447,-1.01581123988494,0.0751538150965915,0.00911684878572108,-0.963585609729047,3.576984992343059,1.4543553275875571,2.153908888412193,0.14076012062280768,-1.3789918131021504,1.098510034805679,0.10513194780306051,1.831521330291577,-0.565545119578363,-0.2569632086195627,1.1541312396770584
DLD1_LARGE_INTESTINE,Wild-type_but_Non-functional,WT/Low_Functional_Score_(Z<0),,,,0.014,-0.7876028049005784,,0.6130508317839719,,-0.1686141669409266,-0.7816649987248985,0.8318063,-0.540812664,1.388455352,-0.909800513,-0.44975343,-1.859191997,,1.184561852,3.802316853,1.673510343,5.127030742,-0.650875563,-0.233006104093234,-0.275352642944083,-0.21461914870491,0.145645426353786,-0.0844633755397529,-0.0619728056495867,-0.0378432625335076,-0.615260111168746,-0.424851440492722,-0.0143044494151436,0.00232244242210659,-0.106533000486933,-0.2848406098209484,-1.0321988920311436,-0.6561845574688666,-0.6254073655463408,0.09111574828733986,-0.15421495352712047,0.5743165838563058,-0.2454110859123254,-0.6787266206330522,0.7448640330941844,0.4119318833517745
DM3_PLEURA,Wild-type_and_Functional,WT/High_Functional_Score_(Z>0),,,,0.0022,-1.041778807961891,,-1.0646270889009923,,0.8431986140285506,1.907825702929543,,,,,,,,,,,,,,,,,,,,,,,,,-0.4480785486658695,1.742372581708938,2.1502138705620966,-0.12306676826079319,0.44932985219188337,1.898161616786108,0.3180260546233602,1.513452960629082,0.3595645447229751,0.8093014276294155,0.6059071623868618
DMS114_LUNG,Mutant_and_Non-functional,Nonsense_Mutation,R213*,R213*,,0.0274,-0.581557976426799,,0.6388101262570947,0.7149468823545986,-0.1823776356767897,-1.536134644288483,0.368314803,0.466381638,-1.07727032,0.030069342,-1.476347308,1.961336702,0.016390662,-0.419268383,1.004027024,-0.157215746,1.302147035,-0.221630256,,,,,,,,,,,,,-1.0131608650748742,-1.8832169391557907,0.03978705573760364,-0.35074207792495704,0.41970130181237203,0.21117072735662354,0.05390255663136882,0.4641750251190061,0.18497010558265503,0.10051619160840032,-0.23325707413709346
DMS153_LUNG,Mutant_and_Non-functional,Missense_Mutation,T155P,T155P,,-1.064,-1.5366762078377663,-0.151703951,,,-0.673429625888096,-0.673429625888096,,,,,,,,,,,,,,,,,,,,,,,,,-0.7044635495788371,0.7584772671005476,0.2080564316567829,-1.0855100453807558,-0.6255642702802984,-1.0966100577117865,0.6110658878243442,-0.5267034548589059,0.32316466196010396,-2.20410543139106,-3.06553332410919
DMS273_LUNG,Mutant_and_Non-functional,Missense_Mutation,G245C,G245C,,-0.4434,0.015547786808635158,1.172892085,0.25075881919425214,0.6585843979363604,0.13170370502962483,-0.7776395121009877,-0.200647041,-0.774003483,0.224916306,-0.100165157,-0.437876139,1.803368728,-0.157096973,2.339034565,4.841975751,-0.58634228,3.484005446,1.000859746,,,,,,,,,,,,,-0.9487389547268728,1.376319302642315,0.21681393977500216,-1.5667770366846403,0.4886823764764721,-0.23083588329867016,-0.24290635164480304,-0.9340534022482775,2.4627707589849464,1.0429049292278696,-0.21543892317746824
DMS454_LUNG,Mutant_and_Non-functional,Missense_Mutation,V157F,V157F,,-0.6636,0.06726167371577361,-0.227631731,-0.8826501376231289,,-1.057791737473944,-0.17514159985081512,,,,,,,,,,,,,,,,,,,,,,,,,-0.7822784045981275,-1.5654082492281385,-0.4698980218618247,-1.6591732747820103,-1.1646662779277894,-0.43408998350560046,-1.11529434234639,0.6447227043463309,-0.5190791273492857,-1.3775238872559332,-3.193020247704616
DMS53_LUNG,Mutant_but_Functional,Missense_Mutation,S241F,S241F,E56*,0.4331,0.06387109073010902,1.549333372,-1.6637384216468365,,-0.8680143125871974,0.7957241090596391,-2.146622446,0.960872866,0.513890803,1.094294438,-1.532170577,0.768460747,0.211692922,-1.415377212,-5.657549753,-0.182158057,1.064997119,0.162164617,,,,,,,,,,,,,-0.05377074549531398,-0.17457023483065268,-1.6542499345337494,-2.3768432577866245,-0.1500843787592669,-0.877959202398435,-0.3656626828083267,-0.272443546158927,-1.7859270297544,-0.565302080100282,-1.2713443458331917
DMS79_LUNG,Mutant_and_Non-functional,Frame_Shift_Del,R280Efs65,G279fs,,0.1,0.6341509345358863,-0.629311086,,,-0.7558390520195949,-0.7558390520195949,,,,,,,,,,,,,,,,,,,,,,,,,-0.3607345753891341,0.9858818896223529,-1.247283195032082,-0.02774255701708854,-0.865324465383635,-2.317997267190903,-0.9073781764948312,-0.4920784894099687,0.22566702262130667,-1.0961242060366518,-2.2111155525049084
DND41_HAEMATOPOIETIC_AND_LYMPHOID_TISSUE,Mutant_and_Non-functional,Missense_Mutation,R248Q,R248Q,,0.1161,0.9954751349299764,0.259490595,,,-0.2426148545483859,-0.2426148545483859,-2.493439352,-1.078853959,-0.094820375,-1.032532523,-0.557440871,-0.887629569,-0.356160375,0.682944249,3.341082041,0.26423014,-0.558232691,0.844871321,,,,,,,,,,,,,-0.28533024830848575,-1.1854650431708744,0.1811120140990407,1.2167548767608287,0.5559850083027569,-1.3469857273567523,-0.40871935143402666,-0.9960983075196598,0.7108862706062224,0.23581253184583342,-1.3467154238571288
DOHH2_HAEMATOPOIETIC_AND_LYMPHOID_TISSUE,Wild-type_and_Functional,WT/High_Functional_Score_(Z>0),,,,0.0519,1.4781850937037588,-0.394410877,,-2.2725494508242665,0.4982845873523992,2.7708340381766656,,,,,,,,,,,,,,,,,,,,,,,,,0.6724338672880732,-0.33383775678460126,1.5002223331111944,-0.23261087882764095,-0.40039845928178364,-0.14678871029432905,0.5408913871005507,2.1523868835948243,0.26704981760437296,1.3521052283041581,0.10967674906157218
DU145_PROSTATE,Mutant_and_Non-functional,Missense_Mutation,V274F,V274F,P223L,0.1957,0.41562436280108644,1.04891371950612,0.7135951747274496,0.6917471728592122,0.02950822846018375,-1.375834119126478,-0.133936255,-1.177039567,-0.584362732,0.16675717,-1.686179454,2.651407326,-0.128710247,2.355662773,0.617619147,0.005720895,1.046785273,0.981460171,,,,,,,,,,,,,-0.19080613540963648,-0.03543188099088387,0.3510630968602504,0.19651859808610728,0.16141173617303436,0.34016239523564185,-0.11010865210708347,0.28224498632380624,-1.1132616374905366,-0.12606536989283953,0.5688633762741611
DU4475_BREAST,Wild-type_and_Functional,WT/High_Functional_Score_(Z>0),,,,-0.0167,-1.3709563280077792,-0.263536706493879,,-2.483481778874341,-0.39710729508370723,2.0863744837906335,,,,,,,,,,,,,0.341088139203495,0.087835915340954,0.0385773209469771,0.364523979584657,0.583493240533063,-0.00962259153259087,0.191929047769052,-0.92103678452963,-1.56119959296747,-0.494784999921956,-0.148531553594357,-0.712100332886046,-0.5722648325292058,0.5349198327447829,-0.4051823107253212,-0.26072958004709396,-0.7675722382397427,-0.7328934673266169,0.5284180391997948,-0.17134069964254167,-1.4717116588248125,-0.17554524890500317,-0.8742780816250191
DV90_LUNG,Wild-type_and_Functional,WT/High_Functional_Score_(Z>0),,,,0.0233,-0.8718865009202625,-0.21740254849388,-3.395760144220259,,1.4015337417663434,4.797293885986602,,,,,,,,,,,,,,,,,,,,,,,,,1.9023515478474444,0.9296467998886799,-0.06803009117979904,0.9731671033710874,2.558192642268306,1.5881099143877373,1.16596930834415,2.6963977356578335,1.4809167827104843,1.1576966823041037,1.0324527338297493
EB1_HAEMATOPOIETIC_AND_LYMPHOID_TISSUE,Wild-type_and_Functional,WT/High_Functional_Score_(Z>0),,,,0.0096,1.4672337216691547,1.535281451,,,1.1278073122586518,1.1278073122586518,,,,,,,,,,,,,,,,,,,,,,,,,0.8793240418755226,-0.8900950478810528,1.7967080388949843,1.76708684058896,2.1384063746097413,1.0896565982480193,2.7874223369455713,1.0149625807908844,0.49893476394770436,0.35240545171280224,0.9710684551120347
EB2_HAEMATOPOIETIC_AND_LYMPHOID_TISSUE,Mutant_but_Functional,Missense_Mutation,G244D,G244D,G244D,0.0001,1.2632267968241648,,,,0.8803648159778933,0.8803648159778933,,,,,,,,,,,,,,,,,,,,,,,,,0.11448300224632374,-0.34290777595144845,1.9465852266051915,1.7916408161376898,2.0265846646605445,0.8147404603305227,1.9191508469658225,0.8808705609808785,-0.2914464451809237,0.15930209903936726,0.6650095199228557
EBC1_LUNG,Mutant_and_Non-functional,Nonsense_Mutation,E171*,E171*,E171*,0.1111,-0.2638071541665336,-0.287052447493879,-0.3624785782626586,,-0.47991194388714936,-0.11743336562449075,-1.29620839,-1.264535613,-0.004802385,0.442627056,-0.483009846,0.87337682,0.074351843,0.759750733,-1.414585393,0.347489952,2.71475288,-0.727682047,,,,,,,,,,,,,-0.85373347115735,0.34296152718371964,-1.6224980461022385,0.34686385117726026,-0.8930910348020196,-0.19276126815725886,-0.16408347307329196,-0.6465288955832007,-0.8893072668047558,-0.9912910780425296,0.28443777260302144
ECC10_STOMACH,Wild-type_but_Non-functional,WT/Low_Functional_Score_(Z<0),,S20S,,1.018,-0.45480259186443794,-0.417490642,-0.33422644884052544,0.2530876350384761,-0.27825997530067403,-0.1971211614986247,-3.135208992,-0.096918697,-0.961664685,-2.575788572,0.494887137,-0.90029868,0.503993061,1.153284985,-1.674698072,-0.550710406,-0.255045035,-0.015210851,,,,,,,,,,,,,-1.0657533667849584,0.2050258747548492,-0.38815601586691845,-0.3681130858944333,-0.4865124187610399,-0.8828092407312524,-0.48442197506542145,0.7393672088512963,0.9271034724699526,-0.7779702807397504,-0.4786199005397388
ECC12_STOMACH,Mutant_and_Non-functional,Missense_Mutation,V216M,V216M,V216M,-0.8461,-1.6485121388038528,-0.358269664,0.6678932006622313,,-0.19649685721393056,-0.8643900578761619,,,,,,,,,,,,,,,,,,,,,,,,,0.08596913917943652,-1.6609289555324174,2.1611015406802223,-0.9339874350578986,-1.178368684486472,-0.641843371143472,1.317743900852749,0.6600030137818153,1.0153901112680217,0.4089855824217814,-3.395530271317002
ECGI10_OESOPHAGUS,Mutant_and_Non-functional,Missense_Mutation,"Y234C, R273L","R273L, Y234C",Y234C,0.6513,2.513150277266828,1.874655924,0.30310835312349965,,-0.24967453039587503,-0.5527828835193747,-1.622042081,-0.254332398,-0.023307205,0.569714072,0.54595949,-1.138240416,-0.215810383,-1.216234628,1.736459987,0.176734094,0.606929585,0.690070624,,,,,,,,,,,,,-0.12542975153715016,1.073881161018418,0.39749952311097975,-0.43400064518088305,0.5003898034339493,-1.8329571493332122,-1.8149241082655982,-0.12814510487278968,-0.31811688963568385,-0.9814760242263474,0.9168593511336924
EFE184_ENDOMETRIUM,Mutant_and_Non-functional,Missense_Mutation,R282W,R282W,,-0.1171,0.8534793408319844,0.961894265506121,0.8897555111242856,,-0.5021428999021643,-1.39189841102645,-1.410230386,-0.429562035,1.217026448,-1.055891196,2.479582512,0.582779093,,2.907956818,-0.4770712,-0.360792519,0.821512648,-0.201320087,,,,,,,,,,,,,0.22864318019413452,-0.46770837553455935,-0.6937908384983397,-1.1231301464477514,-0.45883628841791,-1.1820602343236264,-0.7214046253802043,-0.558936519358583,-1.4121486213046668,0.033246527554404326,0.832554042593294
EFM19_BREAST,Mutant_and_Non-functional,Missense_Mutation,H193R,H193R,H193R,-0.4606,-0.7535026245616174,0.0100786375061206,,0.6624272946012402,-0.7582561180020889,-1.4206834126033292,-1.969254896,-1.453780454,-0.387833152,-1.07766623,1.197230962,-1.666383968,,2.707230595,-5.012216926,0.449357521,1.636294831,-0.031811345,-0.0970897822080432,-0.42543796113706,-0.0112581634860919,0.0728078185149617,0.0391050606481008,-0.259159118241736,-0.27524681835175,-0.493276688583492,-1.03768954720644,-0.000127765623937349,0.0315730501358608,-0.255542330232078,0.17084654709212646,-1.7834606849967858,-0.7488252870540998,-0.9557612874054144,-0.9635998205118433,-0.8725769902834639,0.42838685246313735,-0.5793996299314963,0.24746737550991285,-2.6428004863679546,-0.641093886537096
EFM192A_BREAST,Mutant_and_Non-functional,Frame_Shift_Ins,E271*,F270fs,E271fs1,-0.4983,-1.199411486579426,-0.820533474493879,0.34964127217172136,,-0.35332611933728386,-0.7029673915090052,,,,,,,,,,,,,,,,,,,,,,,,,0.8706722308518443,0.25258780037855044,-0.6437809825917271,-0.5165517096319319,-1.3557862103809224,0.01222239684167011,0.6658999570775396,-0.6603797195564535,-0.6799291455408193,-1.014797609854957,-0.8167443203029158
EFO21_OVARY,Mutant_but_Functional,Missense_Mutation,,,C124R,0.0632,1.9609705715220944,2.15227443750612,0.1776356606899042,-0.04523500976109017,0.1907647480373667,0.0583640971085527,-1.311252959,-2.596771786,-0.257182947,-0.711449748,1.404291741,-0.779942128,,2.002511312,-0.836557217,-0.157730428,2.149393814,2.966551455,-0.058808851081643,-0.154509976338045,-0.110690462390441,0.159299159106035,-0.0243151173532963,0.0370720139355125,-0.0253346565801703,-0.430459212429563,-0.431443392688564,0.139262765268242,0.0830950811148361,-0.0777639331954644,0.829673964322249,0.35057823157806356,0.10615605050190707,-0.917591511082323,-1.3379847857349616,0.35825630382889223,-0.5129897886478048,0.49997394895853825,0.8462961267132655,0.4750936244150878,1.4009500635581196
EFO27_OVARY,Mutant_and_Non-functional,Missense_Mutation,"R273C, X33_splice","R273C, S33_splice",R273C,0.0941,0.42429794718302155,2.52224867950612,0.7468329740476066,0.5020219412190305,-0.17112891189494123,-1.4199838271615786,-0.619598696,3.238145516,0.597427752,0.570109982,-1.572949277,-0.991753823,,0.374490994,1.535337855,0.601386849,1.094690348,0.047786302,-0.0933917263058224,-0.177171476003713,-0.14365609451137,0.229352834781796,-0.141167374552402,0.183625400809255,0.0344502155024447,-0.525010869455355,-0.410587038519019,0.296325953250958,0.0641199285146671,0.0808546523646579,0.05076293768533558,-0.5080741174893215,-1.2487335684916177,0.293602495793224,1.1941896226197561,-0.38206999630000593,-1.5609482887037185,-0.469886382135117,0.047505301848414706,0.47949212592579543,0.22174183840290135
EHEB_HAEMATOPOIETIC_AND_LYMPHOID_TISSUE,Wild-type_and_Functional,WT/High_Functional_Score_(Z>0),,,,-0.0002,0.3206447268092645,-0.324967982,,,1.2000820367552347,1.2000820367552347,,,,,,,,,,,,,,,,,,,,,,,,,2.1600612367510825,1.824407497823613,2.6405064207183493,1.5309078914431067,1.3080967512454138,0.52395586781788,0.44258636879757224,1.0103065424281839,-0.021030559276147453,0.7865519079464268,0.9945524786120991
EJM_HAEMATOPOIETIC_AND_LYMPHOID_TISSUE,Mutant_and_Non-functional,Missense_Mutation,K132N,K132N,K132N,-0.2646,0.2629759411241562,0.0438882139999999,,,-0.4291427657642959,-0.4291427657642959,,,,,,,,,,,,,,,,,,,,,,,,,-0.3679431930471084,-0.08186756351739768,-0.3166226809834952,0.44468518450022826,-1.3711351401038012,0.3132150500847317,-0.4289357977372814,-0.8319095970875992,0.046223981563222265,0.6497415434501139,-2.7760222105288674
EM2_HAEMATOPOIETIC_AND_LYMPHOID_TISSUE,Mutant_and_Non-functional,Missense_Mutation,R248Q,R248Q,,-0.7977,0.23401216638909322,1.436196099,,0.44509013877636505,-0.4057567418767745,-0.8508468806531395,,,,,,,,,,,,,,,,,,,,,,,,,-0.870292071040743,-1.7675136652801378,-0.7683030841399706,0.3492838735918893,0.058656100189318265,-0.5328082200952428,-0.678136432622631,0.3622877942720615,0.5056081951744995,-0.9572646880175465,-0.1648419626760168
EN_ENDOMETRIUM,Mutant_and_Non-functional,Missense_Mutation,,,R273H,0.0369,1.3722096627099474,0.832793311506121,0.6371482362910862,,-0.42928726531320166,-1.066435501604288,-0.565754975,-1.839792421,2.191360244,-1.069352126,-0.290241408,0.651667382,-0.510327616,1.387267623,1.823560123,0.240040057,0.078033804,-0.457275715,,,,,,,,,,,,,-0.3923856156322651,-1.0622652136795636,-1.2738533736024422,0.3425879944821472,-0.3533009808565133,-1.4610644344767614,-1.1080345711053203,0.14394095880017319,-0.3822509544485689,0.3394709858459981,0.48499528622789845
EOL1_HAEMATOPOIETIC_AND_LYMPHOID_TISSUE,Wild-type_and_Functional,WT/High_Functional_Score_(Z>0),,,,-0.0329,1.2079479667843758,-0.43787804,,,0.4802711500809578,0.4802711500809578,,,,,,,,,,,,,,,,,,,,,,,,,0.487283457817989,-0.05382192587416944,-0.11842366047853659,0.5538791718841493,-0.7842431744450205,0.3412146479412663,0.4684964309820696,1.5210622217049663,0.9318106008691562,1.050644725654728,0.8850801548339371
EPLC272H_LUNG,Mutant_and_Non-functional,Nonsense_Mutation,,,Y107*,-0.015,-0.8431348458544633,,1.2653426434420685,0.6410778686852414,-0.9234029293188839,-2.8298234414461936,-0.395078299,0.132946481,0.404619723,0.265576233,0.426790667,2.326761364,-0.557836781,2.445138368,2.506504373,0.264467686,-1.190896407,0.76410574,-0.188092596310922,-0.33847182826826,-0.183830952031364,0.24333741535983,-0.0548205510502564,0.102081864820698,0.0513151328944716,0.13146883794109,-0.606434158543279,0.149894384344481,-0.125708951110653,0.00106934523947446,-0.4361122617265585,0.952129184991488,-1.3278116876860486,-0.5536838151745376,-0.67947925899609,-0.46915297883436535,-2.550644494198154,-2.0664635098923854,-1.8584778735196377,-1.0632985938721577,-0.10443693359927657
ES2_OVARY,Mutant_and_Non-functional,Missense_Mutation,S241F,S241F,,-0.1116,-1.0722474107171225,1.70047521550612,0.7518186439456305,,-0.5338913704428898,-1.2857100143885203,-3.177571331,-1.144179061,-0.672650597,-0.19407494,-0.68254834,-0.760146643,-0.262131819,-0.702343825,1.253054231,-0.012574092,4.339170419,0.557836781,-0.0467369200196486,-0.150539214271248,0.00264961384331935,0.0810224924469124,-0.238987568589908,0.00316429891556498,0.0376776507769043,-0.611572304800284,-0.389665569088217,0.06623122453151,0.0293384275588591,-0.0737851024442808,-0.5610417304612219,-1.7106232185718075,-0.501810185640252,-1.3510358480509392,-1.0133226920923009,0.35253543567073187,0.3568445687518957,-0.5652639561078941,-0.6955395842913824,-0.2604350228683727,0.07688715878975419
ESS1_ENDOMETRIUM,Mutant_and_Non-functional,Nonsense_Mutation,R213*,R213*,R213*,0.0051,0.006685404815314752,-0.427915035493879,0.9163457505804119,0.49006626270607145,-0.24141540548987453,-1.647827418776358,0.127601699,-0.097948062,-0.547147219,0.086189544,-1.313232507,1.999739944,0.397889258,0.299347332,0.753812087,0.106578894,-1.034907981,0.134292574,-0.100337333731154,-0.241686378339684,0.0292794493338474,0.165458322298856,0.0175244480988759,0.224375540461223,0.06011873720722,-0.47727668062908,-0.87571404679644,0.0363084290122887,-0.0713374665825549,-0.128060394190058,-0.822855931114042,0.6290715711464456,-1.047004542685851,-0.6805617444608614,-0.7539443109195048,-0.30566677398479253,-0.27988581140399854,-0.271265398799944,-0.6281041722447389,0.7935085883773126,0.7111390657013539
EVSAT_BREAST,Mutant_and_Non-functional,Missense_Mutation,S241C,S241C,S241C,-0.4721,0.1283910085601769,,,,-0.6346788112231537,-0.6346788112231537,,,,,,,,,,,,,,,,,,,,,,,,,0.11193467735996998,-1.614779081464295,-0.7963291629059672,-2.0321878016653856,0.47231113054017576,-1.4135437347021103,-0.13363166994329476,0.7659524967225326,-0.19043435292851182,-0.8052879770659077,-1.3454714474018967
F36P_HAEMATOPOIETIC_AND_LYMPHOID_TISSUE,Mutant_but_Functional,Splice_Site_Mutation,X126_splice,R346W,,-1.051,-0.009580064692727852,0.0728309599999999,,,0.022052537715357513,0.022052537715357513,-2.875492222,2.949131428,0.773607573,0.460442992,0.858332251,-1.906701162,,-1.037679349,0.155671698,-0.193995758,2.814126217,-0.360159063,,,,,,,,,,,,,-0.7849075703604722,-1.0166827088441308,0.5299153828782961,-0.7510181391680323,0.25901145820963434,0.18750108890943773,-0.5534862480918721,0.04332089089044622,1.0211941071370794,0.8006218920073915,0.5071077613011545
FADU_UPPER_AERODIGESTIVE_TRACT,Mutant_and_Non-functional,Missense_Mutation,"R248L, X225_splice","R248L, V225_splice",R248L,0.0376,0.15947597998787735,1.34771370050612,0.664569420730216,0.6890429122431868,-0.03565997614479361,-1.3892723091181964,-1.349260291,0.725306588,-0.175110865,0.39226734,0.020832769,-0.468757096,-0.211574149,0.909404603,-1.54088059,-0.617619147,2.031016811,-0.034167008,-0.198976672034005,-0.4612666981499,0.0150924829897067,0.193998035255336,0.107554807783015,-0.0547296131461946,0.0898350112063686,-0.167034640863983,-0.338706758493455,0.302213957236663,0.107877754133572,-0.0875683329854747,-0.3022406897317037,-0.4902174603659651,-0.7454010792729319,0.860558961426199,0.8863935298544915,-1.1467795315385252,-0.21768018095402883,0.7381963921869915,0.2514796719445393,0.046794434284719855,-0.273363785426516
FTC133_THYROID,Mutant_and_Non-functional,Missense_Mutation,,,R273H,0.0083,1.0083100407817063,1.793704706,0.735199744285552,0.6185898067203883,-0.3818126257877456,-1.735602176793686,,,,,,,,,,,,,,,,,,,,,,,,,-1.4475335901158557,-1.2207541958201005,-0.3797356386508335,-0.8442905922775956,-0.3701767349675143,0.626375131165232,0.7142732244789695,-0.42403393416559704,-0.26476436049995367,-0.41366471941356564,-0.17563347339838725
FTC238_THYROID,Wild-type_but_Non-functional,WT/Low_Functional_Score_(Z<0),,,,0.2805,-0.2792052652363819,1.760358105,0.7393544692005709,,-0.5401612096399153,-1.2795156788404862,,,,,,,,,,,,,,,,,,,,,,,,,-1.2507494436736055,-1.015577704167418,0.3774793163535249,-0.8930801671128608,-1.6335645100800413,0.29654833481635184,-0.7798192611558292,1.0008782218300296,-0.1809457777627601,-2.093787881038481,0.23084556595202085
FU97_STOMACH,Mutant_and_Non-functional,Missense_Mutation,Y220D,Y220D,Y220D,-0.6425,-0.8859186057430205,0.549476719506121,0.048008243341289815,,-0.15104433190989078,-0.19905257525118059,-0.85912407,-0.476279381,0.046004708,-0.738371609,-0.360079881,-2.330720461,0.557836781,-1.859587907,2.413861501,1.508415994,0.870209542,1.884134309,-0.207928637168737,-0.124170328263602,-0.136274819244476,0.171797160781287,0.0682068032826766,0.0857406050852011,0.0947034579858384,-0.43553983162617,-0.433465292341375,0.014780944118707,-0.0887818150292161,0.0346608044128824,-0.7106735986890583,-1.5654149241602875,-0.4934206002395846,-0.755164287015585,-0.13588810391708536,1.056855341493411,0.33744243555735476,-1.051679634569137,0.5781411308994129,0.20959119791403716,0.8687233917177232
FUOV1_OVARY,Mutant_and_Non-functional,Missense_Mutation,H179D,H179D,H179D,0.0631,1.1038693964979054,1.52369031250612,-0.045057594755152065,,-0.5077565451235443,-0.4626989503683922,,,,,,,,,,,,,,,,,,,,,,,,,-0.6775141411916394,-1.0117814882105172,0.7621188315426118,-2.0531262564702204,-0.6432672759325992,-0.5977092318007111,-0.1957507179765907,-1.199872769213548,-0.6174748549103384,0.35925771667755774,0.2897981911270087
G292CLONEA141B1_BONE,Wild-type_but_Non-functional,WT/Low_Functional_Score_(Z<0),,,,1.111,0.06471623768460867,-0.594924279,0.30310835312349965,,-0.6566212930512707,-0.9597296461747704,,,,,,,,,,,,,-0.219645842207575,-0.106070286156235,0.0295356275311204,0.247654724342398,-0.0263706554707255,0.0399017086970333,0.0699310186860467,-0.526719324365748,-0.296538456567001,0.135024482793503,-0.0995223466998435,-0.107159351955695,-0.3212318650653726,-0.6688216539443699,-0.7952380272929691,-0.7180920470949298,-2.0217077412906765,-0.38887940173984537,-0.21737878646560857,-0.8706648853666062,-0.8855994070556403,-0.34736089842126666,0.012140490173305702
G361_SKIN,Wild-type_and_Functional,WT/High_Functional_Score_(Z>0),,,,-0.5603,-1.1573718113945701,-0.101783385493879,-1.5100135997911064,,0.8567928903986559,2.366806490189762,9.482037549,2.872720854,0.92722054,1.709142217,0.885650021,2.479186603,-0.035798156,-3.561207839,-1.29620839,-0.820324919,-0.856748612,-2.588061773,,,,,,,,,,,,,1.072216802514386,0.40194183446678816,1.3208679036417268,1.0404678541575336,1.0699538196054548,1.3755790575691618,1.5549917783173415,0.5583304675647309,1.1113619855712018,-0.9319308855478506,0.85094117652474
G401_SOFT_TISSUE,Wild-type_and_Functional,WT/High_Functional_Score_(Z>0),,,,0.0505,-0.10550702046403754,-0.190916673493879,-2.4797263949567094,-1.9404947130774213,0.6484984615045923,5.0687195695387235,3.005350607,1.700432204,1.827123311,2.188588876,0.292894003,1.147742249,0.348044226,-4.794466585,-2.093570545,-1.229695559,-5.752568083,-0.335375115,3.0133676694796,0.0812351767027743,0.929697176575003,1.20303459885491,0.156905147466642,1.08370446261227,0.227149244081713,-1.30856726457533,-1.11308028031283,-0.591832172143487,-0.605600780696181,-0.566814144346537,0.6593753098765649,0.39731610648733545,0.01917075101501514,0.2786224844822793,0.9828450302983966,-0.011580285051053572,2.16854437432376,0.5227640314707037,0.8493073636937718,1.018550021753139,0.24856788820060208
G402_SOFT_TISSUE,Wild-type_and_Functional,WT/High_Functional_Score_(Z>0),,,,-0.0199,-0.016095803433932635,-0.0240317274938795,-2.1390389519250936,-2.1186912547229633,1.17309861029152,5.430828816939577,7.165965747,1.757047292,-0.690070624,2.424155153,2.312112705,0.546355399,0.356002011,-1.993801298,-2.64705232,-0.04402516,-5.705058918,-1.272057898,,,,,,,,,,,,,1.6467023826352583,1.1296817733503748,0.5180076351827498,1.4113426385835979,2.170574312357187,0.9893055557358551,1.6182473575669714,0.9405235653030016,1.4239396662131465,0.26524464136111636,0.7905151849174598
GA10_HAEMATOPOIETIC_AND_LYMPHOID_TISSUE,Mutant_and_Non-functional,Missense_Mutation,,,I232N,-0.3891,1.182432524892578,0.945065360506121,,,-0.08841200703676716,-0.08841200703676716,,,,,,,,,,,,,,,,,,,,,,,,,2.1721745071012877,-1.554998389135326,-0.46505502197026677,0.14497066936670186,-1.5727983180849079,-0.36650391317199005,0.9268473051515631,0.8424776184673892,-0.1479287238171209,0.1956517331857365,-1.1473695444975054
GAMG_CENTRAL_NERVOUS_SYSTEM,Mutant_and_Non-functional,Missense_Mutation,L265P,L265P,L265P,-0.3546,-0.9121214930551005,0.264949400506121,1.196374209852741,0.6513255931249204,-0.19472173251002414,-2.0424215354876853,,,,,,,,,,,,,-0.175322015230304,0.00697903547562033,0.0786518080171896,0.14529325467737,-0.0300011432067107,0.213432144363219,-0.0540376542101072,-0.290177055029419,-0.815781031918836,0.117575038757218,0.0457541773375491,-0.0887440360791298,-0.8559492460765588,0.45123620838923506,-0.2733775500639822,-0.4964014855161197,-0.8491766571626734,0.33340136923054403,-0.0026083619574002685,-0.08371166994453293,-0.7674027593081719,-0.5018174766934823,0.9038685714928768
GB1_CENTRAL_NERVOUS_SYSTEM,Mutant_and_Non-functional,In_Frame_Ins,,,N239_S240insN,-0.0124,2.9466518044939867,1.89143316,0.42027159572705586,0.42231741779929827,-0.20933817162863938,-1.0519271851549936,2.01953543,0.312372761,-1.47397185,-0.423623389,0.848038598,1.044805724,,0.017835732,3.892584267,1.542860139,2.649031868,0.98185608,-0.224676747101404,-0.0536311811143138,-0.123308574368063,0.184701751430177,-0.0192948623916156,0.0700673622772041,0.207689187512067,-0.595986648274311,-0.111469407942142,0.115675214556059,0.0909396676019747,-0.0400167762189484,-1.1169541193231514,-0.712049728167147,0.23997728030622584,0.14402642523865436,0.4075088731474023,0.26097735542280315,0.04471824458424263,0.43179429948366954,-0.20933808029468715,-1.5308710512005221,-0.2625093871125236
GCIY_STOMACH,Mutant_and_Non-functional,Missense_Mutation,"H179Q, E11Q","E11Q, H179Q",E11Q,-0.4715,-0.39089460041009805,0.61445076750612,,0.6402238916486006,-0.037931025458030204,-0.6781549171066308,,,,,,,,,,,,,-0.216973296348295,-0.190522762150974,-0.141430804145214,0.10382868839668,-0.194960350602136,0.000788291746210067,0.0979530861581467,-0.710693537582378,-0.567273135984193,0.0366449314897224,-0.0933564884615212,0.0150111627712663,-0.8413749222402186,-2.119019233133406,-0.11886658890031045,-1.0727740878380996,-0.47696045643046614,-0.672346604747867,0.9614156090033995,3.8540296219630483,-0.4895917481515364,0.16102495423050542,0.39722217620661876
GCT_SOFT_TISSUE,Mutant_and_Non-functional,Missense_Mutation,"R248W, Q317*","Q317*, R248W","N247N, R248W",0.1659,0.5276224375981285,0.935516309506121,-0.36912613812669093,0.697298023597372,-0.22393993546859922,-0.5521118209392804,,,,,,,,,,,,,,,,,,,,,,,,,-0.6329653066426646,0.3601725363246367,-0.4966624257294341,-0.363938819345662,-1.3926880130576298,0.36240484035795933,0.4600431375668585,-1.0492856391356837,-0.7649708474321525,0.4270886138620023,0.6274626330771782
GDM1_HAEMATOPOIETIC_AND_LYMPHOID_TISSUE,Wild-type_and_Functional,WT/High_Functional_Score_(Z>0),,,,0.0084,0.6555094972546245,-0.376018501493879,,,1.175581040521327,1.175581040521327,,,,,,,,,,,,,,,,,,,,,,,,,1.1197595054139837,0.3598509259574432,0.9705423138336288,2.046895129368869,1.0785765647706669,1.1084761983623876,0.06148235402014241,0.9457294057665604,2.8950072788668266,1.3956725815467341,0.9493991878273543
GI1_CENTRAL_NERVOUS_SYSTEM,Mutant_and_Non-functional,Missense_Mutation,C275Y,C275Y,C275Y,-0.1074,0.3462889953064771,0.678282460506121,0.3471484372227094,0.49903302159078994,-0.7527135824510974,-1.5988950412645968,,,,,,,,,,,,,-0.263718012768078,-0.202323530326892,0.0251070522650938,0.0537745694854743,-0.226337260466743,0.339732334300913,-0.0318705812804236,-0.226033673816725,-0.110288260551554,0.0280772557507148,-0.12843895678728,-0.000333018932088013,-0.7226398856283693,-1.4600948106488494,-0.9020564140436249,-1.7990411369768429,-1.460226495805657,-0.26420559841148883,-0.5504569594882617,-0.4828847510415144,-1.0144611882181571,0.2533412782223424,0.12287655507835211
GMS10_CENTRAL_NERVOUS_SYSTEM,Mutant_and_Non-functional,Missense_Mutation,Y236C,Y236C,,-0.1366,0.2502854099164283,0.828753802506121,0.32388197769859856,0.6846306975538798,-0.41292393236247055,-1.421436607614949,,,,,,,,,,,,,,,,,,,,,,,,,-0.9933576063960217,0.4020134382843899,-0.7487210686019178,-0.7491532343387682,-1.116568649729114,0.23209483288224084,-0.10883731535592953,-0.9648726899171746,-0.6082513187413845,-0.7649836071398811,0.8784739630663854
GOS3_CENTRAL_NERVOUS_SYSTEM,Wild-type_and_Functional,WT/High_Functional_Score_(Z>0),,,,0.0176,0.1917970204830654,-0.349820883493879,-0.5477793094725389,,0.4426172712970318,0.9903965807695707,,,,,,,,,,,,,,,,,,,,,,,,,-0.13688710841624466,1.215659753929235,1.1083672691759463,0.46616061579286683,0.31501452557468873,1.0919788111156024,0.32276835990115393,0.6218226614139922,0.03100751969978992,-1.0454566010972626,0.8783541771775814
GP2D_LARGE_INTESTINE,Wild-type_and_Functional,WT/High_Functional_Score_(Z>0),,,,-0.0069,0.2774656025109802,-0.568431066,,,0.07210056078745965,0.07210056078745965,-0.70986611,0.515870352,1.057078925,1.068164397,-1.438339976,-1.906701162,,-4.608389022,-1.928872106,-0.692446082,-5.491267675,-0.906633235,,,,,,,,,,,,,0.15274186545540475,-0.28507070250194755,-2.1133993267632825,0.14215698513500022,0.8478416573831861,0.4171461707677527,-0.8747815405872406,0.1628290172593886,0.6522025178659923,1.7168806592279269,-0.02544113458012453
GRANTA519_HAEMATOPOIETIC_AND_LYMPHOID_TISSUE,Wild-type_and_Functional,WT/High_Functional_Score_(Z>0),,,,-0.9594,1.5523714492368166,-0.325594195,,,1.1638490421039174,1.1638490421039174,,,,,,,,,,,,,,,,,,,,,,,,,1.469598396265237,1.0603255874472544,2.0877459619510685,2.1969220061978274,1.0645301350629763,1.0158779602675214,0.06415435315748001,1.0425794021275414,0.839496443802184,1.0746994386643334,0.8864097781996645
GRM_SKIN,Wild-type_but_Non-functional,WT/Low_Functional_Score_(Z<0),,,,-0.4459,0.15216395955629541,,,,-0.4134527176538492,-0.4134527176538492,,,,,,,,,,,,,,,,,,,,,,,,,-1.4170170780755538,-1.437256833706088,-1.30712511446161,-0.47819326589420597,-0.32776612861867704,0.30992524852232256,0.2766429473933599,-0.25970384605045826,-0.9447541412563956,-0.01700341552046843,1.0542717334754346
GSS_STOMACH,Mutant_but_Functional,Missense_Mutation,L194R,L194R,,-0.4811,-0.18624687426057887,0.277642248,-0.8303006036938799,,-0.1840582488822711,0.6462423548116089,-2.435240625,0.864666806,0.372392673,-0.963644234,0.761334372,-1.946688043,-0.133263208,-0.46321436,2.59162496,0.741538886,-0.420456112,0.772815753,-0.134358510099994,-0.130715538963908,-0.130051191906325,0.296445942822275,0.307225009449857,0.227697435980631,0.358730089600413,-0.615608493738724,-0.405783828999611,0.0757769083398269,0.0744118218429338,0.135766725665585,-0.6651114972512406,-0.9626564148398565,0.24219192241509654,-0.1769467350716585,-0.04697851302333897,-0.92598788623787,-0.16873919593441286,0.42894475373807495,-0.18863011786585343,-0.3512242706680618,0.7904972170341388
GSU_STOMACH,Mutant_but_Functional,Missense_Mutation,V272M,V272M,,-0.2476,0.33412376568807706,-0.502934487,0.1419050264207352,,1.022952574898522,0.8810475484777868,1.988258563,1.224152823,2.108615114,1.697264926,0.823096287,3.87397651,0.570901802,-2.266583088,-6.825483397,-1.99182175,-5.198294489,-0.577236357,,,,,,,,,,,,,1.2769830668144342,1.4132923586292019,1.6560549737366317,1.060149130901396,1.723236046419568,1.1391003805536377,1.2546549105567202,-0.5871209459117468,0.6478338514289155,0.7727690664173194,0.8955254843376639
H4_CENTRAL_NERVOUS_SYSTEM,Wild-type_and_Functional,WT/High_Functional_Score_(Z>0),,,,-0.646,-0.09419582239361539,-0.53996495349388,,-4.791354720393889,0.7185421101154073,5.509896830509296,,,,,,,,,,,,,1.86401527951756,0.168515499401725,0.21194111361093,0.686534538527897,0.626222185032258,0.861345518185766,0.406280457432582,-0.966177168974525,-0.893404367385506,-0.361651616015766,-0.822920841202985,-0.945742636500919,-0.06699374059775795,1.5465907536503618,0.738541775337575,0.1255415538789363,1.2679675149027556,1.0879633180320731,1.6978878371870685,0.23138567388913242,-0.11048032529327044,0.4885240637460073,0.8970347865365972
HARA_LUNG,Mutant_and_Non-functional,Missense_Mutation,V143A,V143A,V143A,0.148,0.4221223323553387,1.19171915450612,0.28482756349741417,,0.10797469819591324,-0.17685286530150093,,,,,,,,,,,,,-0.165519129898383,-0.474949848496208,-0.298208609455479,0.0240858617355713,-0.329495131103873,0.310865779149772,-0.106301199698358,-0.206321201145648,-0.684299345211335,0.0185254669892277,-0.0387553042936296,-0.0224339730503821,0.1192121934918001,-1.0453296971928079,-0.5838135272993432,1.8645680283326602,2.3501872024705652,-0.5210641123117896,0.029907171433306748,-0.9892839031953022,-0.22973444282188,0.23082669333814582,-0.037753926090309295
HCC1143_BREAST,Mutant_and_Non-functional,Missense_Mutation,R248Q,R248Q,R248Q,0.1731,1.2970804296941387,2.61340752550612,-0.1505876075966536,,-0.24636889815745028,-0.09578129056079668,-3.359293887,-3.275361029,-0.940285561,0.361228019,-1.020655232,-1.801785089,-0.389416791,-0.513098984,0.896735493,-0.807259898,3.377505734,0.622370064,-0.916320821200398,-0.279549557274814,-0.0890790077803971,0.486696965200642,-0.227139246680744,-0.182185464148393,0.0607763593714208,-0.943594770311927,-0.625742922643759,0.214052934714322,-0.0856935797419296,-0.154585071159342,1.632402734048024,0.46922090284745505,-0.5655421377508545,-0.3384188303518117,0.1958175977042328,-0.42111220013624334,0.8647436008376789,-0.3569800699448678,-0.7835764059269296,-3.0197677281556823,-0.38684534290295447
HCC1171_LUNG,Mutant_and_Non-functional,Missense_Mutation,N247I,N247I,,-0.3336,0.8560869690174873,0.624297018,0.7069476148634173,,-0.39296740019280113,-1.0999150150562185,,,,,,,,,,,,,,,,,,,,,,,,,-0.9268301586869809,0.6333301778576877,-0.4063784543242301,-0.6174715424183085,-0.7219670045561744,-0.9096235424366226,-0.40299943203379396,0.14887137459225566,-0.8158896738878297,-0.07765574940850094,-0.22602739681831538
HCC1187_BREAST,Mutant_and_Non-functional,In_Frame_Del,,,G108del,-0.298,1.5594169318640885,1.16891249050612,,0.5585267551433762,-0.5208954177319667,-1.079422172875343,-1.804556457,-0.335652252,-2.00528268,0.21446429,-0.1047973,-2.691790117,,1.796638263,3.648307976,0.134728074,2.910332277,0.238179281,,,,,,,,,,,,,-0.47045309838902777,0.7518775796409487,-0.2020337032754362,-0.29062792293727724,-1.901144474057795,-1.0646675359238362,-0.137613365130312,-1.2415697605426734,-0.6579738881034083,-0.02048828170254417,-0.49515514463027144
HCC1195_LUNG,Mutant_and_Non-functional,Splice_Site_Mutation,X261_splice,S261_splice,,-0.1557,0.5587540531415839,0.452005644,0.859841491736144,,-0.8420335395213427,-1.7018750312574866,,,,,,,,,,,,,,,,,,,,,,,,,-1.0009042858990493,-0.4613702240528095,-0.6331830713520177,0.5224333933720192,-0.590108606150065,-1.8438546170086922,-1.1986249864847054,-1.2433752059176841,-1.1050203573333615,-1.4548043841251062,-0.2535565897832972
HCC1395_BREAST,Mutant_and_Non-functional,Missense_Mutation,R175H,R175H,R175H,0.1372,1.5884195766956137,1.570629056,0.09952683228753387,0.5629389698326818,-0.48054175115878833,-1.1430075532790038,-2.004094951,-1.015508406,-0.370848625,-0.828639023,-0.592676836,-1.076874411,,-0.202309862,2.966155546,-0.92801236,0.096997879,1.616103435,-0.0755390059151233,-0.084633970758044,-0.0871752898131883,0.0882322667428666,-0.0354236462243736,-0.0731765479422609,-0.0699290982598951,-0.491279562853239,-0.422152236815816,0.0465282106553549,-0.00419256613712652,-0.119811019330989,-0.6612862539827549,-0.6673446735033378,-0.14884913224590993,-0.8943364381189557,-0.2208831015044655,-0.5660327969038387,-1.5216420634939207,-0.014685848855390113,-0.277856033378925,-0.1746838213094341,-0.13835909944973862
HCC1419_BREAST,Mutant_and_Non-functional,Missense_Mutation,Y220C,Y220C,A74fs47,-0.2033,-1.3700356620087242,-0.41276421849388,0.8149704626539307,0.5667818664975631,-0.3109435395358466,-1.6926958686873403,,,,,,,,,,,,,-0.560030841884865,-0.0176892226981372,-0.0355627918798606,0.180054413681523,0.0910546823910359,0.163289035416801,0.0711442675644821,-0.407989256493106,-0.395881829210853,-0.0449923306032785,-0.155954128195207,-0.196161529952479,0.10751782586264044,-0.23365673421609648,-1.3600222952139072,-0.21901775442522967,-0.2504549057975417,-1.2962115105957466,-1.5443354245020084,2.835324872229105,0.9872664293409571,-1.1652602965477157,-1.281529141028769
HCC1428_BREAST,Mutant_and_Non-functional,Homozygous_Deletion,,,,-3.657,0.40130017696777226,-0.518048107493879,0.7077785598464208,,-0.4858889752804927,-1.1936675351269135,-1.24196876,-1.212671441,-0.047152846,-0.547147219,-1.833061956,-1.696077197,-0.065800194,-2.812542578,-2.563515371,-0.44975343,2.545699434,0.243484472,-0.254906176291949,-0.139451896358059,-0.0252290365668509,0.128455562946898,0.02369722485953,-0.0127641569118258,0.0197862142476895,-0.733395827594029,-0.845389151935504,0.196272176763387,-0.0768330147025261,-0.104908449557131,0.8310252930561445,-1.0084962079690432,-0.14595312252921042,-0.9966794400089888,0.4007764819865318,-0.4651012011747793,-1.0792223539923282,1.5842465263777465,-0.19567066391929414,-1.2469001391277992,-3.0228039007843988
HCC15_LUNG,Mutant_and_Non-functional,Missense_Mutation,D259V,D259V,D259V,-0.2047,-0.5178076865066754,1.54159526,0.5872915373108492,,-0.19742016037027207,-0.7847116976811213,-2.487500707,-1.335403451,-0.325596145,0.484197575,0.962852414,-1.137448596,-0.249423117,-1.947479862,-0.041016246,1.243552398,0.606929585,0.530123101,-0.564487458048221,-0.383712428760688,0.0716747739947252,0.371651103542712,-0.0503563649383466,0.356857701276538,0.223088500461965,-0.753091505418229,-0.633938464296566,0.433819975408999,0.192597717615205,-0.0611751768027419,-0.3701433509789101,-0.5402120953520733,-2.0889198335063943,1.0225063534624501,0.18563078853167472,0.28983568824599354,-0.37174865951449454,-0.18122247606864242,-0.32903273561527036,0.3999536446015718,-0.1882690878788982
HCC1500_BREAST,Wild-type_and_Functional,WT/High_Functional_Score_(Z>0),,,,-0.7454,-0.22379649801699006,-0.135350365493879,-1.6163745576156114,,0.4453119513960525,2.061686509011664,2.245599874,-0.755395726,1.238009662,0.294517233,-0.473903923,0.882086833,0.041808065,-0.488552582,-3.845075101,-0.328011195,-0.255916036,-1.875820205,,,,,,,,,,,,,0.7482745513698101,0.7286439612653393,0.5256819030252585,0.21286735520802516,0.9754618324587339,0.3067080161120269,-0.5252373646772357,1.3786058792672298,1.0992642089302216,0.2476245314517451,-0.7994634090545775
HCC1569_BREAST,Mutant_and_Non-functional,Nonsense_Mutation,E294*,E294*,E294*,-0.0653,-1.5158040766118925,-0.53949573149388,,0.23188053862858335,-0.5862751647453851,-0.8181557033739685,-0.572089531,-1.813662381,-0.720951582,-2.033788179,0.764897559,-2.834317612,0.176298594,0.979876532,0.88644184,0.098106426,-1.094690348,0.92801236,,,,,,,,,,,,,0.04465302102378525,-0.9220345982153672,-0.44193273719293386,-0.7784229881984641,-1.4241945042350759,-0.46827005415033546,0.20170531777257084,0.14939918460907942,-1.5026576479069635,-1.3930165320429133,0.08574472633738124
HCC1599_BREAST,Mutant_and_Non-functional,Splice_Site_Mutation,X225_splice,V225_splice,?,-1.096,-2.310528741982343,-0.473314977493879,,,-0.8684066070408428,-0.8684066070408428,,,,,,,,,,,,,,,,,,,,,,,,,-0.29677198820017237,-1.4190700708473485,0.9326131135091363,-1.0675485446856716,-1.7836907150299939,-0.9256976096294224,-2.628736354137751,-0.12766023178193728,-0.6428971089545047,0.0919410714525067,-1.6849542391441132
HCC1806_BREAST,Mutant_and_Non-functional,Frame_Shift_Mutation,,,T256fs90,0.4874,0.8410342465190588,,0.7260593494725077,0.51355063121367,-0.4144908719611145,-1.654100852647292,-3.234582329,0.549522677,-0.038838743,0.12720579,-0.76410574,-2.01874361,-0.041214201,-1.269682439,0.035398287,1.205149157,1.481098224,-0.245701566,-0.162905934554179,-0.127299577330856,-0.0570957957761998,0.00397763052727452,-0.0306244553388439,-0.00105940835085545,0.069296176986951,-0.863342498026659,-0.226171928352444,0.108352367885117,-0.0280478186368628,-0.0525854725332235,-0.9080006651052939,-0.5104249072298956,-0.897167621195805,1.501746077113899,1.2397310169560858,-2.547424641592879,-1.129455499382298,-0.5792488270695468,0.44062081224016786,-0.8699472544666651,-0.29982808184002857
HCC1937_BREAST,Mutant_and_Non-functional,Nonsense_Mutation,,,R306*,-0.0773,0.5453449804364018,-0.218205889493879,0.8365750322120331,0.6644199076867339,-0.04989059639363489,-1.550885536292402,-1.305314313,1.169913192,-0.22016539,-1.886509767,-1.877403844,1.017092044,0.010614339,-0.751040719,-1.524648292,0.558232691,1.422503587,0.547939038,-0.0948506193693544,0.0103458826445433,0.0333928863685898,0.0464410103643031,-0.0937681656776992,0.076988520971354,0.185185749382064,-0.70205493764753,-0.517227734208565,0.0909687887735652,-0.0764742793947014,-0.166046533369642,0.04555329441550392,0.04768437413197498,-0.1811260606069747,0.43192564353074336,-0.12384374707140462,-0.7534063476569314,0.7034712460139961,0.29423381384881664,-0.505284563887591,-0.05682486391564539,-0.4511793491324717
HCC1954_BREAST,Mutant_but_Functional,Missense_Mutation,Y163C,Y163C,Y163C,-0.1381,0.3618248175752196,0.708560707506121,0.27984189359939027,-0.5717118528496378,-0.2129704117033044,0.07889954754694306,-0.001841376,-1.249886954,-0.356199966,-1.15961954,0.301445653,-0.598219571,,0.086110362,4.99242144,-1.099441264,1.05034846,-0.649687834,-0.0737052373201982,-0.224045636419572,0.0336841847366188,0.0243365257034166,-0.184899161225026,-0.0801137466370283,-0.0261881393566791,-0.888897260812764,-0.697115503693832,0.108727862155528,0.0231523846576404,-0.325849841494785,-0.8202534060949213,0.13999686532050368,-0.8711003756105962,-0.6163467943695302,-0.10097507423838031,-1.011510632001821,1.1477924807425293,0.7645439561022387,0.11067770489589358,-0.34391518803899035,-0.7415840654432743
HCC202_BREAST,Mutant_and_Non-functional,Frame_Shift_Del,T284Rfs21,T284fs,,-0.3496,-0.8152361117624581,-0.15546323949388,0.24826598424524018,,-0.6835424262831543,-0.9318084105283945,-2.097925552,2.166813842,-0.7910276,-0.393177933,-1.262160155,-0.962852414,-0.524976275,-0.28624272,3.393738032,0.894755944,-0.502409422,1.055891196,-0.112874053540911,-0.382551285538112,-0.0383014465152605,0.052810543345235,0.0358010574632413,0.0041942681395445,0.0303771409602823,-0.433884632775476,-0.491302177203897,0.217421993800483,0.00670642064948306,-0.080340744566276,-1.0579705951781837,-0.13917913776314642,-0.2754587609727115,-0.6033260215951668,-0.018474244481307682,-1.76180309568743,0.29060025215709917,-0.2339657770355922,-1.3269645504927559,-1.2842156163358678,-1.1082091417296354
HCC2157_BREAST,Mutant_and_Non-functional,Missense_Mutation,R248W,R248W,R248W,-0.2784,0.0047729960693867,,,0.462596668027484,-0.7329966905330181,-1.195593358560502,,,,,,,,,,,,,,,,,,,,,,,,,-1.354791651074082,-1.9259322572271003,-0.131111467497991,-1.4621809104775387,0.5375762232004283,-1.3202198050861216,-1.7267667683927315,0.07642107184633604,-1.0269108578515078,0.4277020547255137,-0.15674922802840457
HCC2218_BREAST,Mutant_but_Functional,Missense_Mutation,,,R283C,-1.051,-0.37923135032314936,0.0908192255061206,,-1.6000425344702816,0.4797869609624746,2.0798294954327563,4.164970147,3.19182408,3.543787812,-1.131509951,-1.417356761,2.143851078,,-2.185817508,-2.850154001,0.148109822,-7.696484758,-1.490204148,,,,,,,,,,,,,-0.3576708899183372,1.0240892012448433,0.013486897702441934,-0.4890316646319888,3.185877064154946,0.4280315435845457,0.400295790162438,1.328254479249539,1.399934833560637,-1.3293230977038553,-0.3262875868179893
HCC2279_LUNG,Mutant_and_Non-functional,Missense_Mutation,Y234C,Y234C,,-0.3245,0.5919890961907202,0.628172006506121,0.33468426247764976,,-0.38622507717907717,-0.720909339656727,,,,,,,,,,,,,,,,,,,,,,,,,-0.5732248179315991,-0.9703204505712592,1.0563243639180528,-1.3471355120753377,-0.9699926218117075,0.7431268020547003,-0.5152310676616914,1.0811294309555612,-0.3281937439260843,-2.787214907185157,0.36225667526467203
HCC2935_LUNG,Mutant_and_Non-functional,Missense_Mutation,Y220C,Y220C,,0.1817,1.2603637365761977,0.793909699506121,0.576489252531798,,-0.359990916902898,-0.9364801694346959,,,,,,,,,,,,,,,,,,,,,,,,,-0.3632525849469911,0.8175601256139106,0.38094142175366785,1.291759244626527,0.3974497426693212,-0.5535629975992654,-1.2697102465535068,-1.0450087024120516,-1.01764792399384,-2.3584223539773275,-0.2400058111123219
HCC33_LUNG,Mutant_and_Non-functional,Missense_Mutation,C242Y,C242Y,C242Y,-0.4526,0.004999553203050637,0.869574880506121,,,-0.9449138751347249,-0.9449138751347249,-2.424551063,-0.408182911,-0.305879842,-0.062712098,-0.039127757,-0.743518435,0.132827708,3.708882161,3.494695008,-1.436360427,3.736595841,0.247720705,,,,,,,,,,,,,-0.7065856225736017,-1.2485528609738057,-2.06278547755425,0.6962913230119037,-0.5919794536871961,-1.1841889294522427,-0.15587129524881554,-1.5201508197004483,-0.2070924120380379,-0.29597543715223573,-3.1171616411132455
HCC366_LUNG,Mutant_and_Non-functional,Missense_Mutation,Y220C,Y220C,,0.2819,0.8673170951724312,0.0229416059999998,-0.07330972417728676,,-0.714127334693807,-0.6408176105165202,-1.121216298,-2.012409055,-0.075737527,-0.190670116,0.842891772,-0.656814209,-0.041649701,-3.544183722,-3.609112914,1.166350005,1.142991332,0.119089641,,,,,,,,,,,,,-0.9129246093702035,-0.36260428709995246,-0.9793462393426571,-1.1067496424051024,-1.3316345439999229,-0.7982540836621276,-0.4453853609252654,0.2350792967648062,-1.1687246291784679,-0.8048311594015918,-0.18002542301139288
HCC38_BREAST,Mutant_and_Non-functional,Missense_Mutation,R273L,R273L,,-1.946,-0.901835354957089,0.917129162506121,0.04468446340927293,0.7139505758118517,-0.893671048501036,-1.6523060877221605,0.313243762,0.479446659,-0.979480622,-0.50438897,-0.350459275,-1.386475804,0.067938106,1.889677045,2.036955457,0.210426011,0.326625511,-0.137934943,,,,,,,,,,,,,-0.6360051073091914,-0.3971003364474413,-0.5969197871949833,-0.03776823458413977,-0.6705160373122717,-1.440999063917802,-1.5070041551763305,-0.42598704067626614,-0.7599404789050981,-2.7013344914868846,-0.6568068005009873
HCC4006_LUNG,Wild-type_but_Non-functional,WT/Low_Functional_Score_(Z<0),,,,0.0972,1.103490690700947,1.08328929250612,0.7310450193705316,,-0.5567203200324667,-1.2877653394029984,,,,,,,,,,,,,,,,,,,,,,,,,-0.5885450825782209,0.18827422230820554,0.11554913327169182,-0.2473024466873667,-1.1231893220323157,0.18545705779161742,-2.015337195325437,-0.5156435310738222,-1.377655049434301,-1.094845116576564,0.3493138099793774
HCC44_LUNG,Mutant_and_Non-functional,Missense_Mutation,R175L,R175L,S94*,0.0738,-1.0770850718653566,-0.739228251,-0.6084382932318272,,-0.6940638810239811,-0.0856255877921539,-3.179946789,-1.737647716,-0.401848355,-0.530914921,0.659189667,1.26928653,,2.122471954,1.71824814,-0.467965277,-0.99610883,0.543979941,,,,,,,,,,,,,-0.3930819495413692,0.631868367716995,-0.361996394835457,-2.0295410155312448,-1.211864835319521,-1.2113056026247475,-0.07007360022528847,-2.676638070393781,-1.0133141782353956,-0.1823322542034278,0.8835768419294449
HCC56_LARGE_INTESTINE,Mutant_and_Non-functional,Missense_Mutation,R196P,R196P,,-0.4107,0.9709547675076052,0.422886818506121,1.1947123198867327,,-0.4653221799407951,-1.6600344998275278,,,,,,,,,,,,,-0.268931374447198,-0.115317881444356,0.084734755114646,0.28766113754137,-0.101488586022734,0.0412208361925843,-0.0840010047349467,-0.340986247184776,-0.926112710429643,0.149018941298352,-0.0913261639756758,-0.271453278308323,-1.4754668687097168,-1.0233904088421455,-0.6110990234278635,-1.048316260106443,-0.7425693805622285,0.3173635866137989,0.12031455815972368,-1.8849282813677084,0.21189663501404973,0.7080706332167649,0.309580830663023
HCC70_BREAST,Mutant_and_Non-functional,Missense_Mutation,R248Q,R248Q,,-0.5367,0.12494378629109731,1.34760025850612,,0.27201745935066307,-0.7947767092035591,-1.0667941685542222,-1.430025872,-3.039794752,-0.595052294,-0.356199966,0.567338614,-1.462490468,,-1.095878077,-3.195387268,-0.055268995,1.832270137,0.563379517,,,,,,,,,,,,,-1.238367928598522,0.4469096387324732,-1.2256894475534212,0.0873690563912111,-1.0160997036971795,-1.0205454914397625,0.17966516081938677,-0.6265705557009805,-1.3567903916526312,-1.749582296942242,-1.2228418415974818
HCC78_LUNG,Mutant_and_Non-functional,Missense_Mutation,S241F,S241F,S241F,-0.9574,-0.6673242889829597,1.564336072,0.46181884487725366,,-0.36091522230186984,-0.8227340671791235,,,,,,,,,,,,,,,,,,,,,,,,,0.1494108539060467,0.2579180371057591,-0.4689466337187981,-0.36105892010786256,-0.3310813413870807,-1.1643654560669916,-1.3663537592403223,-0.3875124132792214,-1.04296541600211,0.023692512403545623,0.721195091066467
HCC827_LUNG,Mutant_and_Non-functional,In_Frame_Del,V218del,V218del,,0.4974,0.06694960236989429,1.13709493650612,0.4967185341634192,,-0.7559779001865761,-1.2526964343499953,-0.903070048,-1.85483699,0.337710982,0.496866686,0.902278229,0.346658542,,2.137120613,-3.763517701,0.140825084,3.69740078,-1.281163821,-0.104819415082842,-0.201388207615135,0.00326138215896026,0.155796584803474,-0.25870133368404,-0.0170659638892558,0.0341698893139687,-0.751608386623676,-0.787084745116205,0.0504097496999881,-0.0381295433594439,-0.0395084073327419,-1.2194300347513012,-0.8764090097269708,-0.6128375766983571,-1.154614928319638,-0.7166302124585481,-1.7159031069766115,-1.3188211084665962,0.27914200799076994,-1.304892890793239,-0.2638024216510525,0.5884423797992084
HCC95_LUNG,Wild-type_but_Non-functional,WT/Low_Functional_Score_(Z<0),,,,-0.256,0.3289995764002096,-0.101121178,0.3263748126476105,,-0.3601917223322805,-0.686566534979891,-1.228507829,0.688486985,0.428374306,-1.182186393,-0.265299097,-0.667107861,-0.043074976,3.194199539,-0.511119435,-0.119683505,2.025869985,0.270564696,-0.29859616569344,-0.239609831081658,0.109319403118874,-0.05627124663166,0.0547697448798416,-0.0828211475852085,-0.166751934117956,-0.685863846867087,-0.65927867212794,0.162069014436995,0.0959199054173297,-0.109811767690024,-0.6926368968798742,-0.2625610108585282,0.4597510994803578,-0.6378521584731445,0.8340692048740609,-0.9264716805852841,-1.3320013634401913,0.7852196568208172,-0.8673690220056535,-1.2045727195455116,-0.11768405504213385
HCT116_LARGE_INTESTINE,Wild-type_and_Functional,WT/High_Functional_Score_(Z>0),,,,0.0454,-0.626440721524299,0.314792506506121,0.361274501933776,-2.4026386194057574,0.5730879461190459,2.614452063591027,-0.783109406,-1.84177197,0.901486409,2.965759636,1.572553367,-1.558300618,,-3.784500916,-4.715284643,-0.09949211,-3.411553969,-0.246889295,,,,,,,,,,,,,0.7728667133048137,0.8631493053814919,-0.5154209575885018,0.6072266974816,1.8584894567781294,0.44103351667127255,0.7318121917450964,0.884384058215889,0.07119584839323612,0.04203047864255621,0.5472000982839218
HCT15_LARGE_INTESTINE,Mutant_and_Non-functional,Missense_Mutation,S241F,S241F,"?, S241F",0.0534,-0.41993611533808395,0.0912027875061205,0.49505664419741224,,-0.2371449603118136,-0.7322016045092259,,,,,,,,,,,,,,,,,,,,,,,,,0.6181179850852708,-0.6213113073418218,-0.7647833427776349,-1.0895591383563576,0.39862633730523234,-0.5760473398952889,0.4979585642100922,-0.6460848649341265,-0.7709575053125158,-0.002933431459503781,0.3483794800467049
HDLM2_HAEMATOPOIETIC_AND_LYMPHOID_TISSUE,Wild-type_and_Functional,WT/High_Functional_Score_(Z>0),,,,-0.1037,0.29235173888171506,-0.32733550749388,,-0.5052439734978266,0.024964126578721657,0.5302081000765482,,,,,,,,,,,,,,,,,,,,,,,,,-0.33114314019113844,0.2181263393158346,1.172048691127915,-0.029900440571961645,1.581776919514855,-0.7790595429285111,-0.7895285476027845,-0.29576248593001514,-1.0960063452362,0.9150873467519691,-0.29103340188402455
HDMYZ_HAEMATOPOIETIC_AND_LYMPHOID_TISSUE,Mutant_and_Non-functional,Frame_Shift_Del,Y234Vfs2,I232fs,Y234fs2,-0.1885,-0.5492125032995476,-0.597630590493879,-0.7297562607504023,0.6628542831195599,-0.11506547766833379,-0.04816350003749126,,,,,,,,,,,,,,,,,,,,,,,,,-0.8768401819960177,-0.19734206926393474,-0.40333480180027287,-0.4833961326746828,-0.9372643164607231,0.37840633839864773,-0.6676205049266682,1.1804100762233865,-0.3841966630297888,0.9717066332607476,0.15375136791763486
HDQP1_BREAST,Mutant_and_Non-functional,Nonsense_Mutation,,,R213*,0.3927,-0.6368623496728361,-0.238456656493879,-0.15972800240969634,,-0.6017909544814075,-0.4420629520717112,,,,,,,,,,,,,,,,,,,,,,,,,-0.8305385702721457,-0.32806394047547266,-0.330187659975483,-0.02713029497440589,-0.24621224917897694,-0.9874902426527611,-1.46002935820117,-1.8059829831369767,-0.5109811115147039,0.11804493798490698,-0.21112902689829274
HEC108_ENDOMETRIUM,Mutant_but_Functional,Missense_Mutation,P151H,P151H,,0.0959,1.2990039441819128,0.381550914,0.13858124648871978,,0.9814830333893341,0.8429017869006143,,,,,,,,,,,,,,,,,,,,,,,,,1.2493906060045812,0.9701393655542784,-1.5492837939105135,1.791876650405981,1.3549583787489416,0.4019308385416087,1.2005354202360705,1.271290792632188,1.1538980583511433,1.4380522088620868,1.51352484185631
HEC151_ENDOMETRIUM,Wild-type_and_Functional,WT/High_Functional_Score_(Z>0),,,,0.0294,-0.15717315268123727,-0.208231321,-0.7488679953594942,,0.17667352320053087,0.9255415185600251,,,,,,,,,,,,,,,,,,,,,,,,,0.7257833335642557,1.0560044790986136,-2.053292913534655,-0.10813120263887335,0.6776468443027025,0.5737866856014293,-2.276525658990197,0.30763955993089714,0.6843949065547043,1.1037530421148969,1.252349679202065
HEC1A_ENDOMETRIUM,Mutant_and_Non-functional,Missense_Mutation,R248Q,R248Q,,-0.013,0.7107061448047536,1.527244698,-0.34918345853459554,,-0.5289680660262059,-0.1797846074916104,2.090403268,-3.018811537,-0.422039751,0.536457657,-1.003631114,-0.931179637,,-0.245661975,2.382584633,0.150010189,3.344249319,-0.860311799,-0.165638269326681,-0.360549731027334,-0.0210239777803369,0.270728720290897,-0.32339067844724,-0.0304597524474138,0.17324756012039,-1.02976093135053,-0.770835809655721,0.017407365720032,-0.211662095231314,-0.332781456461664,-0.5990589896886475,-2.0490562352167143,-0.44734183276793593,-0.22297160663863533,0.08632070398364115,-1.5525741352899485,-0.05713555682238608,-0.7976155601412739,-1.005331669260905,0.06682915184833718,0.7592870037062032
HEC1B_ENDOMETRIUM,Mutant_but_Functional,Missense_Mutation,R248Q,R248Q,,0.0322,1.067343722139719,2.549516671,-0.5901575036057403,,-0.35193212708285826,0.238225376522882,,,,,,,,,,,,,-0.227150379643309,-0.145450109975663,-0.186621570980472,0.147924398736304,0.0332577600489173,0.0289996403705841,0.0537208937032287,-0.336733903053751,-0.447992348305296,0.225800634124159,0.0780710521219111,-0.138553713645369,0.08096435403853597,-1.7148035465332987,0.06774839273785073,-0.6783657646011098,0.12561559552419566,-1.278045032850385,-0.06343305766042723,-0.004981056343661594,-0.731935885446189,-0.3397516213270724,0.6657342245501203
HEC251_ENDOMETRIUM,Mutant_and_Non-functional,Missense_Mutation,"R213*, S241Y","R213*, S241Y",,-0.0453,-0.23145168587162124,1.678070117,0.644626741138122,,-0.49774925616710664,-1.1423759973052285,-2.328740913,-1.411022206,0.205358366,0.524580365,-1.465657746,-1.543651958,-0.21731484,0.17368559,-0.067344242,-0.455692076,0.523788546,-0.218423387,-0.271488647774183,-0.397240546045086,-0.149338266675617,0.296405990757588,-0.0758293255978024,0.0979961381237546,0.238226011345948,-0.959585133916979,-0.817278446332869,0.122750991467085,-0.191779630424383,-0.246039801519515,0.05476823563216483,-0.7621196078429383,-0.08492532343924525,-1.0003756886370294,-0.7687905057828794,-1.207193350671735,0.24371861347835985,-0.5816480587134841,-1.3799607096260356,-0.7335023441018058,0.7447869218664542
HEC265_ENDOMETRIUM,Wild-type_and_Functional,WT/High_Functional_Score_(Z>0),,,,0.0576,-0.4444442664444255,-0.228403018,-0.12482831312353082,,0.24305246796935379,0.3678807810928846,,,,,,,,,,,,,,,,,,,,,,,,,0.5572760394388275,0.7173208490921024,-0.6594500689705756,0.5092375590061932,0.3463330453408209,0.2923393239938561,0.6342151764949151,-1.0023566262905779,0.24981601499842523,-0.2782639637100022,1.3071097982689068
HEC50B_ENDOMETRIUM,Wild-type_but_Non-functional,WT/Low_Functional_Score_(Z<0),,,,0.4484,1.2636266035306312,-0.866425351,1.015228203557881,,-0.4473773811916502,-1.4626055847495312,-1.969650806,-0.852789515,-0.316886132,-0.420060202,-0.260112679,-1.851273803,0.082982675,-0.242732243,0.435104771,-0.191739072,2.42851016,0.276384568,-0.0884205370423898,-0.48276356755014,-0.398036953774573,0.11553014244006,-0.241982513095373,0.168070044097841,0.128019213294244,-0.742064637441897,-0.382664140537903,0.215064025619575,0.0448314391493884,-0.0600052418748065,-0.7652163865324264,-0.342314313802176,-0.5578497106325877,-1.1953507628927245,-1.4426458489022298,-0.9852164092199197,0.005285981679288155,0.3251086053488484,-2.264340327014122,1.1140640693951944,1.187323909464703
HEC59_ENDOMETRIUM,Wild-type_but_Non-functional,WT/Low_Functional_Score_(Z<0),,,,0.0783,-1.0058695022761739,1.389877998,0.43024293552310355,,-0.5718494289920826,-1.0020923645151862,-1.683012176,-1.931247564,-0.790235781,-0.660773306,-3.71006989,1.993009479,0.533686289,-0.25156103,1.776050958,-0.214939381,0.567338614,-0.440647507,-0.243052666100216,-0.297946824684675,0.0883457505350066,0.235219283550181,-0.135388180122263,-0.0866066308842349,0.0457971815727036,-0.536655818167677,-0.653992073564168,0.064655473656201,-0.0400175168650494,-0.0208769670573465,0.23639839241136695,-0.08270253684807179,-2.0610248173393537,-1.5915233078675155,-0.5532218766525666,-1.0876961468607003,-1.8850251783322136,1.1963710930218407,-0.530823220193864,0.5952758259302603,-0.5263719461820906
HEC6_ENDOMETRIUM,Wild-type_and_Functional,WT/High_Functional_Score_(Z>0),,,,0.3933,0.13514663132526103,0.679720972,0.38204812650887493,,1.0513158001514358,0.6692676736425609,,,,,,,,,,,,,-0.018883532718155,-0.184315408930767,0.00963895664476909,0.377221998622616,-0.0925659313632833,-0.0488694160136311,0.0742082692344996,-0.542714550718867,-0.390227540486451,-0.240090100607342,-0.313986700790222,-0.707528192313473,1.1333122945446197,0.619827396931704,-0.28251324483822654,1.5478153943699007,1.4788545919022384,1.3031792334787906,1.3951463893988334,1.1536677020376194,1.6176007958865914,0.7655382953878445,0.8320449525658762
HEL_HAEMATOPOIETIC_AND_LYMPHOID_TISSUE,Mutant_and_Non-functional,Missense_Mutation,M133K,M133K,M133K,-0.4014,-0.22837206365765217,0.441251316,-0.05004326465317592,0.5595230616861231,-0.31327938343989314,-0.8227591804728404,-1.051140279,0.179980554,0.073480842,-0.540416754,-0.577236357,-1.277996543,-0.174714955,0.467173458,-0.527351733,0.111646538,2.503337095,0.019019502,,,,,,,,,,,,,-0.6146309634264225,-1.550573515932366,0.4114032120725594,-1.33414467211195,0.8494367544065503,-1.0400061190644545,0.5944234321637708,0.6810295406028463,0.5158748746923363,1.1754603634794023,-3.134346124721097
HEL9217_HAEMATOPOIETIC_AND_LYMPHOID_TISSUE,Mutant_and_Non-functional,Missense_Mutation,M133K,M133K,,-0.4705,-0.04787710487539168,0.91917442250612,,,-0.3831044372216269,-0.3831044372216269,,,,,,,,,,,,,,,,,,,,,,,,,-0.44703312915589427,-2.0819733597048917,0.18118228260089014,-1.3773894204777144,0.0793533485586296,-0.4080860373321467,1.3899722680176307,0.39560684882619596,0.9537703353166482,0.31531185737026224,-3.214863803457506
HEP3B217_LIVER,Mutant_and_Non-functional,Homozygous_Deletion,,,,-3.847,-1.554447615940161,0.17216600550612,0.34881032718871785,,-0.46415734840820255,-0.8129676755969204,-1.489016418,-1.401520373,0.672254687,-1.109339007,-1.481098224,-0.209713373,0.280066529,2.053583665,3.354542971,0.682944249,1.09073125,1.183374123,,,,,,,,,,,,,-0.5792171478644358,-0.9903998601003261,0.2708788409119762,-1.2197215133560884,-1.666621765400825,1.1614395845454384,-0.5923003783005772,-0.24805327772273797,-0.49001885491326747,-0.8260144470926353,0.07429798680325063
HEPG2_LIVER,Wild-type_and_Functional,WT/High_Functional_Score_(Z>0),,,,-0.0836,-0.34138076096270376,0.0980043175061205,-1.2316470304847857,,1.0896094594781707,2.3212564899629564,,,,,,,,,,,,,,,,,,,,,,,,,1.8093735167019238,0.13917463504211472,0.8443250833699665,0.9780352669015664,2.0677770034662455,0.7428244305875656,1.8348535485046455,-0.10970107706264942,1.5900859873305473,1.1360826808152757,0.9528729786026766
HEYA8_OVARY,Wild-type_and_Functional,WT/High_Functional_Score_(Z>0),,,,0.1042,0.2924050464425767,-0.473478757493879,-1.6246840074456506,,1.2534324481126586,2.878116455558309,8.527895149,0.17534841,0.419268383,0.345866722,0.897923222,0.04279784,,0.353270234,-3.930195689,-1.063017571,-3.13758445,-1.006402482,0.734169757289715,-0.104099690125707,0.265489908975687,0.396479520824417,0.19115507558844,0.437814832765916,0.133358079873742,-0.912087750908428,-0.756364992817025,-0.218832522414834,-0.282650402128911,-0.968120670591075,0.9584259203864435,0.5818628101146425,1.5670824178547198,1.144996858303659,1.0290505311775284,1.1518604564666586,2.604426563376533,2.3718888270995633,0.34315988438403544,1.2719663580496865,0.7630363020257753
HGC27_STOMACH,Mutant_and_Non-functional,Frame_Shift_Ins,P153Afs28,P152fs,P153fs28,-0.5818,-1.5629201863946782,-0.64986527049388,-0.18050162698479524,0.24525951220261044,-0.4984431767740223,-0.5632010619918375,-0.964436053,-0.647708285,-1.10458809,-0.308136527,0.086783408,-1.208316434,-0.235487095,-0.147832686,0.58673819,-0.165727805,-0.325754509,1.288686105,-0.246020983046182,-0.291376658789287,0.0198245474655855,0.321548962159379,0.0104141674302919,-0.0624632926748177,0.0589359660276024,-0.484027686024402,-0.344506354366406,0.344213982267724,-0.0947039620280968,-0.0875873342182439,-0.796354822130068,-1.418203543291969,-1.2814265811276826,-0.5278771968392255,0.6495522115721185,-0.5553046572499533,0.48712699428625655,-1.611344661496215,-0.89265427954134,0.3201019168789573,0.14350967442487592
HH_HAEMATOPOIETIC_AND_LYMPHOID_TISSUE,Mutant_and_Non-functional,Splice_Site_Mutation,X187_splice,G187_splice,?,-1.052,-0.8027210512759002,-0.45660482849388,,0.11203909448677299,-0.4935425122282178,-0.6055816067149908,,,,,,,,,,,,,,,,,,,,,,,,,-0.6213986308517188,-1.8697997187237205,0.6692972987335177,-0.9647837622773474,-0.28946695356352503,-1.3172807544255867,0.3751178425898109,0.633184190922976,-1.8578591507264375,-0.2877788230610615,0.10180082687269608
HL60_HAEMATOPOIETIC_AND_LYMPHOID_TISSUE,Mutant_but_Functional,Homozygous_Deletion,,,0?,-3.754,-0.033582904545063665,-0.359466651493879,,-0.7442152142509141,-0.5686171535514607,0.17559806069945338,0.543584032,-3.714424897,2.153352912,-1.008382031,-0.247958251,1.136656777,,-1.126363124,2.627652744,0.320290955,-1.127946763,1.005214753,,,,,,,,,,,,,-1.026309449825554,-1.2926231902714194,-0.7876363965534974,-0.258426567711734,-0.6749954315101796,-0.17119613512131987,0.2380282855369914,0.8289524867862652,-0.6514070097165423,-1.6533242891040156,-0.8058509915750613
HLC1_LUNG,Wild-type_but_Non-functional,WT/Low_Functional_Score_(Z<0),,,,-0.2684,-0.7016399207137379,,,,-0.2497641475334054,-0.2497641475334054,4.117460982,-0.837744946,1.004422934,0.019316435,0.133857073,1.289477925,-0.112715494,0.570505892,0.783901225,0.243880381,1.210295983,0.449357521,,,,,,,,,,,,,-0.8383718674264145,-1.4068276384735519,-0.3528733326008708,0.5670505157682686,1.8102481900481684,-0.6248500946905856,-1.4171502383286478,0.7816338998811208,0.05609041637981393,-2.0348061946085214,0.7124507211837603
HLE_LIVER,Mutant_and_Non-functional,Missense_Mutation,,,G244A,-0.3064,-1.5497076853201748,,,0.6476250259661467,-0.4019212735020909,-1.0495462994682376,,,,,,,,,,,,,,,,,,,,,,,,,-0.9912180791212136,-0.6048321134892719,-1.4146438176295815,0.11373986286066913,-0.3848526915715859,-0.5164559711526803,-0.1938875520481757,0.6290748129348438,-2.035808661221488,0.5711428013210559,0.4066074005944281
HLF_LIVER,Mutant_but_Functional,Missense_Mutation,G244A,G244A,,0.1523,-0.21537945627170504,1.50081649750612,-0.3034814844693788,,-0.1287324664564842,0.17474901801289458,-2.383772363,-0.772023934,-0.507160338,-0.264507277,-0.307305117,-1.395185817,,-0.114378315,-0.034562918,0.94107738,0.670671048,-0.405015633,-0.0860822057071905,-0.160222468607342,-0.0760246050056795,0.0807330273515323,0.0494911536772293,-0.00659620244477564,0.0704313735431453,-0.614413862115077,-0.662065462853308,0.167692830625649,-0.0161369609519629,0.018381579645644,-0.6763851248667195,-0.45558912599951756,-0.7383655442169044,0.6204243459571823,-0.08432719113071663,-0.06347932366979295,1.157128038023844,-0.20250767168760114,-1.1578813107621941,-0.31407846859245664,0.4990042459235506
HLFA_LUNG,Wild-type_and_Functional,WT/High_Functional_Score_(Z>0),,,,-0.055,-1.2119609748657072,-0.201266466,,,0.8796006521373851,0.8796006521373851,,,,,,,,,,,,,,,,,,,,,,,,,0.6705827949571418,1.621046587715534,1.286413441257036,0.04490891049495743,0.49430289900626945,1.3525141620562409,1.5865439453250612,0.644150910161438,0.4098386817269835,1.042121813231897,0.5231830275786786
HMC18_BREAST,Mutant_and_Non-functional,Frame_Shift_Del,P152Rfs18,P152fs,,-0.2315,-0.40684799857225934,-0.255631779493879,0.25740637905828295,,-0.22812697516703367,-0.4855333542253166,,,,,,,,,,,,,-0.167800710613233,-0.238246207715514,0.175896777956386,0.010746692161262,0.0539187311748551,0.0424738174923711,0.139969349580344,-0.161820635857637,-0.61230254220541,0.12704882953506,0.00365615871340361,-0.0832761165313656,-0.8222376821419741,-1.0336164048948455,-0.171566386220444,0.007806737763325718,-0.013708459878426815,-1.4476512361947338,0.22105813186900855,0.6476769743016109,-0.26018258838301916,-0.21596708623042812,0.578991273172557
HMCB_SKIN,Mutant_and_Non-functional,Missense_Mutation,,R248Q,,-0.1596,-0.010239745758395561,0.434894866506121,0.8747985014302141,,-0.354925818696722,-1.229724320126936,,,,,,,,,,,,,,,,,,,,,,,,,-0.22529671142195257,-0.6906298709001011,-0.13360165687816222,-1.0578974807832522,-0.49001648959835886,-1.1810805507701132,-0.1264168338804992,0.20964388071593618,0.009320882867242085,-0.7241310560166739,0.5059218810019932
HOS_BONE,Mutant_and_Non-functional,Missense_Mutation,R156P,R156P,R156P,0.4485,1.060211614726048,1.29213566050612,1.038494663081992,0.08827006696695933,-0.520757426591041,-1.6475221566399922,,,,,,,,,,,,,,,,,,,,,,,,,-0.9537703806109973,-1.0988760028943478,-0.4018796911383653,-0.9729091598748913,-1.014967441941295,-0.19192672290797277,-0.04982537050325434,-1.5304923354070767,-0.9243622557392837,1.1644575837359947,0.24622008478004026
HPAC_PANCREAS,Wild-type_but_Non-functional,WT/Low_Functional_Score_(Z<0),,,,-0.4592,-0.11498132883308694,0.00264557450612046,-0.06416932936424254,,-0.3754497675580024,-0.3112804381937599,-2.004490861,1.779614145,-0.775587121,-1.034116162,-0.828243113,1.078853959,,0.325992055,4.145174661,0.83220221,1.591952943,0.219452752,,,,,,,,,,,,,0.2785908991544659,-0.6314086592476446,-1.0800686361743828,-0.2733104312056052,0.03459930617157582,-0.9952672367874266,-0.37153494342270516,-1.5860726152144577,-0.4754569319236837,0.7197129576902154,0.2502688478216223
HPAFII_PANCREAS,Mutant_and_Non-functional,Missense_Mutation,P151S,P151S,P151S,-0.3277,-0.4948932093552749,0.222861963506121,0.5100136538914823,0.6427858227585199,-0.4749107970794862,-1.6277102737294884,-3.613863831,-0.105549529,-1.065788939,0.087773183,1.07727032,-0.868229994,,-0.364712025,-4.909280401,-0.252075712,4.240192992,2.029829082,,,,,,,,,,,,,-0.4110681258030592,0.2849144967775234,-1.1099935435577901,-0.6294374103695034,-0.020259086231186475,-0.8639775457581972,0.22061206802614788,-1.623051780897167,-1.3823245709488232,0.1552821035933767,0.15528462729432913
HPBALL_HAEMATOPOIETIC_AND_LYMPHOID_TISSUE,Wild-type_but_Non-functional,WT/Low_Functional_Score_(Z<0),,,,-0.902,-0.1111987131602486,-0.572102094,,,-0.5161848440060985,-0.5161848440060985,,,,,,,,,,,,,,,,,,,,,,,,,-0.18386943706181358,-0.7714833240243534,-0.39331877691858,1.0403898474380218,-0.2782950677967716,-1.3018960941778501,-0.7350177924371665,-0.9267467941383892,-0.288898131042797,1.305509826543822,-3.1444075404512057
HS172T_URINARY_TRACT,Wild-type_and_Functional,WT/High_Functional_Score_(Z>0),,,,-0.0524,-1.4057761604183783,,,,0.704908869339954,0.704908869339954,,,,,,,,,,,,,,,,,,,,,,,,,-0.27628893124594095,1.5464390506469694,2.3907532163335325,0.19118692951294672,-0.5754619092468104,1.4927419536539286,0.5374850813914249,1.8231486297270718,0.13875303511408335,0.11539539553186891,0.3698451113204183
HS229T_LUNG,Wild-type_and_Functional,WT/High_Functional_Score_(Z>0),,,,-0.0041,-1.3195067577565813,-0.324018004493879,,,0.5142058123423247,0.5142058123423247,,,,,,,,,,,,,,,,,,,,,,,,,-0.36828401083111556,1.090180131702938,0.7830691090324209,0.18353320045198698,0.10626695336529907,1.7320992070365613,1.0875278307979859,-0.21538560775285792,0.24935667376411094,0.8845327709757936,0.12336767722244885
HS274T_BREAST,Wild-type_and_Functional,WT/High_Functional_Score_(Z>0),,,,-0.0425,-0.5144604159142114,,,,0.790442139178504,0.790442139178504,,,,,,,,,,,,,,,,,,,,,,,,,0.008106514551605803,1.7307157229282366,2.1319124787319192,0.7555038654508053,-0.04375905927579245,1.2539652534881933,0.5700762373992262,1.2109235691999973,0.49589397870066376,-0.23498375299928095,0.8165087227879709
HS281T_BREAST,Wild-type_and_Functional,WT/High_Functional_Score_(Z>0),,,,-0.026,-0.6941713093221235,,,,0.6097675150500079,0.6097675150500079,,,,,,,,,,,,,,,,,,,,,,,,,0.01660766757911909,1.645282659537564,1.8133119332085574,-0.015627932065894128,-0.20373603016769956,1.6533495821363928,0.8430179901324077,0.19913585351590574,0.32278232529918316,0.0422654134413482,0.3910532029332018
HS294T_SKIN,Wild-type_and_Functional,WT/High_Functional_Score_(Z>0),,,,0.1092,0.9462511553447697,-0.201337402493879,-0.8793263576911136,,1.332417773648974,2.2117441313400876,4.628184507,2.631611841,1.483869592,2.017159971,0.016089771,4.382720487,0.637810542,-3.010101523,-3.321286555,-1.486245051,-7.65293469,-0.484197575,1.49557745190933,0.0399834231145162,0.472588725554037,0.315174032169641,0.143054066948346,0.631608503941083,0.0446645088106127,-0.922498791572699,-0.835268012013571,-0.347778697209972,-0.113540750632801,-1.14814021791747,1.9700098491740408,1.4619768864780103,1.8376532580629308,1.8396149486375903,0.9966600423723481,0.8841528543256194,2.7891101460807235,1.3120567857371936,0.7069259074885362,0.035517563942723006,0.8229172678389968
HS343T_BREAST,Wild-type_and_Functional,WT/High_Functional_Score_(Z>0),,,,-0.0125,-0.5543378031615999,,,,0.21046622056994801,0.21046622056994801,,,,,,,,,,,,,,,,,,,,,,,,,-0.33744689122580385,1.303143841925778,1.1525953695876323,-0.11676545802300109,-0.7783477880590571,1.2849643762986873,0.2736092748699164,-0.09869770435079638,-0.050230514426692914,-0.4812998375990153,0.163603757271781
HS571T_OVARY,Mutant_but_Functional,Missense_Mutation,R175H,R175H,,0.3777,-0.6173384555070992,,,,1.1972322159192859,1.1972322159192859,,,,,,,,,,,,,,,,,,,,,,,,,1.4686273871070268,1.9991936302126276,2.0723421589050472,1.4878046436383172,0.6105898166317658,1.560811818334953,0.24703833677081097,1.26928008780619,1.1066781376244197,0.5889195344296202,0.7582688236513676
HS578T_BREAST,Mutant_but_Functional,Missense_Mutation,V157F,V157F,,0.2405,0.2517047237243803,0.611480150506121,-0.9898420404306375,0.7142352348240654,-0.19634448673909774,0.07926231886747437,-2.123263774,-2.206800722,-0.657210118,-0.547147219,0.051270307,3.431745364,-0.23323041,-0.771628024,1.523064654,-0.299505695,0.760542552,0.700760186,0.135568445166962,-0.0287297236030742,-0.0803287342177584,0.386508447269242,0.0901981969813533,0.235179036599219,-0.041551938076521,-0.640515684547261,-0.70985134538166,-0.124153118434424,-0.0957437555962556,-0.393858011735141,-0.9376260902170583,0.6460343941738125,0.3857094159410031,-0.24317353288249688,-1.6361384770943972,0.03719828002687341,0.41543236936086914,-0.01759927636889366,-1.5527580769198273,0.03598743354030698,0.7071442063097338
HS600T_SKIN,Wild-type_and_Functional,WT/High_Functional_Score_(Z>0),,,,-0.0047,-0.6515374769484921,,,,0.5631155119964161,0.5631155119964161,,,,,,,,,,,,,,,,,,,,,,,,,-0.3855931447563805,1.7560258520142868,1.5353707956433704,0.4790807054757667,-0.22950850664247957,1.3909758126755831,0.12330877540468146,0.28473009181968806,0.479035349539507,0.13638290422391988,0.6244619965626327
HS604T_HAEMATOPOIETIC_AND_LYMPHOID_TISSUE,Wild-type_and_Functional,WT/High_Functional_Score_(Z>0),,,,-0.0193,0.2916054330296462,,,,0.6196215521931197,0.6196215521931197,,,,,,,,,,,,,,,,,,,,,,,,,-0.15805915010903615,1.6164894294936152,1.7752090354637624,0.31344613536025606,0.13121217829877832,1.4100614996810292,1.163648022793336,0.22103682748782674,0.6029070552656988,-0.6068463836865972,0.34673242407564664
HS606T_BREAST,Wild-type_and_Functional,WT/High_Functional_Score_(Z>0),,,,-0.0289,-0.30194316109242775,,,,0.8142427660466836,0.8142427660466836,,,,,,,,,,,,,,,,,,,,,,,,,0.7202144995840543,1.7145623871269746,1.4352768676596528,0.09484409564119561,0.3388186221762785,1.641460336048717,0.7532342160020312,0.5611821077945177,0.7243817697945034,0.3620508303965255,0.6106446942890674
HS611T_HAEMATOPOIETIC_AND_LYMPHOID_TISSUE,Wild-type_and_Functional,WT/High_Functional_Score_(Z>0),,,,0.0004,0.09130782596130901,-0.0816808924938794,-3.7189146481104927,,1.4234240155734041,5.142338663683897,,,,,,,,,,,,,,,,,,,,,,,,,1.9499778475619869,1.1859198971441156,1.5488844549429956,1.9675550391861063,1.7554332438678313,1.2000463734690032,2.160806755821051,1.4806041177764417,0.5487692585617546,1.0781059932468127,0.7815611897293452
HS616T_HAEMATOPOIETIC_AND_LYMPHOID_TISSUE,Wild-type_and_Functional,WT/High_Functional_Score_(Z>0),,,,0.0011,-0.3949804028353394,,,,0.9054424714610199,0.9054424714610199,,,,,,,,,,,,,,,,,,,,,,,,,-0.05487955160123659,1.7667482202940883,1.680046535149211,0.839254056450633,0.1747381999090906,1.4916776060896213,1.3388174034830744,0.43512976556221084,0.7994737644817379,0.6440770044125841,0.844784181840204
HS618T_LUNG,Wild-type_and_Functional,WT/High_Functional_Score_(Z>0),,,,-0.0146,-1.9399412423142814,-0.30427829149388,,,0.40563643902572566,0.40563643902572566,,,,,,,,,,,,,,,,,,,,,,,,,-0.2821012065004342,1.3175859678487705,0.9590261748674944,-0.07341458423650653,-0.3031188206389778,1.2066259765938216,0.7858374277893682,-0.10277252334973248,0.19674285129175192,0.5494374362993633,0.208152129318064
HS675T_LARGE_INTESTINE,Wild-type_and_Functional,WT/High_Functional_Score_(Z>0),,,,-0.0289,-1.2728715265957402,-0.166017263,,,0.9664446433604965,0.9664446433604965,,,,,,,,,,,,,,,,,,,,,,,,,0.08985868769018783,1.8162701487216244,1.6165380210838183,0.31400397411025477,1.1792538753387274,1.108802759546892,1.4220044742469076,0.6493379002672541,0.5823208675110697,0.9614608656467787,0.8910395028019472
HS683_CENTRAL_NERVOUS_SYSTEM,Mutant_but_Functional,Missense_Mutation,R248Q,R248Q,,-0.7535,-0.7830350132792088,1.11562274550612,-0.8377791085409158,,-0.30393180209443094,0.5338473064464848,-0.385576466,1.053119828,-0.120475325,-0.702739735,-0.115249317,1.348072562,,2.74246656,-0.625537341,-0.749061171,1.808911464,0.009098005,-0.231098362973197,-0.187975374011319,-0.0268256633516299,0.0709299134293559,0.07711740311073,0.0974694203283519,-0.00421145893152461,-0.894586543913117,-1.07266262499477,0.126732131601297,0.11099060658838,-0.156603699509071,-1.2209706046267215,-0.4583719658937544,0.5068033620394357,-0.7268741524241797,-0.9619320175652352,0.5608693765254986,-0.06410160543474065,-0.5305834868278232,-0.9694529104714662,0.003409808107870606,0.5179543735323752
HS688AT_SKIN,Wild-type_and_Functional,WT/High_Functional_Score_(Z>0),,,,0.007,-0.966770627532208,-0.93511177549388,-1.3188962537002002,,0.7582973684295655,2.0771936221297658,,,,,,,,,,,,,,,,,,,,,,,,,-0.4824221412672926,1.742178401864595,1.6252078909581569,0.09068252786071637,0.5312366213565966,1.593661454524303,0.9844147484197387,0.4023123399724792,0.8064865530726747,0.6419234354236614,0.4055892205395927
HS695T_SKIN,Wild-type_and_Functional,WT/High_Functional_Score_(Z>0),,,,0.3089,0.6270088319545514,-0.526898443493879,,,0.6758123750531695,0.6758123750531695,,,,,,,,,,,,,-0.0407400385798941,-0.103726805199636,-0.199754787802871,0.235836552132212,0.0630433897649952,-0.0519920590057869,0.343388685503578,-1.05762840910568,-0.904045798602619,-0.248086803241498,-0.268805370544814,-1.04485343443107,0.39700808414025995,1.4038807042987138,1.5273420271566982,0.9956629714015287,0.7357184838498066,0.74964593088609,0.8494261849461967,1.141608709292117,0.33750004823958735,-1.2001481141682702,0.4962910955421349
HS698T_LARGE_INTESTINE,Wild-type_and_Functional,WT/High_Functional_Score_(Z>0),,,,-0.0268,-0.427735677836717,-0.55454251949388,,,1.1312374875365587,1.1312374875365587,,,,,,,,,,,,,,,,,,,,,,,,,0.21250256438546755,1.6467511446104055,2.362424746149462,0.9645627807979353,0.5756235874970284,1.4726886779536563,1.0143974721277593,1.2882257445807332,1.3720940986706938,0.45811305923575935,1.0762284868932448
HS706T_BONE,Wild-type_and_Functional,WT/High_Functional_Score_(Z>0),,,,-0.0775,-1.1271764098887567,,,,1.0177683713341905,1.0177683713341905,,,,,,,,,,,,,,,,,,,,,,,,,1.1981255482241224,-0.9831381407339214,1.3789025803663677,0.98498058610277,1.2153665527509576,1.7157469580939986,1.1875009305968738,1.4754255056074017,1.2952677102780652,0.5953149817300598,1.1319588716594002
HS729_SOFT_TISSUE,Mutant_and_Non-functional,Missense_Mutation,H179R,H179R,,0.4218,0.19412589454822848,0.773397956506121,-0.12981398302155467,,-0.4838615223927958,-0.3540475393712411,,,,,,,,,,,,,-0.188517869087037,-0.126725248025261,0.114482480229641,0.161172727874112,-0.151226103080246,0.169045252084269,-0.025729011306051,-0.490222435980714,-0.583525410786482,0.206404745785806,-0.0846664952903137,-0.355160397868649,-1.244498974125389,-0.04367420857122027,-0.8050392990004677,-0.39050010733950913,-0.9835451832358998,0.7900427588950844,0.5895802967298526,-1.7410215086258007,-0.9332974724590188,-0.4085353096399483,-0.1519877389484369
HS737T_BONE,Wild-type_and_Functional,WT/High_Functional_Score_(Z>0),,,,-0.0508,-0.5039243986246585,,,,0.6362764061077942,0.6362764061077942,,,,,,,,,,,,,,,,,,,,,,,,,-0.3160828524525337,1.7412439113636953,1.6717959076847864,0.5272915792988392,-0.4904802115234386,1.4856785561816983,0.01755109338804495,0.7899887973299791,0.5060263479160689,0.4707212267709092,0.5953061112276891
HS739T_BREAST,Wild-type_and_Functional,WT/High_Functional_Score_(Z>0),,,,-0.0318,-0.5037333798649026,,,,0.873410756660464,0.873410756660464,,,,,,,,,,,,,,,,,,,,,,,,,0.5427779632468881,1.6686267176996439,1.533104044308407,0.23243706420188587,0.25834557835163163,1.5769463598211795,1.2833641055536709,-0.08329800931626857,1.0999894845633493,0.741052868580452,0.7541721462542637
HS742T_BREAST,Wild-type_and_Functional,WT/High_Functional_Score_(Z>0),,,,-0.0256,-1.534558342867683,,,,0.821239410270793,0.821239410270793,,,,,,,,,,,,,,,,,,,,,,,,,0.6276562898058962,1.701461315753975,1.8434879123176773,-0.3309292782237788,-0.14352931911850472,1.7038577120063205,0.503338729823378,1.023592902911221,0.6378402695260221,0.7674569295779752,0.6994000485985417
HS746T_STOMACH,Mutant_and_Non-functional,Nonsense_Mutation,K319*,K319*,,0.4119,-0.6619368936133355,-0.223567939493879,-0.15557327749467745,,-0.5236870859749095,-0.3681138084802321,,,,,,,,,,,,,,,,,,,,,,,,,-1.0998728096847703,0.42527982450873253,-0.8809640204826586,0.08591414036682352,-0.8883279101719407,-0.02596107202790715,0.06565255775991695,-1.0656613638044985,-0.6971020608096644,-1.005426321769825,-0.6740889096082138
HS751T_HAEMATOPOIETIC_AND_LYMPHOID_TISSUE,Wild-type_and_Functional,WT/High_Functional_Score_(Z>0),,,,-0.0523,-0.7243600473828301,,,,0.1528024858471876,0.1528024858471876,,,,,,,,,,,,,,,,,,,,,,,,,-0.36005477711375444,1.1144914482146495,1.3755723270989093,-0.5077423926563399,-1.2437215562491788,1.1364032270668087,-0.3774872105740111,0.371217627632103,0.00033910524266312205,-0.3166235955793644,0.4884331412365787
HS766T_PANCREAS,Mutant_and_Non-functional,Complex_Rearrangement,,,?,-2.378,0.5503481171381447,-0.288750973493879,0.8124776277049188,,0.0013526744603007351,-0.8111249532446181,1.234446475,-0.522600817,-0.316094312,0.854373154,0.237743781,-1.055495286,,-1.788324159,-0.089673549,-0.755395726,1.497726432,-0.465589819,-0.0721107707937224,-0.409622095055033,-0.0246669902886037,0.212821077529159,-0.104191592899479,0.0595910349558466,-0.0263571637078116,-0.703883216427359,-0.572195236159917,0.185902081171206,0.0449296330368048,-0.110314252870291,0.9766775854340582,0.2558621580037796,-1.0266298352842302,0.41461359412833876,0.8614438716330088,-1.1461264091695165,0.9676254314448088,-0.7369844317006715,-0.34556543844252735,-0.43125872545640315,0.2252216184726626
HS819T_BONE,Wild-type_and_Functional,WT/High_Functional_Score_(Z>0),,,,-0.1118,-0.9505340329529668,-0.0220843080000002,0.7243974595065008,,0.7302689788715302,0.005871519365029387,,,,,,,,,,,,,,,,,,,,,,,,,-0.12955079892005736,1.8782681321481818,1.4029659893482556,0.15642223720204396,0.2588146202223154,1.3767643537203242,0.9841999363479933,0.4330258561895922,0.7090112987842834,0.006085454427440093,0.9569516881164596
HS821T_BONE,Wild-type_and_Functional,WT/High_Functional_Score_(Z>0),,,,0.4888,0.29645864221646434,,,,1.2159999093560392,1.2159999093560392,,,,,,,,,,,,,,,,,,,,,,,,,0.7221510060225669,0.34653504313163963,2.478794122415634,1.3992289206872808,0.8546582810161066,1.8244192633816667,1.164084222816577,2.137704549396654,1.197324160735197,0.09109269579020332,1.1600067375229044
HS822T_BONE,Wild-type_and_Functional,WT/High_Functional_Score_(Z>0),,,,-0.0449,-0.8411669083993051,,-0.21290848132194884,,0.8018750089013135,1.0147834902232624,,,,,,,,,,,,,,,,,,,,,,,,,0.21245387613060984,1.8876312415175838,1.6747408684926628,0.05981635741565791,0.008888009071232696,1.7380619723684276,0.7678721243196215,0.7507915728860919,0.9740547725918146,0.06587636071990584,0.6804379424008371
HS839T_SKIN,Mutant_and_Non-functional,Missense_Mutation,P278S,P278S,,-0.0308,-1.085855276201353,-0.40251216349388,0.9670333945436524,,0.15357822522837622,-0.8134551693152763,,,,,,,,,,,,,,,,,,,,,,,,,-1.0081818020308804,1.1687471171600539,0.7914326398200426,0.16359250601300399,-0.46560946582840457,1.167861954507347,-0.27823416960745684,-0.1167416856799317,0.22623828910764665,-0.15770325613010797,0.19795835018082603
HS840T_UPPER_AERODIGESTIVE_TRACT,Wild-type_and_Functional,WT/High_Functional_Score_(Z>0),,,,-0.042,-1.0356961931526911,,,,0.3520320176233441,0.3520320176233441,,,,,,,,,,,,,,,,,,,,,,,,,-0.8217737657513441,1.2445925507363043,0.9393494152820032,0.16671458890324117,-0.07888666009382728,1.1920395770193166,0.9717561799060996,-0.3950881626080066,-0.09363154555429172,0.21301080442978204,0.5342692115875072
HS852T_SKIN,Wild-type_and_Functional,WT/High_Functional_Score_(Z>0),,,,-1.031,-1.1114651168988432,-0.363371002493879,-1.2972916841420963,,1.2228275986010262,2.5201192827431225,,,,,,,,,,,,,,,,,,,,,,,,,1.0941136561521427,1.8964664244351794,2.2726310751897514,0.8112160831153253,0.4219835584761517,2.1878818617344433,-0.018464999988164164,2.7557973073925113,0.42664537757120014,0.6216668349945177,0.9811664055382298
HS863T_BONE,Wild-type_and_Functional,WT/High_Functional_Score_(Z>0),,,,-0.0588,-0.8440221946279807,-0.0662636404938794,,,0.29307829484828896,0.29307829484828896,,,,,,,,,,,,,,,,,,,,,,,,,-0.5948424030886597,1.3987470746639028,1.3387082077743708,0.21533000920192275,-0.9287993963484056,1.2999136216337535,0.39036730772390404,0.48904178870927323,0.13116808463478866,-0.6909660935872599,0.17519304201358726
HS870T_BONE,Wild-type_but_Non-functional,WT/Low_Functional_Score_(Z<0),,,,-0.1554,-1.888092975930803,-0.0290181790000001,,,-0.20985820251206616,-0.20985820251206616,,,,,,,,,,,,,,,,,,,,,,,,,-0.6683304339497935,0.6625560648673123,0.028780955560179667,0.009278887830396185,-1.5141929106622805,1.4042317777947029,-0.6168437534775845,-0.44530027942681216,-0.9622171667784927,0.10524099145076453,-0.3116443608411202
HS888T_BONE,Wild-type_and_Functional,WT/High_Functional_Score_(Z>0),,,,-0.0645,-0.5523476542227489,,-1.9096981366160035,,0.6944417452536981,2.6041398818697017,,,,,,,,,,,,,,,,,,,,,,,,,-0.38214822106358015,1.42096246248074,1.4453323692277782,0.40886468031127793,0.13372496593869732,1.5442418619360543,0.799764045114288,0.8541177143741413,0.6443820766564347,0.564381899889165,0.20523534292568144
HS895T_SKIN,Wild-type_and_Functional,WT/High_Functional_Score_(Z>0),,,,-0.0395,-1.940422120936225,-0.523544563,0.4086383659650012,,0.5276548473400927,0.11901648137509152,,,,,,,,,,,,,,,,,,,,,,,,,-0.17007045071793284,1.2310788471940757,1.3907479548973494,-0.33435159627865046,0.04335150334646616,1.6958388206979491,0.17787323358823492,0.562705845045469,0.09170324077043833,0.9151395544850343,0.20018636771258497
HS934T_SKIN,Wild-type_and_Functional,WT/High_Functional_Score_(Z>0),,,,-0.0258,-0.5485117309890479,-0.557899379493879,,,0.22698461311447649,0.22698461311447649,,,,,,,,,,,,,,,,,,,,,,,,,-0.5308899210091974,1.1373476295178178,1.2057649394763135,-0.10485854863888026,-0.6703768320689878,1.2281669199123888,0.2602898304416692,0.339226476056804,-0.07778740687749838,-0.4552612307329459,0.16520888818175722
HS936T_SKIN,Wild-type_and_Functional,WT/High_Functional_Score_(Z>0),,,,-0.5441,-1.6821247770757626,-0.314071047493879,0.8099847927559068,,0.9527055473940584,0.1427207546381516,,,,,,,,,,,,,,,,,,,,,,,,,0.22408210122486746,1.0455982598778832,1.4102249624494922,1.0463292427794735,1.4409286996969122,1.360339535625648,-0.6424326935344207,0.5641950233072233,1.5088255681536593,1.4472146660149605,1.0744556557389426
HS939T_SKIN,Wild-type_and_Functional,WT/High_Functional_Score_(Z>0),,,,-0.038,-1.5009379305764807,-0.488026902493879,,,0.8422900714592134,0.8422900714592134,,,,,,,,,,,,,,,,,,,,,,,,,0.5462835175966813,1.5638909641572738,0.8457091359962958,0.8462411001762277,0.9308221689021487,1.6254467431493436,0.596655943337996,0.07960573506292873,0.9857164884509021,0.21791833133787308,1.0269006578836741
HS940T_SKIN,Mutant_but_Functional,Missense_Mutation,,,V216L,-0.0136,-0.8482357130844532,-0.512694226,-0.5519340343875593,,0.5980636904446153,1.1499977248321747,,,,,,,,,,,,,,,,,,,,,,,,,-0.2284853327920087,1.5929269190066504,1.3752667775459206,0.5669198998658294,-0.28443073839248073,1.1920637667366865,0.8858192954279204,0.5131074120954308,0.24272890804014235,-0.009850956090590113,0.7326346434472683
HS944T_SKIN,Wild-type_but_Non-functional,WT/Low_Functional_Score_(Z<0),,,,-0.4027,-1.386958591434065,-0.487567267493879,0.7393544692005709,,0.15323611850213983,-0.5861183506984311,-1.886905677,-0.065404284,-2.589249502,-1.152493165,-0.134490528,2.689414659,,1.399144914,-0.560608149,0.581987273,-0.7910276,-0.075658346,0.280292401826831,-0.0523397353303509,-0.0795628610153754,0.284897585184346,0.0173930341465719,0.467589882538443,0.0214711902389472,-0.310615085823942,-0.533641388740359,-0.0334171227261779,0.009890033822681,-0.17232751525668,-0.28806230245845593,0.7808097696360048,-0.4533983460004336,0.20317728794584985,-0.5864892698246768,0.8050524785235769,1.637888414392333,-0.7784813997892941,-0.4989245233664685,0.440336326127195,0.4236888683379077
HSC2_UPPER_AERODIGESTIVE_TRACT,Mutant_and_Non-functional,Splice_Site_Mutation,X224_splice,E224_splice,?,0.3356,0.7989490377926317,-0.0191841750000001,0.11614573194761241,0.6891852417492929,-0.3985836181482378,-1.203914591845143,-0.336206526,-1.946688043,-1.007986121,-0.034982582,1.2273201,0.880503195,-0.201755588,-0.62712098,0.787464413,0.105272392,4.438147847,-0.911780062,,,,,,,,,,,,,-0.797829249470587,0.5964354006205523,-0.5261862499786859,0.6660392287192842,0.768108972654987,-1.287841868385501,-1.3428438931636055,-2.6302829462177613,-0.507161326513562,-0.1109773350371104,0.7881194671413749
HSC3_UPPER_AERODIGESTIVE_TRACT,Mutant_and_Non-functional,Frame_Shift_Ins,R306*,K305fs,R306fs1,0.3819,-1.0830632927012018,0.133148038506121,0.36376733688278795,0.43413076680615287,-0.3413926789171297,-1.1392907826060705,-0.025120471,-0.091178006,-0.303702338,-0.167628171,0.183622923,4.216438409,-0.070353155,-1.079645779,0.550314497,0.047429983,2.970114643,-0.697592909,-0.192607988339126,-0.266992501860811,-0.0650979078307278,0.162898164821687,0.0993984618264355,0.215334455438936,-0.00738409831150364,-0.871954812861383,-0.496254382862009,0.15085265043175,-0.0723189217817325,-0.00891401414631554,-0.8211472489624133,0.08670299341660963,-0.4788402808725494,0.9574723328162417,0.13670590879169942,-1.045823746092096,-0.1666195706958516,-1.3903053665932656,-1.1121289539400339,-0.4989852071747174,0.5776496712179497
HSC4_UPPER_AERODIGESTIVE_TRACT,Mutant_and_Non-functional,Missense_Mutation,R248Q,R248Q,,0.1631,0.6262214348576506,2.807309845,0.8507010969230997,,-0.29346962231098916,-1.1441707192340889,,,,,,,,,,,,,,,,,,,,,,,,,-0.3165816774032516,0.5714183617370565,-1.0325592335864147,0.8398508985603875,0.5753629101624713,-1.0254680989246892,-0.8543524741721554,-1.0151874364614741,-0.1370272042697933,-0.49132372234745797,-0.3422981687155596
HT_HAEMATOPOIETIC_AND_LYMPHOID_TISSUE,Mutant_and_Non-functional,Missense_Mutation,V216M,V216M,R273H,0.1068,0.9331441588178068,1.97580020250612,,0.5549685174907101,-0.23206491753812636,-0.7870334350288364,,,,,,,,,,,,,,,,,,,,,,,,,0.588689150285576,-2.123700787818107,-0.044072479717550864,-0.8097844106069353,-0.9075994131195901,0.09628166470469822,1.2694473520483724,1.462479498805849,-1.8232330593576735,0.19093998527663802,-0.4521615934206662
HT1080_SOFT_TISSUE,Wild-type_and_Functional,WT/High_Functional_Score_(Z>0),,,,0.0216,0.600412801381114,0.0810706085061206,-1.3064320789551405,-1.175473617754104,1.2814492808192002,3.7633549775284445,5.431881218,2.672786451,2.40079648,1.711517675,0.964436053,1.29620839,0.22060089,0.38490342,-1.302938855,-0.342778627,-4.220397506,-0.943848748,1.17457448713895,-0.0478495079810773,0.0841887095980991,0.330573144319864,0.15376931579954,0.395367995153487,0.218085990766114,-0.671038132641883,-0.355413235612147,-0.46014230427575,-0.293100801359003,-0.890677981280644,1.4631256143080458,1.2871664816084514,1.362470804405641,1.4814824711383296,1.338576492921439,1.5849894408469227,1.5644226858549934,0.7733722069788832,1.5467342033138405,0.2811941038124123,1.412407583822242
HT115_LARGE_INTESTINE,Mutant_but_Functional,Nonsense_Mutation,R213*,R213*,,-0.0078,-0.1657079152900934,-0.842287676,-0.04671948472116051,,0.019480363185795734,0.06619984790695624,,,,,,,,,,,,,-0.121142695936261,-0.26976122810504,-0.0861990539153889,0.056070811424311,-0.152264749134556,0.135966393497613,0.0253128255535535,-0.752799262233745,-0.740583637466295,0.274752467642562,-0.0536359226639987,-0.046573361613018,0.16584543653649875,0.041761282067507,0.35866156946480765,-0.6990094265705791,0.3707453890563783,0.16761714123076005,-0.7743886804644802,-1.2903764784674752,0.790389015625295,0.02101686608397382,1.0620218804810668
HT1197_URINARY_TRACT,Wild-type_and_Functional,WT/High_Functional_Score_(Z>0),,,,-0.1394,-0.060768650010538466,0.701308978506121,-1.6753716514088912,-0.4733621641299337,1.4105659438304554,3.5592997593692806,5.990113909,3.220329579,2.2915254,0.271316924,-0.013647008,-0.431541584,,-1.774467319,-2.122471954,-0.083972449,-0.04038279,-0.50518079,0.988489095832031,0.148599614572862,0.563121151095124,0.3894975221984,-0.188081594715719,0.0768876885154542,0.40244943771065,-1.07817770047623,-1.61467917624454,-0.190245744096821,-0.138861449370375,-0.946692045284276,1.7285142677845156,1.1629805825950876,1.4733173922398848,2.2304467544904414,1.3044614550832159,1.480308438925412,0.9316202978681782,2.420721726076785,1.6004350438338755,0.7011792124522099,0.4822402107854018
HT1376_URINARY_TRACT,Mutant_and_Non-functional,Missense_Mutation,P250L,P250L,P250L,-0.4308,1.0479097844829386,0.783361364506121,0.9429359900365382,0.6094807183295622,-0.020730411592463152,-1.5731471199585636,,,,,,,,,,,,,0.0980046276745665,-0.028844227138404,0.0275422165148637,0.175060369218695,0.0569106182292555,-0.0948907071486516,-0.0704923111009852,-0.417794691792624,-0.713549457621554,0.16937841176972,-0.0821322038549773,-0.0595471514145666,1.0492671801961098,0.4132685875121059,1.278201500945316,1.260435011468056,0.10570569910416008,-1.1196386686486508,-0.8921517269398531,-0.6394600114293026,-0.15519401577662936,-1.1413622067373033,-0.3871058772111033
HT144_SKIN,Wild-type_and_Functional,WT/High_Functional_Score_(Z>0),,,,-0.0804,-0.24557930007425763,-0.206337667493879,-1.4352285513207514,-2.654277186202337,0.9151587546368364,5.004664492159925,1.984299465,1.161599089,0.271594061,1.780405965,-0.831014481,-0.056417134,0.217235658,0.1337383,-1.998948125,-0.182989468,-0.645332827,-1.016696135,0.366735542087834,0.339893466485812,-0.073155556322874,0.236173416351225,0.102985642288312,0.199366797967346,0.16846217031973,-1.09689717261181,-0.792429114988209,-0.605450335237393,-0.274942956688076,-0.843573119790227,0.6182318972287131,1.1411474863468007,1.1394527911404742,1.1818523121084614,0.9807241453179151,1.4210799159433645,0.9504733451038179,0.6521183280344528,0.5118169127548833,0.7444855270294627,0.7253636399968528
HT29_LARGE_INTESTINE,Mutant_and_Non-functional,Missense_Mutation,,,R273H,-0.621,0.9415178881698922,2.24038829750612,1.0908441970112395,0.5509832913197227,-0.11670457732827186,-1.758532065659234,-1.170705012,-3.554873284,-1.136260867,0.038419078,-0.336444071,-1.843355609,,-1.09191898,3.005746517,1.955793966,3.333163847,-0.462818451,,,,,,,,,,,,,-1.130225802680454,-1.3351352263181826,-1.1572352942117452,-0.7239879038022347,0.3340218045573785,0.5739197290469672,1.8093051597062522,-0.8734997697228435,0.9266056289489416,0.8671736997317482,-0.5746923758668186
HT55_LARGE_INTESTINE,Mutant_and_Non-functional,Missense_Mutation,,,R213>L,-0.7549,0.871004201465392,1.002136384,0.7809017183507687,0.7140929053179593,0.04103228692785531,-1.4539623367408727,0.840912224,-1.174268199,1.258201058,-0.547543129,0.51864172,-0.81834537,,1.515146459,-1.165954095,1.976381271,0.952558762,1.576512464,-0.0913430416520647,-0.0346457360399772,-0.128401511099137,0.150925942483102,0.101737547830064,0.110064955739072,-0.089514449924985,-0.561738949531779,-0.504226926377618,0.163786493891483,0.0415013292447272,-0.0952359516409298,-0.7626735735239802,-0.6421571204440295,-0.8531076914683224,0.05533006398883761,-0.06730425185802578,0.313069911780509,-0.5626859038584079,-0.2546561391435263,1.8248093580652567,0.9251503873002088,0.4755801153678881
HTK_HAEMATOPOIETIC_AND_LYMPHOID_TISSUE,Mutant_and_Non-functional,Missense_Mutation,R156P,R156P,,0.3662,2.070664204886037,,,,-0.08568203144182894,-0.08568203144182894,,,,,,,,,,,,,,,,,,,,,,,,,-1.0051493505348976,0.2911858989377803,0.41632674440443934,-1.0483888244966866,-0.3010201020985087,-0.03418557593393004,0.24630951009881388,-0.14895485257976826,-0.9529667685490513,0.5834377224578172,1.010903252433873
HUCCT1_BILIARY_TRACT,Mutant_and_Non-functional,Missense_Mutation,R175H,R175H,,-0.0821,-0.3015677870180237,0.239776354,0.8731366114642056,-0.22015797276617985,-0.21269014215345397,-0.8656687808514798,,,,,,,,,,,,,,,,,,,,,,,,,-0.2619929572439796,0.17135812380588428,-1.196122198949093,0.7692747726093145,-0.07484527475058476,-0.3272319070207315,0.6007790199395815,-1.3101714485825826,-1.6103521254063324,0.5483802297048016,0.3513322022057284
HUG1N_STOMACH,Mutant_and_Non-functional,Missense_Mutation,H193P,H193P,,-0.4277,0.307484422721438,0.966862313506121,,,-0.21309319937962581,-0.21309319937962581,-1.693305829,-1.127550853,0.54516767,-0.989774274,-0.956913769,1.387267623,,-0.221630256,-1.947875772,1.255825599,4.339170419,-0.571297711,,,,,,,,,,,,,0.5581708009526377,0.5903757758530317,-1.86487463686025,0.593741512609676,-0.4440158066249505,-0.36393980313070096,-1.0055714048421047,-0.5432666358630612,-0.2561165678274207,-0.25772022074900147,0.6491917933062604
HUH1_LIVER,Wild-type_but_Non-functional,WT/Low_Functional_Score_(Z<0),,,,0.3475,2.063412155460425,0.267955579506121,-0.2594414003701705,,-0.4344269365026295,-0.17498553613245899,0.439459778,-0.274286247,-0.148386959,0.451732979,-1.197230962,-1.497330522,0.38082555,1.635107101,-0.027978939,1.075686681,0.415705195,0.330822153,-0.186129369010271,-0.082179537252645,-0.0380116973182564,0.0795432540226147,-0.0394823952823708,0.0789535333680185,0.0609108879030043,-0.292839583320519,-0.312950644828451,0.0962780050120891,0.00218492409883028,0.00134958163259185,-0.3038749615315682,0.38698755920434214,-0.7773779848171086,-1.3210758254290498,-1.231538880817814,0.17932496443815646,1.187711358748789,-0.6216673682034177,-0.6815462415820897,-0.9292552392282811,-0.6663836823108835
HUH28_BILIARY_TRACT,Mutant_and_Non-functional,Missense_Mutation,E271K,E271K,,0.1687,0.024249135545184878,1.237911629,-0.07497161414329373,,-0.3466898093675503,-0.27171819522425655,,,,,,,,,,,,,,,,,,,,,,,,,-0.6840558216226882,0.24392616569683656,-0.8218950545734813,-0.7782769523630982,-0.7231063595728633,1.4458622813895992,-1.3451662746943767,0.1539033728677333,-0.674994585029499,-0.3602953642880708,-0.26948931085314454
HUH6_LIVER,Mutant_and_Non-functional,Missense_Mutation,"N239D, A159D","A159D, N239D",,-0.3202,-0.49965757260732235,,0.22749235967014128,,-0.5899563956167034,-0.8174487552868447,,,,,,,,,,,,,-0.135451588422588,-0.079793838292623,-0.00121766424991036,0.00429110765946655,-0.0242816364112894,-0.034474520991569,0.149350072736632,-0.570631705159284,-0.456417700045094,0.277122407125678,-0.055015140776244,-0.15680806240422,-0.7340761136421483,-1.3308942171553344,-0.30912447916247754,-2.4060504248597354,-0.15607641082368956,-1.6503368780434515,-0.9151585382158977,-0.4889817945295136,2.2656739717753123,0.41752154677787556,-1.1820170139046773
HUH7_LIVER,Mutant_and_Non-functional,Missense_Mutation,Y220C,Y220C,Y220C,0.2144,0.38897058237004817,1.514486133,,0.6604346815157465,-0.06964217729093954,-0.730076858806686,,,,,,,,,,,,,-0.0336546621849138,-0.333131048882195,-0.178816417840158,0.145619517308976,-0.210992355572313,0.0126266026728148,0.0635516321197192,-0.813056896343653,-0.612959035058932,-0.036839122569711,-0.0320698705901029,-0.150479048584836,-0.20804361492209097,-1.5331118934298444,-0.3528030640990206,-1.2881869226059468,-1.4462314922387975,1.8359456637087836,1.0498009127075085,-0.052638949688192244,0.10232449948669274,0.5151761114755882,0.611704799404985
HUNS1_HAEMATOPOIETIC_AND_LYMPHOID_TISSUE,Wild-type_and_Functional,WT/High_Functional_Score_(Z>0),,,,0.0263,1.5099330779196802,-0.0845219064938794,,,0.32229714498498213,0.32229714498498213,,,,,,,,,,,,,,,,,,,,,,,,,0.7414287990074768,0.5825624643662902,0.3544517756236303,0.9887249086393489,1.4229180238572232,0.15790496970644233,0.8756814808174302,-1.0058942100938169,-1.544078049774711,0.717885687032947,0.25368274565254156
HUPT3_PANCREAS,Mutant_and_Non-functional,Missense_Mutation,R282W,R282W,R282W,-0.8947,-0.9846919631495286,0.374076841506121,0.7152570646934565,0.3172782422925815,-0.8426195566202932,-1.875154863606331,-2.424946972,-2.507692102,-1.54206832,-0.349113182,-1.629564365,0.765293469,-0.111211037,-2.023890436,-4.647979993,-0.140310401,0.511911255,0.391990204,-0.0455965537446933,-0.203048489907793,-0.045385340278909,0.230915513929079,-0.327002171661448,0.148757569080122,0.0678242791724069,-0.935047909386252,-0.807493992783862,0.0278941546896058,0.158284774351597,-0.213574751281058,-1.0549611098401537,-0.7461562042019236,-0.8262240680076859,-0.719238564460781,-0.9531283942495128,-0.3779940289230502,-0.623402097545604,-1.596238194248811,-1.5642004192849441,-0.8674412832795544,0.06016924121879565
HUPT4_PANCREAS,Mutant_but_Functional,Missense_Mutation,I255T,I255T,,-0.7825,1.0734951925483667,2.62897456450612,-0.30514337443538725,0.07489109339293382,-0.11940078504401617,0.11085149599843724,,,,,,,,,,,,,,,,,,,,,,,,,-1.1700068628385933,0.5938831492914723,-0.8691857563186128,1.161661270523138,-0.871645447417856,-1.2831490632155933,0.32805865515789373,0.03626038467332427,0.3295524599437288,0.6691889240167536,-0.2380263492998329
HUT102_HAEMATOPOIETIC_AND_LYMPHOID_TISSUE,Wild-type_and_Functional,WT/High_Functional_Score_(Z>0),,,,-0.0192,-0.27054945004140235,,,,1.7422786474242804,1.7422786474242804,,,,,,,,,,,,,,,,,,,,,,,,,2.9244732685497383,1.9197558695160368,1.3364469831755081,2.497828391441108,2.896314198287102,1.3550419875214754,1.3692856463124412,1.5233870991600253,1.5455809255169644,1.0206122272091993,0.7763385249774817
HUT78_HAEMATOPOIETIC_AND_LYMPHOID_TISSUE,Mutant_and_Non-functional,Nonsense_Mutation,R196*,R196*,,-0.8699,-0.2490609501430605,-0.463368937493879,,,-0.470075464181491,-0.470075464181491,,,,,,,,,,,,,,,,,,,,,,,,,-0.7163195989599778,-1.6573517987124156,-0.44634544120237607,0.29349909153712667,-0.3026001259426642,-0.7644731433540061,0.1595933838705734,-1.0145831777715781,1.2802992747731228,-0.21712870829111772,-1.785419861943087
HUTU80_SMALL_INTESTINE,Wild-type_and_Functional,WT/High_Functional_Score_(Z>0),,,,0.0379,0.26581567931424593,,,,0.8027680227266054,0.8027680227266054,2.44197109,1.576116555,0.306434115,1.231675107,-0.459255263,1.140615874,,-5.02013512,-0.122969556,0.138726762,-8.044885303,-1.585222478,,,,,,,,,,,,,-0.20999573834801066,0.519872715244261,0.3137639444512243,1.0496853458282471,1.7098803229826947,0.6963196989424822,1.6503595703331726,0.17109175740372223,1.2261390930187734,1.1471115644252148,0.5562199757108773
IALM_LUNG,Mutant_and_Non-functional,Nonsense_Mutation,Q192*,Q192*,Q192*,-0.2149,-1.3166870099018146,-0.623993838493879,,0.6898968892798261,-0.4673173333729539,-1.15721422265278,-1.150513617,-4.438147847,-0.661565125,-0.543188122,0.281491804,0.819533099,-0.203616364,2.566286739,-2.191360244,1.136656777,3.349792054,-0.618015057,,,,,,,,,,,,,-0.8195524789542261,-0.7737242807904715,-0.4927708139809035,-0.2729730067909713,-1.4921674492073658,-1.1606886190266517,0.27948701538408605,-0.2505059187136159,-0.7687243726840945,0.05188468825853775,0.5592445694031838
IGR1_SKIN,Wild-type_and_Functional,WT/High_Functional_Score_(Z>0),,,,-0.9471,-0.5449823262303054,-0.501789331493879,0.06711997795038029,-0.47321983462382766,0.28424737372457953,0.6903472303980269,-1.180998664,0.336444071,-0.007490612,0.92801236,1.021051142,-0.068571562,-0.134411346,-0.052339264,3.23260278,-0.630288258,-1.354803027,-0.867438174,0.185802267842818,-0.106662351821634,0.228106543028459,0.287078140252482,0.0596406114560736,0.0167618955104503,0.0833578868772485,-0.520495577313296,-0.751362851867271,-0.158573010569086,-0.230195170253086,-0.65824822791891,-0.00886731346755957,0.027335540068882485,0.6862067426000796,0.12025070277528954,-1.0330463904162237,1.1304162720175726,0.4289951213397671,0.021681727442744908,0.35640288020374633,0.43251821810074015,0.9648276103053357
IGR37_SKIN,Mutant_and_Non-functional,Frame_Shift_Del,C229Yfs10,C229fs,C229fs10,-0.7661,-2.267635035249509,-0.549627942493879,0.537434838330612,,-0.3192537421583824,-0.8566885804889944,,,,,,,,,,,,,,,,,,,,,,,,,-1.2099679776750765,-1.4210731573041469,0.05073394088537737,-1.018432430094309,-0.4476910023791724,0.8874910353227681,1.2727057004631828,-0.29715741240305066,-0.5879507642299258,-0.40264888773689217,-0.3378002085909619
IGR39_SKIN,Mutant_and_Non-functional,Frame_Shift_Del,C229Yfs10,C229fs,,-0.2321,-1.8797803281588727,-0.426164623493879,0.9096981907163796,,-0.4773773450039787,-1.3870755357203584,0.604950037,0.73718388,-1.993405389,-0.138291262,-0.42243566,3.552497826,,-0.779546219,-0.148862051,0.999276107,0.745497984,-0.591093197,-0.177871034451427,-0.04099497484581,-0.141461150994617,0.146930000532811,-0.0467370099710551,-0.157272390962179,-0.0456685876569768,-0.747212458538231,-0.642858443860205,0.0433015232912148,-0.0901522724812076,-0.169881990355018,-1.1203852633211804,-0.9697342701661494,-0.7431572244160998,-0.37280437372369185,-0.8011437549688368,0.9573146545131653,0.6529684895543854,-0.16173958409840325,-1.8833297564794795,-1.1545185554696338,0.3453788435321593
IGROV1_OVARY,Mutant_but_Functional,Missense_Mutation,Y126C,Y126C,Y126C,0.0177,-0.1818689908247803,-0.369836945493879,0.07958415269543992,-0.6172572948037713,0.5361650692543175,1.073838211362649,2.969718733,3.558436472,2.031808631,0.283550534,0.228123175,2.038935005,,-1.413397664,0.142765041,-0.42283157,-6.568142085,-0.876148188,,,,,,,,,,,,,1.0768623969449167,0.6744969116703635,-1.1361689552638248,0.9442610785174891,1.1221016997233784,1.0732559698707151,0.775497952866625,-0.00521878029965168,0.6595492914089759,0.5009234003488966,0.212254796009608
IM95_STOMACH,Wild-type_and_Functional,WT/High_Functional_Score_(Z>0),,,,-0.0365,0.5143977202075946,-0.400150194493879,-1.1244551276772772,,0.5370778925953513,1.6615330202726284,3.57387695,1.466845475,0.799737614,2.235702131,-0.775983031,0.056219179,-0.01223361,-2.224616659,-3.555665104,-1.187729129,-7.205556718,-0.785880774,,,,,,,,,,,,,0.5774642109249556,0.74903830622945,-2.0649898557246495,1.1487910688585303,0.9696843715336411,0.9756625551388065,0.9061552035465844,0.8548528783261471,0.29945799817899094,0.7913158635885905,0.7004242179478182
IMR32_AUTONOMIC_GANGLIA,Wild-type_and_Functional,WT/High_Functional_Score_(Z>0),,,,-0.0129,0.12315798300221664,-0.502578101493879,,,0.04066399648375662,0.04066399648375662,,,,,,,,,,,,,0.888126341435468,-0.182413517289094,-0.00920711668908035,0.34026361558939,0.177920665659299,0.109994872640659,-0.0191374054776689,-1.02568382617397,-0.543842565785538,-0.568610370578828,-0.39687071163606,-0.719084181720216,0.016126296908444752,-0.19809815703284436,0.16580374463418665,-0.6346284854365656,0.070391013532412,-0.005278863675998004,0.5224120690305525,-0.5986919238401047,0.6889005695002609,0.09722710442531945,0.3231405932756593
IPC298_SKIN,Mutant_and_Non-functional,Nonsense_Mutation,R213*,R213*,,-0.6966,-2.397392301832915,-0.654232304493879,0.8274346373989889,,-0.2599292229369565,-1.0873638603359455,-0.390366974,0.138251671,-0.66829559,0.363841023,-0.280264484,0.170874631,0.043985569,2.214718917,1.109734917,0.744706164,-0.113230177,0.907425055,0.0672177859657738,-0.142870328663217,-0.00495183415347395,-0.135855403160946,-0.049775102137718,0.186537266602034,0.0828093997639215,-0.220647434302857,-0.789168846071128,0.0197658703616692,0.0103762608961961,-0.191149022412537,-0.7565085380833455,-1.0788081227935387,0.5160874891546665,-0.6822933122230525,-0.865475197175726,1.1939142801155425,-0.5255453350454024,-0.35599042616332144,-0.4801112316039309,-0.09655494877796009,0.2720638902895465
ISHIKAWAHERAKLIO02ER_ENDOMETRIUM,Mutant_but_Functional,Missense_Mutation,"M246V, D49H","D49H, M246V",,0.0977,-0.09719881498884536,0.32246366150612,,,0.1591255393305172,0.1591255393305172,,,,,,,,,,,,,,,,,,,,,,,,,0.025145566459355003,0.19051881994640452,-0.49512125589110323,0.12395148667772099,-0.3360386440316781,0.07409969387580723,0.25220807423218344,1.5372201200176308,-0.25449499477606874,0.26947346773936515,0.36341859838607243
ISTMES1_PLEURA,Wild-type_and_Functional,WT/High_Functional_Score_(Z>0),,,,-0.1432,0.4783684725099377,-0.25757292649388,-0.6574640472290594,-1.6455879764244135,0.3365236827127385,2.6395757063662115,,,,,,,,,,,,,,,,,,,,,,,,,-1.1961028487962937,0.967054333277283,1.0218122655711703,-0.08019572650478403,-0.4195733165509753,1.546951110281566,0.05338963801107624,0.41871424569371485,-0.24823076227068036,1.3158730615571848,0.32206850957086186
ISTMES2_PLEURA,Mutant_and_Non-functional,Missense_Mutation,R249S,R249S,,-0.9671,-0.25646625880615226,,,,-0.8733499563373026,-0.8733499563373026,,,,,,,,,,,,,,,,,,,,,,,,,-0.8656244290985785,-0.7127766889594054,-0.8856830635788183,-0.9882057333382744,-1.4400497154478604,0.3436336196783305,-0.8183100772769563,-2.230241701422472,-1.8633810949603904,-0.18760523524297254,0.0413945999370687
J82_URINARY_TRACT,Mutant_and_Non-functional,Missense_Mutation,"E271K, K320N","E271K, K320N","?, K320N",-0.1305,-0.8881242060736886,-0.0931424464938795,0.9188385855294238,0.6666971797844397,-0.3236431728780688,-1.9091789381919324,,,,,,,,,,,,,,,,,,,,,,,,,-0.400486238865095,-0.6920134022910436,-0.23929337899803046,0.07307115034855795,-0.5842291796009105,0.17801871970014113,1.136248523846066,-1.2871415476302321,-0.8606293310296592,-0.19822950892166089,-0.6853907082168902
JEKO1_HAEMATOPOIETIC_AND_LYMPHOID_TISSUE,Mutant_and_Non-functional,Frame_Shift_Del,,,P58fs65,-0.6864,0.149970575541658,-0.380713315,,,-0.3507242786216875,-0.3507242786216875,,,,,,,,,,,,,,,,,,,,,,,,,-0.7668423905154277,-0.4061630738701257,-0.009903828542633364,1.1273891090110133,0.135711965621499,-0.5438992055096893,-1.151041920632916,-0.7649395122346195,-0.7431149796185408,-0.23059830342183668,-0.5045649251252854
JHH1_LIVER,Wild-type_and_Functional,WT/High_Functional_Score_(Z>0),,,,-0.4606,-0.14999106942925808,0.0820073355061206,-0.3624785782626586,,1.4700978973538597,1.8325764756165182,2.010429506,1.157639991,0.970374699,0.066077331,-0.285767629,-1.357970305,0.316608995,-0.439459778,-3.629700219,-0.726494317,1.648568032,-0.148782869,0.587996354888648,0.113026897161768,0.18940965891675,0.205073145400262,0.151195826079165,0.254643657297641,0.0205140924490401,-0.305217118134116,-0.89716676707625,-0.154425849493024,-0.120234604378031,-1.11118761425935,3.202214040419113,1.269423298331633,1.585131158891728,1.5070342070529121,2.7428754405415474,0.9961149611756945,1.7124084756491644,-0.05461090655660584,1.277910342193881,1.2178791465945522,0.7146967065988392
JHH2_LIVER,Wild-type_but_Non-functional,WT/Low_Functional_Score_(Z<0),,,?,-0.409,-2.9310676205133985,-0.501820973493879,0.7376925792345639,,-0.32738350189740695,-1.0650760811319708,,,,,,,,,,,,,,,,,,,,,,,,,-1.5566255963268185,0.7106568395590646,-0.18931905210920738,-0.011912635285413507,-1.3479437239041816,0.006465244107455161,1.5386803086040526,0.31853297222257887,-0.8913066995069477,-2.753262913179789,0.5748167349477301
JHH4_LIVER,Mutant_and_Non-functional,Missense_Mutation,R249S,R249S,R249S,-0.1887,-0.10277611854404066,0.510042189506121,0.7734232135037329,,-0.44550087602485944,-1.2189240895285924,,,,,,,,,,,,,-0.22687345840654,-0.202866243375084,-0.0212339234679458,0.18802320859194,-0.151484051033935,0.133172828591005,-0.107830038847019,-0.724195492700632,0.188027745829022,0.0341601794658515,-0.0461635559477382,-0.012689374213999,-1.0604472656517279,-1.176896250727237,-0.935122876133343,-0.4033249562602145,0.07736723553342936,-0.01570463186275096,0.3756066496510304,-1.1172244229282722,-1.9641729183168153,0.24464869066705278,1.0747611097553935
JHH5_LIVER,Mutant_but_Functional,In_Frame_Del,P190_H193del,PPQH190del,,0.0655,0.36945779394615713,1.69092149850612,-0.7713035099006001,,-0.16367540171633854,0.6076281081842616,-0.656418299,-2.917458651,-1.247511496,-0.814386273,-0.266803553,1.198814601,-0.293765005,4.473779721,1.651339399,0.115170135,0.890400937,-0.602178669,-0.057854824454432,-0.27294677189495,-0.0347981777812938,0.0853359588041107,-0.181519128565501,0.251941165466483,-0.0193136183461344,-0.150318747815475,-0.458050819638994,0.130915428470994,-0.0430254853548319,-0.0800026127610138,0.5345698583948425,0.18840832776320462,-0.5657561013913193,-1.4048169458800965,-1.0583320918683092,0.6488231888852009,0.9457507674652651,-0.7532292511073774,-0.5040498045072407,0.3282202193705327,-0.16001758600442717
JHH6_LIVER,Wild-type_but_Non-functional,WT/Low_Functional_Score_(Z<0),,,,-0.0082,-1.0074387435990506,-0.10084521649388,1.0401565530479988,,-0.3473647111736864,-1.3875212642216852,,,,,,,,,,,,,,,,,,,,,,,,,-1.0558650578171445,0.340366192201676,-0.8802021204345086,-0.2722464558336565,-1.8321784725729047,0.5761693727624388,-1.217362955824766,0.764892687720497,-1.092598445162514,0.7166979611057236,0.13131547094460794
JHH7_LIVER,Mutant_and_Non-functional,Missense_Mutation,R267P,R267P,R267P,0.1303,0.013704233662153717,0.0645849439999999,,,-0.501406718458825,-0.501406718458825,,,,,,,,,,,,,-0.0332948759232441,-0.344622813679983,0.10720406625986,0.153217329104239,-0.228018349487334,0.200091722375535,0.0784744950543252,-0.664020985141644,-0.567809658382932,0.204171164074752,-0.0787927956181086,-0.057148326521177,-0.027452447128637425,-0.616430111504656,-0.4396375626437398,-1.7946800171231936,-0.5309862773463253,0.0045179718591180995,-0.033616922906006,-2.598890817121874,0.13561733725332423,0.0745036886088623,0.311581255006053
JHOC5_OVARY,Wild-type_and_Functional,WT/High_Functional_Score_(Z>0),,,,-0.4011,-0.5381878333687588,-0.184497341,0.31972725278357966,,0.7665712218368487,0.446843969053269,-1.288290196,-0.228796221,-0.279195527,2.151769273,0.256747447,-1.679448989,,-3.243292343,-3.821716429,-1.690138551,-4.968666858,-1.060246203,0.603407445118281,-0.0960904219183451,0.207795430401561,0.389055893315571,0.0982456298537743,0.408127523264054,0.0275941771381875,-1.0237009673746,-0.970167460464398,-0.452607504656793,-0.4903220753307,-0.795277220344365,-0.34393896475567587,1.3218275838236313,0.48189988917026144,0.8388159489445355,1.3040323128045563,0.7108214345061888,0.7433188853229918,0.6208790962847102,0.25360356552698393,0.8992945074998663,1.6017291810772845
JHOM1_OVARY,Mutant_and_Non-functional,Nonsense_Mutation,R213*,R213*,,0.2924,0.19378050597680965,-0.319628584,-0.08078822902432255,,-0.21957362808526384,-0.13878539906094128,1.20039824,-1.932435293,-0.524580365,-1.153680894,-0.840120404,0.650875563,,2.116929218,-2.670015083,0.980668351,-0.471924374,-0.684923798,-0.0867694888003636,-0.123490462061754,-0.193986266683098,0.226921473159038,0.0409122890687396,-0.000603674768272546,-0.11022766399796,-0.730613387128988,-0.447138592793466,0.0719205787287646,-0.057529354350966,-0.177664377616555,-0.764181990778268,-0.777089053405723,0.23361916518938267,-0.5449107803940686,-0.5080910047852844,1.3687333675532656,-0.84657101647113,-0.8422228372576118,0.5203089054765958,-0.8559425300720312,0.6010378660069702
JHOM2B_OVARY,Mutant_but_Functional,Missense_Mutation,C275F,C275F,,-1.066,0.018024367240351516,0.251535582,,,0.3402341031194051,0.3402341031194051,,,,,,,,,,,,,,,,,,,,,,,,,1.599478450008034,0.7207293121723317,-0.3318330482659959,-0.6754523043328227,-0.9695581595874448,0.8789883496669846,0.01851445977103037,-0.09287713277637234,2.100055937847473,0.8012222809376371,-0.30669301112739844
JHOS2_OVARY,Mutant_and_Non-functional,Splice_Site_Mutation,X256_splice,S261_splice,,-0.6075,-0.6451239110322734,-0.459246755493879,0.7460020290646032,,-0.6371908832714008,-1.383192912336004,-0.567734524,2.590833141,0.607721405,-1.135073138,0.665920132,1.059454383,0.410162459,2.036559547,0.225351807,0.785880774,0.492907589,0.768064837,-0.0724868170908246,-0.0740750619808229,-0.263122945943855,-0.0346291765351474,-0.204315297366086,0.0312855723185176,0.037655001155475,-0.297754525071179,-0.375930554485467,0.104372787126571,-0.298637250685319,-0.00683926297669001,-0.6325868243596157,-0.5619086588973075,-0.028790264865742477,-1.2522040555938267,-1.0571262375315802,-0.5141942325785237,-2.5723668169635503,0.2847206666408158,-1.1517003506443126,0.8078396111036007,-0.3307825522953671
JHOS4_OVARY,Mutant_and_Non-functional,Missense_Mutation,V147G,V147G,V147G,-0.6787,-0.30479955789528723,0.273923877,,,-0.762780040592072,-0.762780040592072,,,,,,,,,,,,,-0.0574433957513624,-0.0679287935659989,-0.0948020154651183,0.136535637313886,-0.158090100233487,0.085021732838266,-0.142597315867313,-0.343861412092433,-0.345935197417976,0.128255000939765,-0.0635393257492304,-0.137705641343512,-0.7236494779319392,-0.6089620760536367,-0.5855291840917063,-0.3482848662603285,-1.06255169538926,-1.5402252845722302,-0.7210199364149844,-1.1889091917013772,-1.7701034853239792,1.0393809072459967,-0.8807261560193483
JHUEM1_ENDOMETRIUM,Wild-type_and_Functional,WT/High_Functional_Score_(Z>0),,,,-0.0365,0.3151018510537925,-0.14224780449388,-1.4850852503009886,,1.4733963959084377,2.9584816462094263,,,,,,,,,,,,,,,,,,,,,,,,,1.6287566268115645,1.5535023424849366,1.0579105371789161,0.8991042584688013,2.9009868838419277,1.117861808702203,2.4605463145046227,1.4405439658447308,1.140271830468497,1.2862973807759746,0.7215784059106408
JHUEM2_ENDOMETRIUM,Wild-type_and_Functional,WT/High_Functional_Score_(Z>0),,,,-0.0347,0.6697648274884921,-0.411659786,-4.553266505544753,,1.0861728137749909,5.639439319319744,4.786548391,0.412142008,-0.293369095,2.465329763,2.302214962,0.53170674,0.387595606,-0.222263711,-4.069951817,0.011802068,-3.850617837,-1.539296952,,,,,,,,,,,,,1.1723409833682517,1.091845223868177,1.386780547910868,0.0860783172997496,1.5419234336859633,1.026073926139251,0.7099780790239955,0.6642914701685146,1.5938726424570897,1.4518219984579288,1.2228943291451115
JHUEM3_ENDOMETRIUM,Wild-type_but_Non-functional,WT/Low_Functional_Score_(Z<0),,,,-0.6349,-1.5408908368684235,-0.743578973,0.49090191928239185,,-0.4281782109651264,-0.9190801302475182,,,,,,,,,,,,,,,,,,,,,,,,,-0.7828975722165136,-0.2010660745912204,-0.1102630398591783,-1.115362128472158,-1.6942127766143034,-0.5256964431882708,-1.0375389482538648,0.9741421310968411,-0.7342684076984098,-0.06139304055881648,0.5785959797395033
JIMT1_BREAST,Mutant_and_Non-functional,Missense_Mutation,R248W,R248W,,-0.3431,2.0804927864199834,1.98686294650612,0.9421050450535332,,0.06842754573417903,-0.8736774993193541,,,,,,,,,,,,,-0.223152745857317,-0.100552430002189,0.0326289108697535,-0.004869905612071,-0.0753073742246875,0.0339931034251629,0.0187789161165065,-0.794897112687299,-0.252053567468604,0.123372257547451,0.0137665558539181,-0.0734770131541886,-0.9334894258467432,-0.7856293256847224,0.8566283874635677,0.6285588141035064,0.6331162396309835,-0.48129621695443425,-0.45143078637299144,0.6930717774747982,-0.12049450144253633,0.3827773004232508,0.33089074028129045
JK1_HAEMATOPOIETIC_AND_LYMPHOID_TISSUE,Wild-type_and_Functional,WT/High_Functional_Score_(Z>0),,,,-0.0338,0.5530934565225408,-0.224469063,,,1.2879429345698934,1.2879429345698934,,,,,,,,,,,,,,,,,,,,,,,,,1.8101543660722916,0.8013090930784624,1.2616031333678435,1.4161754269738305,1.2759882195572039,1.1752398183053967,0.31032131551938713,1.0717293858940218,2.4093958447988117,2.094538348285437,0.5409173284161408
JL1_PLEURA,Wild-type_and_Functional,WT/High_Functional_Score_(Z>0),,,,0.0055,2.1165864474203477,-0.37711982349388,-0.7496989403424977,,0.7564846996607205,1.5061836400032182,,,,,,,,,,,,,,,,,,,,,,,,,-0.8053024372681686,1.5347882599864047,1.7178494100771193,0.4613550390489745,0.3806928006767913,1.4793166605132162,0.1656322334385512,1.1433167611521178,0.9781897391026619,0.048869691674045986,1.2166235378662116
JM1_HAEMATOPOIETIC_AND_LYMPHOID_TISSUE,Wild-type_but_Non-functional,WT/Low_Functional_Score_(Z<0),,,,-0.0523,1.4425012345775208,-0.340378681493879,,,-0.262035628901935,-0.262035628901935,,,,,,,,,,,,,,,,,,,,,,,,,1.8082812462297266,-0.2677122380417331,0.5963167485254739,-0.44775522535158585,-1.284995467554129,-0.3322391785164566,-0.9795714723010596,-0.14931510386109295,-0.5369379205625462,-0.25783768814839747,-1.0306256183394849
JMSU1_URINARY_TRACT,Mutant_and_Non-functional,Missense_Mutation,R280T,R280T,,-0.7316,0.3999086275144349,1.795466711,0.15021447625077444,,-0.4514545178215851,-0.6016689940723595,,,,,,,,,,,,,-0.308309826454769,-0.175226462971574,-0.00181694449406314,0.061881907104835,-0.0250509818897994,0.00640559119423281,0.0443864550320834,-0.706585896507444,-0.433571238838494,0.0216576338366284,-0.0407461839823605,-0.103367346759708,-1.1303360402386236,-0.6590016151287491,-0.022031856148472344,-0.5715156070220624,-0.325447518993275,-1.531057381688751,1.0790854971823514,-1.0233360272172494,-0.32457900598665396,-0.3623445178108655,-0.0954356229850846
JURKAT_HAEMATOPOIETIC_AND_LYMPHOID_TISSUE,Wild-type_and_Functional,WT/High_Functional_Score_(Z>0),,,,0.1031,0.4756953204475416,-0.466234508,-1.1244551276772772,,0.027123457102132542,1.1515785847794098,,,,,,,,,,,,,,,,,,,,,,,,,0.04218461836710421,-1.2628578473817305,0.5789446378939211,0.7284201138472027,-0.19174221280524936,-0.732627380435539,-0.9039324155072216,0.40970272745011693,0.13223988084818947,1.3502518537803583,0.14777405206630584
JURLMK1_HAEMATOPOIETIC_AND_LYMPHOID_TISSUE,Mutant_but_Functional,Nonsense_Mutation,,,R306*,-0.8764,-0.712683470405665,,,,0.09938120670605911,0.09938120670605911,,,,,,,,,,,,,,,,,,,,,,,,,-0.3807932177444127,-0.6356587705906965,0.015044647749074035,0.0016233446596800919,0.3812026287970999,-0.21093984076130762,-1.10712052382044,0.008057107762416945,0.5555232759700086,1.2088080529745433,1.2574465687706844
JVM2_HAEMATOPOIETIC_AND_LYMPHOID_TISSUE,Wild-type_and_Functional,WT/High_Functional_Score_(Z>0),,,,-0.0215,0.20792922108895195,-0.131226256,,-0.3495354938171375,1.6407014380930354,1.990236931910173,,,,,,,,,,,,,,,,,,,,,,,,,2.7723187975324532,1.9564376557364096,3.4806966334017693,1.871497927600939,2.0685563754971175,1.163834366565133,0.7235386390429773,2.020701426123434,0.3406321644922811,1.314646179830162,0.33485565320071053
JVM3_HAEMATOPOIETIC_AND_LYMPHOID_TISSUE,Wild-type_and_Functional,WT/High_Functional_Score_(Z>0),,,,-0.049,1.3017426201212021,-0.395690562,,-2.540413581317006,1.2816504375912365,3.8220640189082427,,,,,,,,,,,,,,,,,,,,,,,,,2.5894153969563938,1.5236653957776463,1.9809773158253177,1.3711718991995339,1.1001578107677132,0.9661076167773985,1.1808527161723072,1.1824396314071286,-0.3633302144440865,1.4276889738487242,1.1390082712155278
K029AX_SKIN,Wild-type_and_Functional,WT/High_Functional_Score_(Z>0),,,,0.0518,-0.944332586706012,-0.64277414049388,-1.5548846288733196,,1.002981934729008,2.5578665636023277,1.302542945,0.653251021,-0.566546795,1.674302163,0.514286713,1.084000785,0.378489683,2.021514978,1.310461139,-1.338174819,-1.304918403,-1.505248717,1.08980109534644,-0.100828201727105,0.173400524789956,0.379574347434779,0.00139789324443246,0.750473652501565,0.0702905408578101,-0.662265010602632,-0.926581296729595,-0.298155633137767,-0.216437066952096,-1.12126525227748,1.1631563574800867,1.4326011169010338,0.9938619820431237,0.9004811677736773,1.0253611489016983,1.2394393282071148,1.2135753897750543,0.06434322874309102,1.3830645641732693,0.7498107158020725,0.867106282218867
K562_HAEMATOPOIETIC_AND_LYMPHOID_TISSUE,Mutant_and_Non-functional,Frame_Shift_Ins,Q136Pfs13,Q136fs,,-0.3724,0.12948825585458948,-1.023564471,,0.6955900695240935,0.2743395860181957,-0.42125048350589783,-1.915807086,-0.359881926,1.615311616,-0.542396302,-0.389575154,-1.278788363,,-2.051604116,3.435704461,-0.246770522,-1.941937126,0.210069692,,,,,,,,,,,,,-0.3871125857664852,-0.8776359836184117,-0.33312235684488634,-0.4274381031382132,2.022767603690237,0.041939464631520644,0.14698413445503944,0.20366831731117455,0.18725785773406553,1.6647773416292542,0.775649756116858
KALS1_CENTRAL_NERVOUS_SYSTEM,Mutant_but_Functional,Missense_Mutation,S241F,S241F,S241F,-0.5707,0.2748690800673232,1.39580849550612,-2.519611754140899,0.5711940811868685,-0.43091760480387364,1.5175000681501567,-1.513166911,-1.166745915,-1.831478317,-0.199934403,-0.635435084,2.4015883,,-2.038539096,-2.352891405,-0.57248544,4.093706399,0.721347491,-0.256993266301627,-0.32755511826872,0.0485664741415074,0.0750805748774932,-0.13916603948761,0.0708678810102514,-0.0322137196186792,-0.59216159867845,-0.568056754543974,0.136280732296475,0.02018334096895,-0.0937700635572869,-0.9030482428045239,-0.28957082039459076,-0.9046650334830945,-1.1428685676489307,-1.4311476731384791,1.1568919176797534,-0.4845732202996111,-0.7997655481661557,-0.48694673059565924,0.22580169903065878,0.31979856697802195
KARPAS299_HAEMATOPOIETIC_AND_LYMPHOID_TISSUE,Mutant_and_Non-functional,Missense_Mutation,R273C,R273C,R273C,-0.8937,-0.300646010444784,1.62271736350612,,0.5361810226846291,-0.22244132305774722,-0.7586223457423763,,,,,,,,,,,,,0.166196002899825,-0.112993442459864,-0.0749717841751318,0.0922268950029189,-0.0543287224670603,0.151495462565372,0.0553749805681346,-0.958348565135213,-0.416060892792132,0.0879183790811372,-0.0857731410083219,-0.107113231520484,-0.6999281927064758,-0.4135267376548107,-0.1662544032940665,0.33711029007362087,-0.6161240268073912,-0.2684146092339846,-0.4763478907156401,0.21858104477065776,-1.3329897106598168,-0.05377071153135419,1.0248103941240412
KARPAS422_HAEMATOPOIETIC_AND_LYMPHOID_TISSUE,Mutant_and_Non-functional,Nonsense_Mutation,,,K319*,0.0961,0.5478471040743651,-0.106264848,,,-0.39338347144284763,-0.39338347144284763,-1.276016995,-1.741606813,0.283075442,-0.943452838,-0.226579127,0.935930554,-0.557440871,2.394857834,-0.486177124,-0.629100529,1.728541793,0.952558762,,,,,,,,,,,,,-0.6622058189471535,-1.5974527780408,-0.08337310012871309,-0.45901721871741624,-1.0034488730527322,-0.8230122593909924,0.8000281762841387,0.4184168289382039,-1.187239752069609,-0.31146808193921566,0.5815546911929668
KARPAS620_HAEMATOPOIETIC_AND_LYMPHOID_TISSUE,Mutant_and_Non-functional,Missense_Mutation,C135Y,C135Y,C135Y,-0.0007,1.2799753661025195,1.125444524,,,-0.07622205898970588,-0.07622205898970588,,,,,,,,,,,,,,,,,,,,,,,,,-0.10467201933381277,0.06490751951316301,-2.0824511836675397,0.4091150274576184,0.47164347736697176,-0.1714864117297696,-0.9162917814923575,0.1327972556473399,2.2418535919381415,0.6353322091242293,-1.5191903337107489
KASUMI1_HAEMATOPOIETIC_AND_LYMPHOID_TISSUE,Mutant_and_Non-functional,Missense_Mutation,R248Q,R248Q,R248Q,-0.8881,-0.4786932637241256,1.02589453650612,,,-0.8078952716258719,-0.8078952716258719,-0.835369488,-1.212671441,0.560608149,4.208520215,4.465861526,-0.228281539,,4.386679584,-0.615639599,-0.542000393,1.952230779,0.547147219,,,,,,,,,,,,,-0.6418789318669955,-2.063954076961898,-1.407298785351922,-1.7572340705927831,-1.1324345008331043,-1.0678484837580773,-0.6414200080533291,-1.2266591275673853,-0.10201877624010844,1.391587326434415,-0.23768855309340464
KASUMI2_HAEMATOPOIETIC_AND_LYMPHOID_TISSUE,Mutant_but_Functional,Missense_Mutation,E11Q,E11Q,,0.0616,0.8888044844965882,0.0422236579999999,-2.84625622695975,,0.40137560913799375,3.2476318360977436,,,,,,,,,,,,,,,,,,,,,,,,,1.5292598813929472,0.42925080232554164,2.015369405045445,1.0753377648342917,-0.4985479090307156,0.4440330416252341,-0.39126258266474134,-0.33907537181461667,0.13972096469360387,0.5632985894280697,-0.5522528853171271
KASUMI6_HAEMATOPOIETIC_AND_LYMPHOID_TISSUE,Mutant_and_Non-functional,Missense_Mutation,Y234D,Y234D,,-1.208,-0.1379313443583975,0.788737596506121,,,-0.47180617108773804,-0.47180617108773804,,,,,,,,,,,,,,,,,,,,,,,,,-0.6470334563577428,-2.142740728367927,0.6095982849088749,-0.27901489933364276,-0.5227882411717695,-1.3386160851465045,-1.0673309714492119,0.4622983672814083,1.222759845809606,0.7018970687818517,-2.188897066920061
KATOIII_STOMACH,Mutant_and_Non-functional,Homozygous_Deletion,,,0?,-3.912,-3.8819712228937076,-0.621925329493879,,,-0.34675844096924635,-0.34675844096924635,-0.91415552,-3.395321671,1.089939431,0.458859354,-0.386091149,-2.160479286,-0.13698476,-2.644280952,-4.430229652,-0.040461972,1.415773122,0.967603331,,,,,,,,,,,,,-0.9634611806204241,-0.2595979477962603,-0.39080569106027746,0.539837962371983,0.47555097741253427,-0.43136864030140165,0.059464654917664624,-0.7043869269512816,-0.7800485219830723,-1.7223951199487464,0.3628675832975727
KCIMOH1_PANCREAS,Wild-type_but_Non-functional,WT/Low_Functional_Score_(Z<0),,,,-0.4259,-0.8320890750141675,,,,-0.06430256867270841,-0.06430256867270841,,,,,,,,,,,,,,,,,,,,,,,,,0.3459221623918273,-0.5252966560584958,-1.0837202296694028,-1.1098726323502177,0.2811947447174438,-0.37419624329585716,0.6451136011961827,0.2526970505605139,-0.3289029023229204,1.127390093259986,0.06234275617114798
KCL22_HAEMATOPOIETIC_AND_LYMPHOID_TISSUE,Mutant_but_Functional,Frame_Shift_Del,P301Qfs44,P301fs,,-1.108,-1.6180302091584051,-0.0635706930000002,-0.6275500278409176,,-0.09715285843683284,0.5303971694040848,,,,,,,,,,,,,,,,,,,,,,,,,-0.37169402596382894,-0.7526612289874057,-0.4179719675957713,-0.2561081354434459,-0.7375349387063854,-1.1759039512527933,-0.164061553474134,1.541067687481545,1.0770161550335102,1.0858066338738714,-0.8966361177703229
KE37_HAEMATOPOIETIC_AND_LYMPHOID_TISSUE,Mutant_and_Non-functional,Frame_Shift_Mutation,,,P153fs28,0.1479,1.2562001939580334,,,0.6629966126256674,-0.21790723300714057,-0.880903845632808,,,,,,,,,,,,,,,,,,,,,,,,,-0.4394754258970489,-2.1970995553556385,0.48841512149910543,1.1122349431634835,-0.47581046152257084,-0.5590903480184592,-1.1517488277057553,0.02309236254723291,0.9775728071134937,0.8658162986720637,-1.040886477574453
KE39_STOMACH,Mutant_and_Non-functional,Missense_Mutation,V272L,V272L,,-0.0426,0.48004877125127887,0.667268730506121,0.09786494232152543,,-0.028617680064929093,-0.12648262238645452,-1.874632476,1.852065622,-0.678589243,-0.727286137,-0.343095354,-1.542464229,-0.268664329,0.060059503,0.266763962,0.122415282,0.743914345,0.799737614,,,,,,,,,,,,,0.5910656883104485,-0.10154465668146741,-0.05200255648814179,0.0660178916168654,-0.48757197459368046,-0.3508652608918606,0.5954635171438095,-0.7017991917299067,-0.20084161056289293,-0.04834110729261402,0.3756247804552204
KE97_HAEMATOPOIETIC_AND_LYMPHOID_TISSUE,Wild-type_and_Functional,WT/High_Functional_Score_(Z>0),,,,0.0542,1.0618175049970178,-0.0806366434938794,,,0.9321051589165815,0.9321051589165815,,,,,,,,,,,,,,,,,,,,,,,,,1.6466683927214902,0.8569003552657376,0.9170395607114543,1.3672915184312497,2.010803932686206,0.7142200897967661,0.39033223636525244,0.8337404776531715,-0.03699647262714454,0.8635191584172113,0.6896374986609995
KELLY_AUTONOMIC_GANGLIA,Mutant_but_Functional,Missense_Mutation,P177T,P177T,P177T,0.0125,-0.6396687706373874,0.24403893150612,-0.5186962350674007,,0.1160538134223391,0.6347500484897398,,,,,,,,,,,,,0.273062741200608,-0.123173389780764,0.00607927635903769,0.25984468936163,0.0618499925663906,0.138754263732076,0.233604100622928,-0.32255518090752,-0.887347556005898,-0.206410856452026,-0.146284065615657,-0.616780135997862,0.3299064824824188,0.017369259557990565,1.1451571723299923,-1.4819166105140835,0.322416343223963,0.35870381360024955,0.564549210471582,-0.9688637295483612,0.6191380076134938,0.2129847005632506,0.15714729786523418
KG1_HAEMATOPOIETIC_AND_LYMPHOID_TISSUE,Mutant_but_Functional,Splice_Site_Mutation,X224_splice,E224_splice,?,-1.002,-0.7684076406934915,-0.717682364,,-0.3545170265308702,-0.1812412441587253,0.1732757823721449,,,,,,,,,,,,,,,,,,,,,,,,,-0.6420727662401106,-1.8072198025761481,0.10642765010456381,0.01681742092184479,-0.4089866248005755,-0.760820496031038,-0.6722543081886312,0.8492899283075537,2.482909245731472,0.057510071496270465,-1.2152540044711797
KG1C_CENTRAL_NERVOUS_SYSTEM,Wild-type_and_Functional,WT/High_Functional_Score_(Z>0),,,,0.052,0.06858547814384816,0.394905191506121,0.37041489674682027,,1.7500867953461763,1.379671898599356,,,,,,,,,,,,,,,,,,,,,,,,,2.1815254079730235,1.4835672579208692,1.867118656816263,1.980897816442177,1.4948791547167248,1.6986206381955744,1.0859123563400548,2.63661068434731,1.1863572768406851,1.8582200445676114,1.777245454647644
KHM1B_HAEMATOPOIETIC_AND_LYMPHOID_TISSUE,Mutant_and_Non-functional,Homozygous_Deletion,,,,-5.467,2.6775152565915694,-0.477510469493879,,,-0.748412110442258,-0.748412110442258,,,,,,,,,,,,,,,,,,,,,,,,,-0.008143420168912464,-1.5511214671806206,-1.330792177511714,-0.5210742852538734,-1.1993372500815482,-0.18256530228552917,-0.2789081972815595,-0.3932041740757306,1.25689704767752,-0.9849478384751574,-3.0393361502277108
KIJK_HAEMATOPOIETIC_AND_LYMPHOID_TISSUE,Wild-type_and_Functional,WT/High_Functional_Score_(Z>0),,,,-0.6963,-0.9162039637577885,-0.29494922,,,0.6166150252627858,0.6166150252627858,,,,,,,,,,,,,0.37378086986552,-0.00827575370225972,0.250222286909122,0.417283230320754,0.448882145481052,0.581473579480582,-0.0154313276775147,-1.14798241084267,-0.893373934064498,-0.238763095702284,-0.582662582795755,-0.863578645768826,1.5568137590574411,0.9563004107727766,0.40015314597298257,-0.3633755382663943,0.3339162923029149,0.2279221066358018,1.8577408979652819,1.6210926923141538,-1.0664106223944896,0.8073305857062196,0.4512815478239551
KLE_ENDOMETRIUM,Mutant_and_Non-functional,Missense_Mutation,R175H,R175H,R175H,-0.4048,0.06140561604023851,0.379706727506121,,0.6832074024928133,-0.7821493527040997,-1.4653567551969129,,,,,,,,,,,,,-0.279187502080047,-0.13701440442727,-0.153339520273586,0.21727403985934,0.0303173231335045,-0.148065383943596,-0.0967510922852559,-0.676773045659126,-0.349154021124396,0.0803266986110619,-0.0593320710556453,-0.096588297257043,-1.1349513193406575,-0.9393469449625502,-0.8343617921489128,-0.6192421135402563,-0.6539532733342596,-1.3555005078712228,-1.256648357415363,-1.3684588492103822,-0.29370196285975103,0.2882551997094283,-0.43573295877117035
KLM1_PANCREAS,Wild-type_but_Non-functional,WT/Low_Functional_Score_(Z<0),,,,-0.2918,-1.2619323708771677,,,,-0.20643173166239925,-0.20643173166239925,,,,,,,,,,,,,,,,,,,,,,,,,0.16371142113959908,-0.07750276470378085,-0.8132362381713435,1.5035329752236515,0.8184418646646142,-1.1141596976641963,-1.0797933595503895,0.3130024867089885,-0.9912192380834565,-0.6912793399856484,-0.3022471578644298
KM12_LARGE_INTESTINE,Mutant_and_Non-functional,Missense_Mutation,H179R,H179R,"H179R, V73fs50",0.0228,-0.06287985153551387,0.70123562500612,1.162305465549579,-0.01463416594815774,-0.1342426554679336,-1.2819139550693548,-1.754671834,-2.55163808,-0.555461323,0.878919556,-0.603366398,-1.612540248,,1.283143369,0.53210265,-0.403036085,4.493575206,0.317519587,-0.114707892165324,-0.283658450874092,-0.24323052455505,0.0593001260558909,-0.142042706972505,0.0974584545020138,-0.0972703055215378,-0.724539359524559,-0.515728459143544,0.139882782412027,-0.0777914697376992,-0.00670507826776016,0.2141405107706048,-0.9601405722315905,-1.0982973909015243,-1.380957774367951,0.17226531186119576,0.91226130591032,-1.1149184212208332,0.303668417899553,-0.6460005723426806,1.0490523897962514,1.0722575846793858
KMBC2_URINARY_TRACT,Mutant_and_Non-functional,Missense_Mutation,R280T,R280T,,-0.7511,3.7509629462261347,,0.5573775179227075,,-0.13226853821760864,-0.6896460561403162,,,,,,,,,,,,,-0.230831983420846,-0.0917380037641689,-0.000747509472298794,0.110846333837889,-0.0049280536417727,0.210665103327985,0.0677227979321804,-0.485702586853943,-0.677844104545213,0.128958137246677,-0.0227789826590208,-0.222336631498754,-0.1523157733283996,1.1173914028275063,-1.1772705021100445,0.5689507957377774,1.4080274961138226,-1.2138455229486669,0.5739242230313806,-1.9328699773204916,-0.7275457293607227,-0.15463605181255108,0.2352357187766947
KMH2_HAEMATOPOIETIC_AND_LYMPHOID_TISSUE,Wild-type_and_Functional,WT/High_Functional_Score_(Z>0),,,,-0.4595,0.477497782349191,-0.185074658,,-0.9569978258803762,1.0030492066332537,1.9600470325136299,,,,,,,,,,,,,,,,,,,,,,,,,0.9204564307675582,0.6265096108251482,1.8652000898556358,0.8394726566762414,2.8032293367524317,1.0711514644594682,0.4071423769593823,0.17527025337024843,1.1471807524255548,0.06145175534266215,1.116476545531457
KMM1_HAEMATOPOIETIC_AND_LYMPHOID_TISSUE,Mutant_and_Non-functional,Missense_Mutation,S241F,S241F,,-0.4699,-0.02077132075120934,0.544105054,,,-0.20323785926808166,-0.20323785926808166,-2.940817324,-1.943520765,0.031561922,0.587925919,-1.108151278,-0.670671048,0.089317231,-1.430025872,0.782317587,-0.752228449,1.949459411,1.220193726,,,,,,,,,,,,,-0.398219019752073,-2.1115797178470253,-0.268659296501552,-0.4573083273271763,-0.4101410529964733,-1.0751658732627005,0.6129443974721689,-0.7525286461445686,1.6773760436845786,0.7889665156006753,0.1586985251252484
KMRC1_KIDNEY,Wild-type_and_Functional,WT/High_Functional_Score_(Z>0),,,,-0.2585,-0.946620369526343,0.26316002350612,0.06379619801836486,,0.8116734709369937,0.7478772729186288,7.150129359,1.600267047,1.092710799,0.725306588,2.767012962,-2.903601812,0.567734524,-2.732964727,-2.225804388,-1.18693731,-5.297271917,-1.438339976,3.7857675186867,0.315014333710111,0.360755316276516,1.64995007187791,0.654102057794897,1.06508280697433,0.11396655589752,-1.08873487724963,-0.944718677296983,-0.52703840748043,-0.161035734272926,-0.864943841353857,-0.178829743360826,0.5007265825920664,0.18806385857982982,1.3438133099678824,-0.17979095500762532,1.9134495181643612,1.6792331623238064,1.5591483222840705,0.7919568645556749,0.16171670669361568,1.1489205535140758
KMRC2_KIDNEY,Wild-type_and_Functional,WT/High_Functional_Score_(Z>0),,,,0.0741,0.9166143726538236,-0.0170465674938796,0.13110274164168398,,1.4058866462176474,1.2747839045759635,3.49271546,0.194629213,1.631939824,0.072451477,2.309737247,-2.236098041,0.36534548,0.629892348,-0.618410967,0.077004439,-1.739627265,-0.1977569,,,,,,,,,,,,,0.34731023697844615,1.4100519824767321,0.7504818939159956,1.9078164049179365,1.9695566211092708,2.239998607809519,2.8216936302288174,0.7718610366330961,1.1208371297067101,1.5862047033667277,0.5389408612508718
KMRC20_KIDNEY,Mutant_and_Non-functional,Splice_Site_Mutation,X224_splice,E224_splice,,-0.8477,-1.529981666652836,-0.62898588,0.7460020290646032,,-0.5381236136717481,-1.2841256427363512,,,,,,,,,,,,,-0.221608946555859,-0.147291500838074,0.0333991933631202,0.189941635235931,0.0820084992571928,-0.00255765043629477,0.134594976526119,-0.205435307031611,-0.46623098705719,0.152841052893468,0.037587815672265,-0.102740870239647,-0.5613430464535518,-0.1594982380375741,-1.36973908681244,-2.298303190006299,-1.427155053963265,-0.6139526270151056,0.6806573272105401,-0.44250309578606206,-1.373516501315389,0.832311985977725,0.8136817758121924
KMRC3_KIDNEY,Wild-type_and_Functional,WT/High_Functional_Score_(Z>0),,,,-0.0098,-1.058921631075788,0.663280494506121,-0.9690684158555386,,1.2130090132758538,2.1820774291313922,,,,,,,,,,,,,,,,,,,,,,,,,1.2878534086962758,1.836076492844585,0.5426529305226555,1.8458554861985537,1.2733282467555957,2.097001093572893,1.0090447060134198,1.633751754781164,-0.2551280440015277,0.6379034399776707,1.4347596306731059
KMS11_HAEMATOPOIETIC_AND_LYMPHOID_TISSUE,Mutant_and_Non-functional,Homozygous_Deletion,,,,-3.662,-0.776339361520095,-0.285964731,0.15270731119978637,,-0.5263152345649592,-0.6790225457647456,,,,,,,,,,,,,,,,,,,,,,,,,0.6462515285764727,-2.2440109785007922,-0.22128411464745476,-0.925259753021331,-1.5412013878322073,-1.073992671970223,1.0301631438220202,-1.0979666880088608,-0.16144302644774247,0.32189003173642633,-0.5226136639208585
KMS12BM_HAEMATOPOIETIC_AND_LYMPHOID_TISSUE,Wild-type_but_Non-functional,WT/Low_Functional_Score_(Z<0),,,,-0.6889,0.3651476555356214,0.593479029,,,-0.14849016475898846,-0.14849016475898846,-0.028069998,-1.438339976,0.792611239,1.48743278,-1.767340944,-0.912175971,,-0.036993803,0.535269928,-0.148347368,0.509139887,0.537249476,,,,,,,,,,,,,0.2403311172990675,-2.027671573046456,-1.6972266239855198,0.3069706705858788,-0.6076493534614681,0.03146531701002821,0.871129876052309,0.33332736132511465,2.8434142146929444,-1.492733302196684,-0.4347495166240876
KMS18_HAEMATOPOIETIC_AND_LYMPHOID_TISSUE,Wild-type_and_Functional,WT/High_Functional_Score_(Z>0),,,,-0.1124,0.7126107795313872,,-1.6437957420547427,,1.1104176298471151,2.7542133719018578,-2.239265319,-0.381261051,0.17534841,-0.527351733,-0.312293579,-0.042481112,-0.049845032,1.400728553,-2.066648685,-0.526955824,2.965363726,0.240950649,,,,,,,,,,,,,1.7711513993455654,1.0939381185029835,1.8099801008736416,1.5606320797967033,1.5643673975283314,0.6247181355253426,-0.4261465287444487,1.723671102945035,0.5534763869609582,1.0586847165467066,0.8801210190374436
KMS20_HAEMATOPOIETIC_AND_LYMPHOID_TISSUE,Mutant_and_Non-functional,Nonsense_Mutation,Y126*,Y126*,,-0.9195,-1.5135007457529774,-0.26235656549388,,,-0.6238900172160077,-0.6238900172160077,,,,,,,,,,,,,,,,,,,,,,,,,-0.12055265823446264,-0.7588798385024821,-2.050962209967671,-0.8701289575336398,-0.292532128888578,-1.3595764752481785,-0.6032196266210439,-1.2601164180783078,0.9657830487660889,0.2677897683480264,-0.7803946934158361
KMS21BM_HAEMATOPOIETIC_AND_LYMPHOID_TISSUE,Wild-type_and_Functional,WT/High_Functional_Score_(Z>0),,,,0.0699,0.3703606907582595,-0.677369462,,,0.6634838387032777,0.6634838387032777,,,,,,,,,,,,,,,,,,,,,,,,,2.8173113382530617,0.30281120349377466,-0.6099044588964113,0.2689351383847377,-0.24137464531045286,0.8069755610545443,1.1181067676030987,-0.07816233407319896,1.8299794093068398,1.0923195485737047,-0.008675302653643984
KMS26_HAEMATOPOIETIC_AND_LYMPHOID_TISSUE,Mutant_and_Non-functional,Missense_Mutation,R175H,R175H,,-0.661,1.1350743099375444,0.0581866969999998,,,-0.529430801243548,-0.529430801243548,,,,,,,,,,,,,,,,,,,,,,,,,-0.38078035669595944,-0.08783313242281511,0.1745399353417328,-0.6506135135523865,-1.953725043084781,-1.4844679860328693,0.28237930649296034,-0.3827380365595745,0.08850217856249645,0.4214632306242696,-1.8504653963521012
KMS27_HAEMATOPOIETIC_AND_LYMPHOID_TISSUE,Wild-type_but_Non-functional,WT/Low_Functional_Score_(Z<0),,,,0.0076,3.2700510070572624,-0.0367216620000002,,,-0.024348654022147267,-0.024348654022147267,-1.424879046,-1.023822509,-2.01953543,1.085188515,-0.085278951,0.632663716,0.187779975,-3.30109516,2.307757698,-0.99650474,1.736064077,0.127403745,,,,,,,,,,,,,1.1242278011051254,0.21003996242298675,-0.7036118485490546,-0.26787445132147,-0.7399120677334224,0.4336072734384833,0.8458719219427553,-0.6867775510923502,-0.5719884324869924,-0.3060645815670092,0.394646779597328
KMS28BM_HAEMATOPOIETIC_AND_LYMPHOID_TISSUE,Wild-type_and_Functional,WT/High_Functional_Score_(Z>0),,,,-1.042,-0.5304249198182186,0.611655619,,,0.3395638058740223,0.3395638058740223,,,,,,,,,,,,,,,,,,,,,,,,,0.6041545610504536,-1.898370248758688,1.0604346765094201,1.6733336483940313,-0.7154642577138433,0.41477557846542795,0.8941728546669641,-0.2869928806107945,1.2669846467921158,1.0639707495195172,-0.3417974637003583
KMS34_HAEMATOPOIETIC_AND_LYMPHOID_TISSUE,Mutant_and_Non-functional,Nonsense_Mutation,W146*,W146*,,-0.777,0.21992453285710503,-0.371852512493879,,,-0.4224317403713382,-0.4224317403713382,,,,,,,,,,,,,,,,,,,,,,,,,0.14171719099212604,-1.1782718935620025,-1.1164874584759616,-0.23782735143128875,-1.116349645301781,-0.034923362313735024,-0.22695655531761708,-0.4042777120080738,0.8784177786426968,0.3689944588941433,-1.7207845942032265
KNS42_CENTRAL_NERVOUS_SYSTEM,Mutant_and_Non-functional,Nonsense_Mutation,R342*,R342*,R342*,0.3456,-0.33744266490401764,0.00724889150612062,0.37623151162784757,0.6496176390516404,-0.6738593280903689,-1.6997084787698569,,,,,,,,,,,,,-0.268328132364878,-0.190006141189209,-0.0798446666280892,0.10416790185762,-0.0353996418158794,-0.143432613896084,0.0406306760118876,-0.120100913192228,-0.827325746036695,0.180951692420361,-0.0445118286082576,-0.0726595495212436,-0.5832775645903494,-0.6497216390052066,0.6557749545628768,-2.730533887548089,-1.376141208916427,-0.39924469563317183,0.20311365201846177,-0.6203478431613575,0.3548493577056261,-1.4889612934827534,-0.7779624409436667
KNS60_CENTRAL_NERVOUS_SYSTEM,Mutant_and_Non-functional,Missense_Mutation,H193Y,H193Y,,0.1269,0.8077803237087822,1.31545952,0.6180365016819958,,0.1504412821900055,-0.46759521949199023,-0.802904891,-0.368037666,-1.462490468,-1.179019116,-0.556253142,3.164110401,,2.097925552,0.795382607,-0.102065523,0.343253718,-0.15658229,-0.416937806393228,-0.292067330168014,0.0838191288850454,0.126813012147888,-0.202570128903619,0.0394131507849573,-0.100734514714309,-0.61169648764807,-0.492886000535836,0.0999675856066729,-0.0569066389469154,-0.119485679884004,0.6127641143435,0.214299175946242,-0.023948054507913243,0.06049846268394947,0.4088468394666107,1.3624924204716364,0.46460351017164225,-0.01872925059142026,-1.2971512449611076,-0.40364083466512296,0.2748189657320431
KNS62_LUNG,Mutant_and_Non-functional,Missense_Mutation,R249S,R249S,,-0.3019,0.6123070508984647,1.379261327,0.8531939318721117,0.6937397859447059,-0.404057161472621,-1.9509908792894386,-1.325109799,-0.768460747,-0.494887137,0.669879229,-0.297328192,0.949391484,0.084249586,-2.517193935,0.528143553,-0.389575154,2.30577815,-0.298001239,-0.207793013216025,-0.19969648882247,0.0722397887500195,0.308913456206262,-0.138781001397721,0.266317219328025,0.0103901567461916,-0.786249003070054,-0.455905197003774,0.192121817489656,0.00943086339306034,-0.175980016679074,-0.6224541554711926,0.8354762503145967,-0.323283187518412,0.5012210079940139,0.3920021183716281,-1.4278519525268523,0.2741484970092001,-1.974605716607201,-1.3104354292735643,-1.5664245174176532,0.7775783089266051
KNS81_CENTRAL_NERVOUS_SYSTEM,Wild-type_and_Functional,WT/High_Functional_Score_(Z>0),,,,0.02,0.4022808139727976,-0.16091118449388,0.11448384198160544,,0.6073691121100633,0.49288527012845784,1.516334188,2.722275164,0.980668351,-0.297169828,0.253184259,1.707162669,,-1.054307557,0.916926888,-1.458927281,-7.439143447,-1.066184848,0.767779353968011,0.142236974998328,0.307122573545968,0.335286702345857,0.222243385652512,0.467569067615973,0.149886400962812,-1.48546105254057,-0.368417264079805,-0.173577074896208,-0.397566416618806,-0.840405048177625,0.7063264045473195,1.2620687367271517,1.2717060069596875,-0.15581689168755497,-0.1903306539051964,1.2869842176991377,0.2541687823768488,0.39387575764006444,0.7884746461146436,0.07265031408506245,0.9909529126535329
KO52_HAEMATOPOIETIC_AND_LYMPHOID_TISSUE,Mutant_and_Non-functional,Missense_Mutation,R248W,R248W,R248W,-1.095,-0.3757774646089601,1.15453932,,,-0.21558651867132,-0.21558651867132,,,,,,,,,,,,,,,,,,,,,,,,,-0.2977181939077949,-2.21222798566598,0.41276910542312933,-0.4033367479736291,-0.4847071838863491,-0.4089810568748593,0.5774598543755362,0.45019957933622473,0.3858454893006846,0.7076399194189803,-1.098394484930463
KOPN8_HAEMATOPOIETIC_AND_LYMPHOID_TISSUE,Mutant_but_Functional,Missense_Mutation,R248Q,R248Q,R248Q,0.0768,3.191033653821078,-0.135801145,,,0.6784489963538103,0.6784489963538103,,,,,,,,,,,,,,,,,,,,,,,,,0.9644072265634627,0.9230380102488768,0.9406900435532569,1.8350252509546727,1.3241603269943245,-0.14403108251407565,0.41356591549258004,-0.04899035822268381,1.3172686332183021,0.24562758566201784,-0.30782259205882145
KP2_PANCREAS,Mutant_and_Non-functional,Missense_Mutation,A161D,A161D,A161D,-0.6859,0.4597452540079336,-0.251414591493879,0.8000134529598592,,0.06472625252947373,-0.7352872004303854,-3.521616869,1.458531371,-1.395581727,-1.476347308,0.816761731,1.36390895,,-1.479118676,2.953090525,1.249491044,2.546095344,0.801321253,-0.0794666104458747,-0.180502492914913,0.0946887853367792,0.400163694413071,0.00314347552534735,0.131470016023358,-0.0294468171125271,-0.855554020071005,-0.0204919318144551,0.155141995830035,0.0469197982938389,-0.241967653487954,0.7247673107364591,0.8278668276644155,-1.0957061412040847,1.1145896576268937,1.1621741899796023,-0.36465339979313405,0.2257379662892025,-0.26427401056121513,-1.390127999520073,-0.05713811031403393,-0.17124751307982164
KP3_PANCREAS,Mutant_and_Non-functional,Frame_Shift_Ins,P153Afs28,P152fs,P153fs28,0.1287,0.5861041635863827,-0.241763032,0.013108554055124295,,-0.10749948032829458,-0.12060803438341888,,,,,,,,,,,,,-0.110942812853939,-0.176170327514216,0.0578259006313282,0.0356421513118297,0.0387451208838318,0.0473779197413169,-0.0471120108685636,-0.996804394549432,-0.241151310734751,0.0615542904030349,-0.0298706273701188,-0.144704123208841,-0.19183593793220377,-1.562019204132344,-0.6242147577282473,0.3284769417443705,-0.219956544311905,0.4586194411997391,-0.19383604099015542,0.6198412793667074,-1.76219619011885,0.9940254391459493,0.970601290145699
KP4_PANCREAS,Wild-type_but_Non-functional,WT/Low_Functional_Score_(Z<0),,,,0.0049,-1.0124241111138401,-0.501599002493879,0.49921136911243114,0.5902662350051616,-0.03631218539576515,-1.125789789513358,-2.53778124,0.6279128,0.261458772,-0.047627938,-0.011220081,-0.506368519,,-0.123365466,0.135994985,0.651667382,2.439991541,0.354101644,-0.153520392681129,-0.416541953994099,0.127069921450658,0.153298274228581,-0.353605775025292,0.181534442111145,0.19049458155542,-0.915757004073836,-0.528291672188485,0.162336387907233,0.114110842685722,-0.148530896871409,-0.20785988565847457,-0.31053253459139,0.02836013408280768,-0.49984285172342974,0.45856527775906564,0.32589046198695637,-0.15032234872201433,-0.25709621322924275,-0.46944162117880084,0.43279230869933155,0.25005323322177436
KPL1_BREAST,Wild-type_but_Non-functional,WT/Low_Functional_Score_(Z<0),,,,0.1179,1.0722002630490926,-0.13979513,0.628838786461047,,0.49419673232996053,-0.13464205413108643,1.879779302,3.453520398,1.663612601,-0.439855688,-2.392086466,0.931575547,0.048182212,-1.865130643,-5.17058081,1.365096679,-8.832745625,-0.370531897,0.533201639302762,0.0890909968757537,0.295938917317255,0.0518472664919632,-0.296133198519066,0.468215085786201,0.137159093689439,-1.07793157514025,-1.14782874385203,-0.426053809526342,-0.674381640745092,-0.846972988813935,0.33001028951636247,0.6001248176630639,-0.19025543911139034,1.2419047873644358,0.6467069273319985,0.8299799822740365,0.3895639544147697,0.9141309699775891,0.5262973541609927,0.21191444203542098,-0.06421402999771364
KPNRTBM1_AUTONOMIC_GANGLIA,Wild-type_and_Functional,WT/High_Functional_Score_(Z>0),,,,-0.0031,0.3456015498861928,-0.339051416,,,0.4390715286625038,0.4390715286625038,,,,,,,,,,,,,,,,,,,,,,,,,-0.050597741112664935,0.2566910632143182,1.4599711140907334,1.0023869692124903,-0.2860116488942361,0.24238755762345376,0.7699281827206239,-0.5235271695790875,1.3427302849511809,0.21790527940460738,0.3979229236561234
KPNSI9S_AUTONOMIC_GANGLIA,Wild-type_and_Functional,WT/High_Functional_Score_(Z>0),,,,-0.1175,0.16351180657481043,-0.521859934493879,-2.0709014633187697,,0.88914162661107,2.9600430899298398,,,,,,,,,,,,,,,,,,,,,,,,,0.04211480124693015,1.3621927189663805,1.0330086433771994,-0.3300857171871949,1.1020242250168417,1.0746589734782115,1.6401538049652935,1.079709370672201,1.019324507727239,0.5598789829123247,1.197577581546343
KPNYN_AUTONOMIC_GANGLIA,Wild-type_but_Non-functional,WT/Low_Functional_Score_(Z<0),,,,-1.054,-0.21397680107652184,-0.612690051493879,0.7376925792345639,0.6230020214096937,0.042255886074391576,-1.318438714569866,,,,,,,,,,,,,0.0687380824242051,-0.418534037482274,-0.333612191178403,0.291471838620377,0.0063232462869362,0.00903860552096719,-0.136524327865428,-0.654153899962193,-0.414519957165755,0.0447657537425199,-0.120174417552283,-0.373101086016521,-0.26876062466927503,0.12276340413508402,0.7872725866037696,0.4772058230428451,-1.0554903542585918,-0.3153063763569989,0.8821817379476794,-1.4697166875571053,1.009753555575995,0.19096608914316943,0.10394559321173565
KS1_CENTRAL_NERVOUS_SYSTEM,Wild-type_and_Functional,WT/High_Functional_Score_(Z>0),,,,0.1173,-0.1541646072150844,-0.313850639493879,,-2.4799235412216745,1.4606866311009024,3.940610172322577,,,,,,,,,,,,,4.97184215357194,0.274671769198884,1.91866458564421,0.678621042385555,-0.175483208873658,1.25973526954776,-0.0920533875450795,-0.682642342872682,-1.30317205611488,-0.28435305785953,-0.0711603584437022,-0.84662371982648,1.9998392137684198,1.7557345822477728,2.5131309442747547,0.17251520484835228,1.3430886934505666,1.7704036244929937,1.2296698554566816,1.645824361673923,1.6053624411290652,0.8247157608167965,1.207268259950603
KU1919_URINARY_TRACT,Wild-type_and_Functional,WT/High_Functional_Score_(Z>0),,,,-0.1075,-0.8072799583037925,0.444544934,-0.5062320603223411,0.6935974564385998,0.6555558899200112,0.46819049380375255,,,,,,,,,,,,,1.05616115676696,0.180525615076449,0.253951416485355,0.325785559812671,-0.0492417490731123,0.316958743395332,0.140472425132983,-1.05444596553623,-1.09122453926454,-0.114695146438136,-0.278721659631351,-0.945310691246823,1.0247880117582298,0.6867035421353593,1.062471673529345,1.3839813281873126,0.36497945468009246,0.18211887679446662,0.2446238929235777,1.0736332720261386,0.41199391437999505,0.1309532999851797,0.6448675227204286
KU812_HAEMATOPOIETIC_AND_LYMPHOID_TISSUE,Mutant_and_Non-functional,Missense_Mutation,K132R,K132R,,-0.2164,1.3903997572799456,1.15336702650612,,0.13950868916535886,-0.19532775922012433,-0.3348364483854832,,,,,,,,,,,,,,,,,,,,,,,,,-0.26535704006078825,-1.1196350418786145,0.38073930111913246,-1.6131874065747878,0.11844874213906319,0.09227826647985382,-0.5799125168365371,-0.11456761108682112,0.961149343332215,0.40376480911530177,-0.4123261971693843
KURAMOCHI_OVARY,Mutant_and_Non-functional,Missense_Mutation,D281Y,D281Y,,0.2531,2.9307928051375187,3.12310697450612,0.4817615244693491,0.7140929053179593,-0.40302997886071174,-1.5988844086480203,-2.03260045,-1.761006389,0.470340735,-1.302147035,0.446190243,-2.392482376,,1.543651958,1.641837566,0.557836781,2.206800722,0.219452752,-0.210178774612427,-0.091855495771227,-0.103937697414334,-0.0278002795979226,0.0605845718922556,-0.200883125182502,-0.0262642349893982,-0.124065929361655,-0.192955213414762,0.058645335762011,-0.093836356157949,-0.116524101029497,-1.5236783461288765,-0.452240130496619,0.7292386994128567,-2.5082673461217193,-0.5372558332397152,-1.5501551635528843,-0.8192076848624688,0.6991290257631162,1.1357106525979355,0.9895747299021742,-0.5961783707416284
KYM1_SOFT_TISSUE,Wild-type_and_Functional,WT/High_Functional_Score_(Z>0),,,,0.0022,-0.8316248550049928,,-2.506316634412836,,0.5617140657844527,3.068030700197289,,,,,,,,,,,,,,,,,,,,,,,,,-0.7431945969954104,0.5804210247703976,0.673822906066157,0.7268890052130598,0.09252464721459161,0.7566851386409505,0.7444641843789892,1.0170853405212474,1.128324481366238,0.4719350565646663,0.7298975358880927
KYO1_HAEMATOPOIETIC_AND_LYMPHOID_TISSUE,Mutant_but_Functional,Missense_Mutation,R248Q,R248Q,,0.0157,1.1394033281092186,0.837563423506121,,,0.19528618583006052,0.19528618583006052,,,,,,,,,,,,,,,,,,,,,,,,,-0.6267855728609402,-1.683391315838778,-0.9519273120139939,1.0364577645416893,3.179705927255214,0.5545074808570166,-0.25061985858843855,-0.8850927397352361,0.23891539085311397,1.4794007334494117,0.056977546211606764
KYSE140_OESOPHAGUS,Mutant_and_Non-functional,Missense_Mutation,H193R,H193R,,0.0744,1.3034007073788496,1.37642502150612,-0.11734980827649504,0.685342345084413,-0.663750086850544,-1.231742623658462,-2.290337671,-1.698056745,-0.076173028,-0.273771564,0.179743008,-1.14615861,-0.047350801,1.32392207,3.895355635,0.283550534,2.611024536,0.527747643,,,,,,,,,,,,,-1.3403964632697671,0.14726525961905762,-0.18570377716570535,0.4857085554696562,0.28207076242677376,-0.30536440251766006,-0.8102655843860371,-1.3113820604465687,-1.1033334199348266,-2.4665262964479577,-0.6933235287029493
KYSE150_OESOPHAGUS,Mutant_and_Non-functional,Missense_Mutation,R248Q,R248Q,,0.3721,1.2375692014367368,1.53335431950612,0.6986381650333781,0.12371011398751841,0.21636137065688227,-0.6059869083640141,-1.628772546,-2.109011024,-2.31963499,-0.017035995,-1.263347884,-2.074962789,,-1.538901042,2.913895464,-0.066077331,2.447513826,-0.314035582,,,,,,,,,,,,,-0.1320320626251917,0.26246973401955553,0.029027290083519487,0.9174920749565685,1.0403243825683435,-0.2806787959409065,0.3819304540080607,0.33178686820061287,0.011895163663838507,-0.5709274633380148,0.38868743162931896
KYSE180_OESOPHAGUS,Mutant_and_Non-functional,Missense_Mutation,,,I195T,0.2138,0.31446660262018605,0.981700290506121,0.10700533713456965,0.6568764438630803,-0.5402244047090513,-1.3041061857067011,-1.044805724,-0.399076987,-0.326308783,-0.325041872,-0.381261051,-1.510395543,-0.11988146,0.224955897,1.652923038,0.256747447,1.546819236,0.949391484,-0.0767206843186808,-0.332317500932223,-0.00424703697427276,0.0719775530511151,-0.276158743575041,0.00437413707842374,0.00473920245160315,-0.694424361998083,-0.31278822970195,0.104595786799617,0.0317896206902792,-0.111646994032758,-0.8763220654726207,-0.900872636054089,0.04506508871364856,-0.2787037795104719,0.6814115924745784,-1.560713975185175,0.0784656594476179,-0.8509034269985979,-0.9738188907024939,-1.0778253955974384,-0.2282506229145215
KYSE270_OESOPHAGUS,Mutant_and_Non-functional,Splice_Site_Mutation,X187_splice,G187_splice,?,0.0889,-0.620594659016425,-0.18669568349388,,0.5095654050426841,-0.5200040161644855,-1.0295694212071695,,,,,,,,,,,,,-0.342861566863845,-0.280571072822444,-0.0156448470555245,-0.0225545678145937,-0.290512797545628,0.0414061338679931,-0.0583351504147768,-0.89242850635115,-0.394125701929481,0.12129569071459,0.144814960536903,-0.0315847094640116,-0.6163378082854156,-0.24182624435480388,-1.1217125926921871,0.08516763420219049,1.1620837509043476,-2.0054782136207243,-0.5976202650161794,-2.0220216970273546,-0.1657194664771497,-0.6825867524303588,0.48600747698829394
KYSE30_OESOPHAGUS,Mutant_and_Non-functional,Missense_Mutation,"X225_splice, E326K","E326K, V225_splice",,-0.0682,-0.5617786501985977,-0.0852832194938795,0.8108157377389104,,0.20519862896757637,-0.605617108771334,-2.789183905,-4.01056536,-1.635107101,-0.967207421,-0.451732979,-0.261537954,,0.747081622,-1.970046716,-0.522204907,5.229967266,-0.741538886,-0.16525804995234,-0.599331284549416,-0.000295035511908923,0.152668969433862,-0.371281315275484,0.141550358844695,-0.0868951486996719,-0.564677185994776,-0.565607291100258,0.14002775447307,0.0155846771160334,0.00854640499558068,1.4979312860074625,0.6955278024367104,0.5692633753131777,-0.011985199675657735,1.0112313733795568,-0.4101905427433935,0.7540868884092707,-0.6022556886957657,-0.33419920524878827,-0.9581261156131156,0.04590094507388288
KYSE410_OESOPHAGUS,Mutant_and_Non-functional,Missense_Mutation,R337C,R337C,,-0.1199,-0.8780546299416789,0.759388811506121,0.6072342169029445,0.6612886585523874,-0.230772786223199,-1.499295661678531,,,,,,,,,,,,,-0.115123480129483,-0.384873140404934,0.154909351719147,0.0507728878391736,-0.102917008985335,0.130613204081173,0.0827408351339834,-0.558802058257149,-0.0907317305953956,0.0704777746252704,-0.0974837852865499,-0.103347660997504,-0.2549359162284877,0.11443126837673948,-0.8809427030719849,0.20863775831169176,-0.14925978719076893,-0.2048561268425883,-0.37538402503481855,-0.2091398558871023,-0.2412349863180499,-0.1349406845138537,-0.4108755900559658
KYSE450_OESOPHAGUS,Mutant_and_Non-functional,Missense_Mutation,H179R,H179R,"E339*, H179R",0.3453,1.7007486025996736,1.572227103,0.6196983916480028,-0.1098526055335152,-0.6424967164884845,-1.152342502602972,0.089871504,-5.443758509,-0.855956793,1.140615874,-0.540812664,-1.26889062,,-1.008777941,3.507760029,-0.588321829,1.233654656,-0.465985728,-0.0213059106127477,-0.478160491482122,0.053157418771054,0.0904218373385121,-0.363419612239563,0.12861072098427,0.0220978635068696,-0.428316485476677,-0.541165818662533,0.0566573159520044,0.0723612372294552,-0.0380106529502572,-0.7979459175529832,-1.3144113824307024,-0.6767376994931624,0.1369196502691568,0.8852497415498,-2.1613930369332808,-0.6220913055159664,-1.4728971618053108,-1.3053692446658611,-0.41551809393736544,0.6767305691423469
KYSE510_OESOPHAGUS,Mutant_and_Non-functional,Nonsense_Mutation,,,"?, E343*",0.1385,0.28935763087996136,-1.10411368149388,0.7210736795744839,0.6550261602836942,-0.17885967088102292,-1.554959510739201,-2.312904525,0.984627448,-1.47357594,-0.507160338,-0.8318063,-1.351239839,,2.060710039,2.07337915,-0.694029721,4.01056536,-0.501221693,,,,,,,,,,,,,0.08708437580958578,-0.3465965861819469,-0.9696949790436025,-0.5029105113209845,0.43901891095525025,-1.1347451471466243,1.495541441481509,-0.8551060095333527,0.18902179970599453,-0.2850640209416926,-0.08400565347538785
KYSE520_OESOPHAGUS,Mutant_and_Non-functional,Splice_Site_Mutation,X126_splice,Y126_splice,?,0.1669,0.15320567814147484,0.462603147506121,0.16184770601282913,0.6013679364814813,-0.1958797602370004,-0.9590954027313109,-1.728541793,-1.574928826,-0.423623389,-1.054307557,0.052972719,-1.06341348,-0.024973984,-0.993733372,-1.879779302,0.734808421,1.219401906,0.868229994,,,,,,,,,,,,,0.20064467771169045,0.303533916601938,-1.1530373433764964,-0.24217486546176703,0.21164266255859981,0.2700364045781121,0.8751214350589466,-1.1791153836114139,-0.7634271743562103,-0.10211507234935963,-0.5757866199610442
KYSE70_OESOPHAGUS,Mutant_and_Non-functional,Missense_Mutation,I251Nfs13,I251fs,"I251fs13, K120N",0.1789,-0.5974014277446816,1.14095981550612,-0.07330972417728676,0.2690285397224225,0.08086318714312693,-0.11485562840200883,1.733292709,-0.705115193,-0.060613777,0.195262669,-1.093898528,0.067581787,0.185721245,1.692514009,1.219401906,-0.062316188,3.187469073,-0.869813632,0.106070573859477,-0.204913056955229,0.0635601340610339,0.0701242747450733,0.0505257269913492,0.0985817867954837,-0.0517503868046653,-0.337886953852272,-0.40275160537563,0.0531869427117048,0.00675121813209853,-0.0639808776094339,-0.3289567619541083,0.9709379301641374,0.28078748920657265,0.17238005367152295,0.1476534701855174,-0.33236012710330964,0.22911139259959096,-0.3562040635510838,0.4585897399014222,-0.5579668936046769,0.20552282905881128
L1236_HAEMATOPOIETIC_AND_LYMPHOID_TISSUE,Wild-type_but_Non-functional,WT/Low_Functional_Score_(Z<0),,,,-0.4982,0.08756408038493312,-0.21492443849388,,,-0.4337513108312887,-0.4337513108312887,,,,,,,,,,,,,,,,,,,,,,,,,-1.0667978676486152,6.783542705116565e-05,-0.0485499254927419,-0.6599026625584646,-0.5515691468851672,0.0749584288424652,0.26815458261949526,-0.9306121647179502,-0.3100770749321557,-0.3720029484278522,-1.1749334753702405
L33_PANCREAS,Wild-type_but_Non-functional,WT/Low_Functional_Score_(Z<0),,,,-0.4648,-0.6932861816969765,-0.414944637493879,0.5648560227697432,,-0.16106636561984458,-0.7259223883895878,2.173148397,-2.235702131,-1.069352126,-1.467241384,0.387239287,-2.338242746,,1.620062532,5.439799412,1.076478501,1.633919372,-1.314024327,,,,,,,,,,,,,-0.23480837539935404,-1.2839961438744794,-0.6223593534659129,0.4819025532013711,1.0249071802102234,-0.6232898579201794,-0.2295014207798391,-0.7561060251474889,-0.37945819556001753,0.5671228058750654,0.2838568110423207
L363_HAEMATOPOIETIC_AND_LYMPHOID_TISSUE,Mutant_and_Non-functional,Missense_Mutation,S261T,S261T,S261T,-0.9484,-1.0024411597682317,-0.183052995,,0.5817264646387628,0.5589276715733997,-0.022798793065363032,-1.462886378,-0.854769063,0.724910679,0.96918697,-0.004541084,0.099412928,,0.003093638,2.261040353,-0.571693621,-1.73250089,0.738371609,,,,,,,,,,,,,1.3931890701126088,0.45104202854489317,1.0339592419864974,0.28264527286641644,0.1686371089598025,1.5332839199671477,0.22009257352610703,1.3274208745404283,0.07712251433851397,-1.2099240121846528,0.8707357946496341
L428_HAEMATOPOIETIC_AND_LYMPHOID_TISSUE,Mutant_and_Non-functional,In_Frame_Del,,,G112_V122del11,0.4755,0.13247347926286493,0.68819671950612,,0.6625696241073462,0.33210679386986497,-0.33046283023748124,,,,,,,,,,,,,,,,,,,,,,,,,0.45561220735585983,-2.2048588605731725,0.02396716841658241,0.8589190062066898,2.3121362915435624,-0.39559204831020156,0.4965425581044979,0.8091397135555103,-0.26673603573964244,1.9102581024999532,-0.34621337049112494
L540_HAEMATOPOIETIC_AND_LYMPHOID_TISSUE,Wild-type_and_Functional,WT/High_Functional_Score_(Z>0),,,,0.0831,0.5853911749598534,-0.308723522,,,1.269275974455533,1.269275974455533,,,,,,,,,,,,,,,,,,,,,,,,,2.6658440146817015,1.1565902452801715,1.418286101819039,2.4431601939412215,1.0882668456869247,0.8347574514547405,1.0380914628374012,0.2690204131244851,0.08145715549897486,2.1091043058105168,0.8574575288756887
LAMA84_HAEMATOPOIETIC_AND_LYMPHOID_TISSUE,Mutant_but_Functional,Nonsense_Mutation,,,K319*,-0.607,-0.26965543782277723,-0.404118931,-0.26276518030218593,-0.07341625197020926,0.34846328242665003,0.6846447146990453,-1.831874227,-1.932435293,1.652923038,-1.039658898,-1.447445899,-0.593864565,,1.719831779,3.202513642,2.054771394,2.071399602,0.15780961,,,,,,,,,,,,,-0.6096693546624721,-0.26246574137239714,0.5852159043006117,-1.314057034782723,1.6401943555261684,0.37164531239355,-1.0979866268513772,0.5352639131389892,0.6432287988595595,2.156678602565818,1.1850479775774232
LC1F_LUNG,Mutant_and_Non-functional,Missense_Mutation,M237I,M237I,,-0.7661,-0.4505668619242717,-0.0360022430000002,,,-0.5590019896335514,-0.5590019896335514,,,,,,,,,,,,,,,,,,,,,,,,,0.10720916069976565,-1.1316845080320956,-0.18239484130892006,-1.0604998212283692,0.7826483839885767,-1.0859665820686975,-0.3184862255209144,-0.09983815099429226,-1.1190163862487024,-1.8632907395573808,-0.17770217569803562
LC1SQSF_LUNG,Mutant_and_Non-functional,Missense_Mutation,M237I,M237I,,-1.153,-0.9200099014885043,,0.49090191928239185,,-0.79766194714044,-1.2885638664228318,-3.362065255,-4.735080129,-0.844475411,-0.013587621,-1.55513334,-1.525440112,-0.381498596,2.193735702,2.942796873,0.279353891,2.710001963,-0.530519011,,,,,,,,,,,,,-0.5101422939153587,-0.67680972729102,0.47198492460583635,-2.4103897753963115,-0.348443870520777,-1.3308995653052655,-0.43857494146693166,1.3381331139493489,-1.2487861050556541,-3.4594090482943782,-0.1609441298543279
LCLC103H_LUNG,Mutant_and_Non-functional,Missense_Mutation,V216L,V216L,V216L,0.063,0.20852226770354262,0.270504667,0.8033372328918745,0.572475046741829,0.013863535657487946,-1.3619487439762157,-1.740419084,-0.630288258,-0.074747753,-0.413329737,-0.112042448,2.863614931,-0.086783408,-1.310461139,-2.300631324,0.441439326,-0.066671195,1.217026448,-0.0514552772680221,-0.0173246306840166,-0.0482091380135512,0.156835034465038,-0.163975639859262,0.109015367727819,0.116931277848031,-1.01182636667995,-0.866480700850979,0.0802203186104375,-0.0257369103598509,-0.263567904956419,0.4486056918878637,0.5127724078734655,-0.5029360607373116,-0.9118135715091638,-0.28632995897282887,1.1014490854662118,-0.6449074162793386,0.6949411046177177,-1.036986816739892,0.3628078425259643,0.41489658409967906
LCLC97TM1_LUNG,Mutant_and_Non-functional,Frame_Shift_Del,L35Cfs9,P34fs,L35fs9,-0.3374,-0.19403422044318036,-0.367647625,,0.6585843979363604,-0.6955391222675181,-1.3541235202038786,-1.84177197,-2.759490677,1.392414449,-0.562191788,0.544375851,1.047181182,-0.530123101,2.131181968,0.717388394,-0.960476956,1.616499345,0.116120318,,,,,,,,,,,,,-0.39260976533387615,-0.05131882631818861,-0.41861070038225184,-1.031483135679648,-1.4404141317216805,-1.4230986730635182,-1.0400388785378138,-0.709885995201966,-1.6562387925309234,-0.706041076509721,1.2188096303368885
LI7_LIVER,Wild-type_and_Functional,WT/High_Functional_Score_(Z>0),,,,-0.4363,-0.44669095801992453,-1.015276666,-1.2050567910286594,,0.3394504101023045,1.5445072011309637,,,,,,,,,,,,,-0.112914647603689,0.0162317199597619,-0.053931055006725,-0.00447209167718046,0.048175206292513,0.188128486019174,0.0057854986513632,-0.419218468582485,-0.712724341310452,-0.014267243457395,-0.0631497056410503,-0.0499940554303618,-0.15709089688977984,0.09297621601290694,0.07707515467442916,-1.015062721222365,-0.3762858058352075,0.6960657069100893,0.6371534987620213,0.8857611815732779,0.39739438450573006,1.6335571172565047,0.8624106753777423
LK2_LUNG,Mutant_and_Non-functional,Missense_Mutation,V272M,V272M,V272M,-0.3476,0.2518613146844138,1.07103666150612,-0.005172235570962688,0.7136659167996398,0.006488225479412129,-0.702005455749265,0.494491228,-0.692841992,-0.693633812,0.866646355,-0.62712098,-2.840256258,,2.474831596,4.390638681,-0.0815574,2.829962606,-1.2680988,-0.276813645086588,-0.308461190207886,-0.0527943361014168,0.0556040060395039,-0.271049427125518,0.217247688704442,0.153439924167614,-0.487481789404489,-0.324907678752037,0.195571177483432,-0.137761269954845,-0.061968436804159,1.1729592323403193,-0.5779539821601543,-0.07068766171044498,0.32289764718950476,-0.6432885557150128,-0.23483928152351455,1.0557082446805404,-1.0496437959328144,-0.39147090900945897,0.3828425600895817,0.1048469820249872
LMSU_STOMACH,Mutant_and_Non-functional,Missense_Mutation,R175H,R175H,,0.6981,0.4924727646546966,0.536725435,0.807491957806895,,-0.5012771989419119,-1.308769156748807,,,,,,,,,,,,,,,,,,,,,,,,,-0.8518171749378347,-0.5274993836677591,-0.7279279083241115,0.2847333131956807,-1.1133208229383504,0.3977097328604302,-0.4732462674348086,-0.3394523789694918,-1.023199416494327,-1.3117421435942833,0.17171326194382497
LN18_CENTRAL_NERVOUS_SYSTEM,Mutant_and_Non-functional,Missense_Mutation,C238S,C238S,C238S,0.1816,0.3194253163545437,0.809778039,0.559039407888716,,-0.36548002287197456,-0.9245194307606905,-1.224944642,-0.350063365,-1.875028386,-0.186869383,-0.745497984,0.564171336,-0.146447002,0.323814552,1.413001754,0.717388394,0.857936341,-0.195777351,-0.0983728586395572,-0.346265044178556,-0.107404078950213,0.0657713437901334,0.036947748916047,0.272699880591816,0.265918628173285,-0.485727949841473,-0.905936616281548,0.06555562683671,-0.0843521946267894,-0.146368764127555,-0.31600660480813303,-0.36083664370441965,-0.3952705042958104,-0.23352428308983375,-0.2191213128522007,-0.6510112740269491,0.6468134661108705,-0.9128635056601336,-0.6425443205601189,-0.8436084531354728,-0.09230681556951874
LN229_CENTRAL_NERVOUS_SYSTEM,Mutant_but_Functional,Missense_Mutation,P98L,P98L,,-0.3406,-0.7602771270878398,-0.326107740493879,0.14356691638674363,,0.4629020425548207,0.3193351261680771,0.838932675,1.319567063,-1.675093982,0.341155397,-0.305523523,1.263347884,,0.833785849,-0.029190423,-0.084724678,0.027899757,-1.308085681,,,,,,,,,,,,,0.31335063853798034,0.349449561232822,0.7796030559636334,1.862463661015592,0.23030946502268343,1.2305133224973437,-0.12496027651646212,0.7493914102025723,-0.7573760475306789,0.2015120512222589,0.2576656264552816
LNCAPCLONEFGC_PROSTATE,Wild-type_and_Functional,WT/High_Functional_Score_(Z>0),,,P152P,0.0382,0.32921947008876684,-0.26846825249388,-3.799516311461875,-2.6561274697817248,0.8783058110135371,7.333949592257136,5.728813501,3.507364119,1.330652535,1.990634021,2.19650707,1.387267623,0.552689955,-3.031480648,-6.718587775,0.540020844,-10.12341128,-2.008845867,,,,,,,,,,,,,0.9369663423960928,1.0839955036606215,0.1401565309926211,0.28588890111031284,0.8735059616307005,1.2001431323384844,-0.8266855561151578,1.4328174136539953,1.9551306445141923,1.7931822611021346,0.7862627858649098
LOUCY_HAEMATOPOIETIC_AND_LYMPHOID_TISSUE,Mutant_and_Non-functional,Missense_Mutation,V272M,V272M,V272M,0.0322,0.40801692963639397,1.00283826750612,,,-0.5351314097803642,-0.5351314097803642,,,,,,,,,,,,,,,,,,,,,,,,,0.1198120695375062,-1.774009587885416,-0.6345663344446176,0.41124479231127375,-0.9050830788492693,-0.07412279931288215,-1.1162325011903442,-0.6259537301059221,0.782560515797592,-1.5496397312373196,-0.5204551222046072
LOUNH91_LUNG,Mutant_and_Non-functional,Missense_Mutation,V143M,V143M,,-0.0405,-0.13065264115235312,0.729494807506121,1.183079090124678,,-0.10246500051028207,-1.28554409063496,1.176247748,1.669551246,-0.852393605,0.687695166,-1.03728344,-0.26993124,0.036411816,-1.428046323,0.495283047,0.542396302,0.517453991,0.332762111,,,,,,,,,,,,,-1.1178286706179634,-0.7497630948105899,-0.34109112076818177,-0.19497082255332715,0.4974124072113491,1.128529474062662,1.2196646544210963,-0.2360675919240177,-1.2525038142269485,-0.7239744328174809,0.6434780064102993
LOVO_LARGE_INTESTINE,Wild-type_and_Functional,WT/High_Functional_Score_(Z>0),,,,-0.0564,-0.08964357881083074,-0.403860934493879,-2.6517320064385266,-1.25717075425933,0.6249841886251156,4.533886949322972,2.303402692,2.300631324,2.825607599,1.491787786,0.405411543,-2.519569393,,-0.671462868,-2.273313554,-0.988586545,-2.090403268,1.729729522,0.561446937853061,-0.107578296260545,0.0422978157830467,0.300743083280575,-0.0198939876961712,0.0654272061649612,-0.309250898392347,-0.8261708367244,-1.46551736689591,-0.445769935290447,-0.260191412527025,-0.82749929736638,1.44856782610543,0.15996826231115502,-1.2165284876998599,0.7743207188958882,1.4085275710005256,1.4198462403574605,-1.39191091587838,0.4154646534671162,1.0319165462811666,2.3484506580461,0.4762030019896698
LOXIMVI_SKIN,Wild-type_and_Functional,WT/High_Functional_Score_(Z>0),,,,-0.1775,-0.05408299341908671,-0.339538195493879,-1.6396410171397222,-2.020199236497152,1.3114970646978896,4.971337318334763,1.177435477,-0.623953703,0.727682047,-1.131509951,-0.798153975,-1.574137006,-0.327298557,-2.097529642,-0.88604593,0.05138908,-3.617427018,0.480634388,,,,,,,,,,,,,0.9355185557987986,1.3721747765896253,1.0283859233959356,1.5122588431504627,1.8875195132772795,1.1134713749994278,2.0532812581323356,1.411982532136692,0.5654076188269245,1.5312038565829593,1.0152634587863458
LP1_HAEMATOPOIETIC_AND_LYMPHOID_TISSUE,Mutant_and_Non-functional,Missense_Mutation,E286K,E286K,E286K,-1.826,-0.7950403202150229,-0.0305777604938795,,,-0.21677627600333677,-0.21677627600333677,,,,,,,,,,,,,,,,,,,,,,,,,-0.15357983066207742,-2.2748528059025563,-0.04120015601271072,-1.8857229293425177,-0.964480271509175,-0.8086556621315086,-0.6149170207116127,0.8799489879356291,2.3106920989441826,0.8948829540558906,0.2733455992997519
LS1034_LARGE_INTESTINE,Mutant_and_Non-functional,Missense_Mutation,G245S,G245S,,-0.6619,1.305635182638319,0.622155651506121,0.5299563334835777,0.5388852833006561,-0.1769236126412834,-1.2457652294255173,,,,,,,,,,,,,-0.128564899375122,-0.272447666970601,-0.158815049612987,0.400644566461409,0.296663977310644,0.16498365046558,0.25471832820191,-0.539490304710928,-0.955932024311724,0.465206880619119,-0.0639638848103995,-0.199678211604799,-0.9149061294783017,0.48909278266788087,-1.9473138011375568,0.2841355640310488,-0.35262091447690164,0.32807963140899943,0.3815326132833462,-1.0362296719139588,-0.14690796551864393,-0.07687263341252842,1.0458507854924988
LS123_LARGE_INTESTINE,Mutant_and_Non-functional,Missense_Mutation,R175H,R175H,R175H,-0.3782,1.068182205649112,2.26323989350612,1.2420761839179577,0.5864233383402818,-0.7650974585654647,-2.5935969808237043,,,,,,,,,,,,,,,,,,,,,,,,,-0.7487119867817994,-0.13739146957116566,-1.374649197070933,0.08228864201927001,-1.5748784168157657,-1.379363664057373,0.2213321268584806,-1.2027757243060824,-1.2938176632547667,-0.8687986843392389,-0.1393060069007368
LS180_LARGE_INTESTINE,Wild-type_and_Functional,WT/High_Functional_Score_(Z>0),,,,-0.0133,0.9951441838229568,-0.614583901,-1.7003000008990106,,0.22290458716419864,1.9232045880632092,3.116205326,2.351307766,1.766549125,2.815313946,0.252511213,1.087959882,0.087179318,-5.059726091,-6.108886822,-1.134281319,-6.678996804,-0.137934943,0.308301474832607,-0.129827978970744,-0.0290311155781697,0.607051854134472,-0.0913614037116359,0.628967440685244,-0.0317564896160943,-1.06787691169024,-1.04459628277587,-0.368424591862173,-0.337198900515189,-0.915928923094591,0.4467683992517029,1.0413851640676592,-0.7100252310269034,0.29015840842127943,1.376290473960238,0.6758672929055921,-2.6655536088631786,-0.598297113569583,0.8180139586293315,1.281938035065064,0.4954046799649833
LS411N_LARGE_INTESTINE,Mutant_and_Non-functional,Nonsense_Mutation,Y126*,Y126*,,0.2414,0.6645351336530851,0.235588258506121,0.6147127217499789,0.6963017170546268,0.07067228275327303,-1.2403421560513328,1.331048444,-1.861171546,0.092920009,-0.99531701,-1.549986514,0.095572604,,4.073910914,1.226528281,1.266911071,3.163318581,1.170309102,,,,,,,,,,,,,0.17373109653089802,-0.7923964932600672,-1.5174418986339364,0.42754366141489775,0.3677405064481616,-0.36739893271470475,0.4616323085057985,-0.31665182403635606,0.7167001158974583,1.4395140253879017,0.18442254474595174
LS513_LARGE_INTESTINE,Wild-type_and_Functional,WT/High_Functional_Score_(Z>0),,,,-0.0963,0.5742987600038028,-0.500874441493879,-1.9686952304092848,-1.0811091552053875,0.8396116971292668,3.889416082743939,1.852461532,1.149721797,2.115741489,1.870673379,1.839000602,1.859983817,,-0.644541008,-4.65193909,-0.956517859,-9.05841416,-0.248868844,0.539923011306581,-0.0818018532493123,-0.0370043074036518,0.383105945881758,0.0836792688336912,0.304330149510085,0.126089477270483,-0.890653989632249,-1.23542462574663,-0.490492305000227,-0.350850316482028,-0.97058649815403,0.0315264837847393,0.904867631314505,1.412167215421978,0.4626022395062885,0.7059418616510071,1.6494913222157732,-0.01345637158060371,0.5762079374004624,1.1687885938806766,1.7004743791123127,0.6371173757147964
LU65_LUNG,Mutant_but_Functional,Missense_Mutation,E11Q,E11Q,E11Q,-0.0605,-0.4667112788461889,-0.695227492493879,,-0.07910943221447676,0.028164622102557272,0.10727405431703403,-1.611748429,-0.549522677,-0.191422345,0.533290379,0.602970488,-1.185353671,0.153177467,0.14719923,-0.188611386,-0.500033963,1.374598512,0.336206526,,,,,,,,,,,,,-1.170600308360073,-0.1492054926633811,-0.4373976554555508,-0.2109513153947581,-0.9482615306801709,0.6406591592726045,0.4584736942671575,-0.5515597460282048,1.4382374456079488,0.5211800007780403,0.7192365917845179
LU99_LUNG,Wild-type_and_Functional,WT/High_Functional_Score_(Z>0),,,,-0.3245,-1.927073019237013,-0.32423294349388,-1.6230221174796438,,0.5454697118192844,2.168491829298928,1.36351304,2.107823295,0.083814086,0.815574002,0.806072169,-1.106567639,0.301881154,-1.624813449,-4.786548391,0.844475411,-6.532510211,-1.127154944,,,,,,,,,,,,,0.7386241717983788,0.09270193698277328,0.20734900943590906,0.049778888135191234,-0.08294045864347824,0.8202194313149771,2.0151301957981564,1.3946234471389138,-0.4829371203670818,1.1072640121635042,0.14035331625488442
LUDLU1_LUNG,Mutant_but_Functional,Missense_Mutation,R248W,R248W,,-0.097,0.4180443039493878,1.55269943150612,-0.8884667525041563,,-0.41122818026193836,0.47723857224221794,-3.35533479,0.420456112,0.236595643,-1.397561276,0.361030064,-0.270208377,-0.343372491,0.183424969,-1.330256625,0.724118859,2.23688986,-0.195064714,-0.0215224458195255,-0.187931874795666,0.136626968791869,0.0595256204339971,0.0982421987465095,0.115210040819491,0.129117573622814,-0.457728237723261,-0.556407624908918,0.24165995272771,0.000476829065154736,-0.0286074025129621,-0.3348214000487312,0.005754877618239884,-0.4158670706751826,-0.40551640084557594,1.2704058233042295,-1.238470655231994,0.2516600842532374,-1.588601704878408,-1.1739833252196545,-0.8000019440930973,-0.09406826706438447
LXF289_LUNG,Mutant_but_Functional,Missense_Mutation,R248W,R248W,,-0.1189,0.7933606284955905,1.71809203750612,-0.4131662222258992,-0.2436423412737799,-0.527565557321837,0.12924300617784218,-2.113366031,-2.955861893,0.283471352,-1.373410783,-0.397097439,0.51903763,0.145576,0.218344205,1.400728553,0.616431418,1.703599481,1.325901618,-0.232350631259323,-0.40631732859174,0.113126263983334,0.0793650855879452,-0.140237797917674,0.0182540847836079,-0.0370178863839507,-0.644449414688331,-0.514257068482459,0.129950105099153,-0.0371681853833439,-0.0315628355610176,-1.0941937381463995,-0.5341731021930137,0.4358898111330054,-0.4768916421442088,-1.1890626618065365,-0.5855659936806422,-2.0790223987185596,0.2990280881683051,-1.1786832904027285,-0.45715376105654515,1.0566075583071164
M059K_CENTRAL_NERVOUS_SYSTEM,Mutant_and_Non-functional,Missense_Mutation,E286K,E286K,,-0.4206,0.058043907983372334,0.605911283506121,0.7302140743875282,,-0.4922052590965719,-1.2224193334841,0.093434692,-1.726562244,-0.526559914,-0.399076987,-1.330652535,1.470804572,-0.29519028,1.236030114,-2.301819053,-1.728145883,0.503201241,-0.285173764,-0.341572103648356,0.0885959680989341,-0.129882159442705,0.315101752283203,0.0373501827446716,0.11230653081794,0.0630116820069983,-0.456169283209649,-0.619621393149144,0.102861241519197,0.0694386599380929,-0.26159299488839,-0.8578673795887104,0.032339918744802625,0.16963614135306843,-0.38466320919927754,-1.5466791584883188,0.08393281398697794,-0.07491454369929253,-1.6686874497526345,-0.256217748255252,-0.6203290307505819,-0.2908082044130731
M07E_HAEMATOPOIETIC_AND_LYMPHOID_TISSUE,Wild-type_and_Functional,WT/High_Functional_Score_(Z>0),,,,0.0139,1.2108498971288033,-0.00298329700000011,,,1.0276327749460672,1.0276327749460672,,,,,,,,,,,,,,,,,,,,,,,,,0.2533419051020355,-0.033741909533088775,1.7228313679049194,0.6526910091339444,0.9980600747235947,1.3054893514876889,1.7062304366265335,0.306594412318218,2.023435491918572,2.0254283616409046,0.34360002308341725
MALME3M_SKIN,Wild-type_and_Functional,WT/High_Functional_Score_(Z>0),,,,0.2602,-0.33601557707677315,-0.327521259493879,,,0.8243412107010131,0.8243412107010131,,,,,,,,,,,,,0.841725503121517,-0.0557537966781636,-0.0387698813628071,0.433021183698489,0.645092278298353,0.578380472276537,-0.105342581884043,-0.939119327112576,-1.24027860755965,-0.509150809035836,-0.0323997067650512,-1.48835442795808,1.3682946735389572,1.2021824591078205,1.8886571369339176,0.11505872065334839,1.3883995568107568,1.483392627890172,0.4992408607608247,0.6951306554372514,1.0588332262903832,-1.2861864582590636,0.6547498585467757
MC116_HAEMATOPOIETIC_AND_LYMPHOID_TISSUE,Mutant_and_Non-functional,Missense_Mutation,C238Y,C238Y,,-0.0502,1.6460261702263823,1.68443106650612,,0.6533182062104141,-0.14895774813060628,-0.8022759543410204,,,,,,,,,,,,,,,,,,,,,,,,,-0.18818523746415405,0.00044769974754694435,-0.07821586581315144,-2.7975951758467312,-0.54353425570911,0.19099650306949825,-0.4977753948723641,1.5363509090772267,1.8581201038722124,0.40309916051872524,-1.5222436760163676
MCAS_OVARY,Wild-type_but_Non-functional,WT/Low_Functional_Score_(Z<0),,,,-0.1711,1.1240129910586638,-0.0382538830000001,0.9578929997306083,,-0.7117906787379997,-1.669683678468608,,,,,,,,,,,,,-0.333794086293781,-0.241225794251539,0.0618248780200178,0.20682601319626,-0.110005705618887,0.00782182341082162,-0.0901243676873349,-0.6086317644906,-0.211643197116867,0.0430718138837461,0.0154330346338025,-0.0862693529327146,-0.6136397440492143,0.17731701777915201,-1.2663464869104095,-0.6401597060828962,0.24199827217054995,-0.7784185154181893,-0.7965329555136648,-1.5686779239853847,-1.982763254977317,-0.5168010960830812,-0.08567307304754243
MCF7_BREAST,Wild-type_and_Functional,WT/High_Functional_Score_(Z>0),,,,0.0204,0.6790736603040336,0.00089546550612063,-1.9063743566839881,-1.280797452273036,0.7106452776314177,3.897817086588442,-0.07011561,4.386679584,2.279252199,0.476279381,-0.494887137,0.421247931,,-3.15104538,-5.229967266,0.458463444,-9.937333715,-1.531378757,,,,,,,,,,,,,0.43597706095321653,1.0925333486915667,-0.3448311420408109,1.211107553090109,1.0695291106147977,1.1359073378607119,0.5000551738695375,0.953823539933297,1.7709903244790832,0.2895081853029825,-0.297502438808896
MDAMB134VI_BREAST,Wild-type_but_Non-functional,WT/Low_Functional_Score_(Z<0),,,,-1.084,-2.3597227360645645,-0.23319298949388,,,-0.38753099755762777,-0.38753099755762777,,,,,,,,,,,,,,,,,,,,,,,,,0.49042982145741326,0.36689358618694956,-0.46794076774849375,-1.5093033184469535,-1.5786209985476274,0.313190860367362,-2.4922671217410968,1.2219133277645902,1.2508960633648978,1.2439960650602206,-3.102028490851167
MDAMB157_BREAST,Mutant_and_Non-functional,Frame_Shift,,,A88fs52,0.3039,-0.3903282075759382,-0.80953709949388,-0.36995708310969444,0.36196970721007427,-0.26538128158861,-0.2573939056889899,-1.220985545,-1.233258746,-0.387080923,-0.740351157,-1.304522494,-0.34495613,-0.389060472,-0.739559338,2.643885042,-0.007086784,-0.514286713,0.822700377,-0.182462913704847,-0.0733208581197656,0.0438254738550298,0.0819941614371014,-0.00758086160585045,-0.130489932119093,-0.101733686421441,-0.655777330337441,-0.400196276426507,0.169566758701283,0.0422982752034425,-0.068733260491204,-1.145039893205813,-0.37759982557932065,-1.1896030189516051,-0.24509376805932231,-0.15695863513622255,0.11729043424111174,-1.0444227983693777,0.4262219242862039,0.019073601627775393,1.4407278551816587,-0.7637899735097979
MDAMB175VII_BREAST,Wild-type_and_Functional,WT/High_Functional_Score_(Z>0),,,,-0.7943,-1.9381809822316487,-0.525399347493879,-0.7172920860053441,-0.46866529042841465,0.18950272282213368,1.3754600992558923,1.32392207,1.92332937,1.250678773,0.382369598,0.748665261,-1.283143369,-0.386447468,-2.770972059,-2.432469257,-0.35758565,-1.390434901,-0.715408846,,,,,,,,,,,,,-0.11419838165230313,0.8385018150142614,-0.0003512599596601516,0.24192667233601298,0.2528819942171291,0.7860151709528702,0.28064327423965996,0.12434077571508452,0.13195156139897007,-0.4758049736939443,0.01862330247538995
MDAMB231_BREAST,Mutant_and_Non-functional,Missense_Mutation,R280K,R280K,R280K,0.1077,-0.10712290590266928,1.14495642650612,0.8182942425859462,0.6594383749729996,-0.3399950804955845,-1.8177276980545303,-2.554805357,-1.043222085,-1.428046323,-0.54595949,0.246335021,1.184561852,0.019039298,-0.864666806,0.386209922,0.42322748,2.64705232,-0.047984257,-0.171365540352281,-0.561455568813347,-0.121159253789706,0.185961607324823,-0.100244809820652,0.160082864510447,-0.0437496248201949,-0.873179716532659,-0.682612440212166,0.192956177785338,-0.00786918677046294,-0.0278785299913937,-0.37463001959641284,0.8326557880755185,-0.7207068328418506,-0.35198292899812544,-1.213041429955432,0.09870063644176238,0.26995637367026665,-0.6765093423325029,-0.7493487684553779,-1.358924882351597,0.5038855208923211
MDAMB361_BREAST,Mutant_and_Non-functional,Nonsense_Mutation,E56*,E56*,E56*,-0.3766,-0.8316748308433011,-0.354747691493879,0.7501567539796221,0.515116255780844,0.13236576993754612,-1.13290723982292,-0.156503108,0.335375115,-0.256905811,-0.359486016,-0.486573033,-0.762126191,0.08357654,2.693769665,-0.45014934,0.60019912,2.9194382,-0.40937064,,,,,,,,,,,,,0.07505194633537272,1.1917574287146693,-0.9347549534157904,-0.42931298557113634,1.2702497715665353,0.24975332656281868,0.6582357692320092,0.44145720231152286,0.8805837561199027,-1.464475866675361,-0.48252192586753584
MDAMB415_BREAST,Mutant_and_Non-functional,Missense_Mutation,Y236C,Y236C,Y236C,-0.1046,0.11934427125220835,0.344691792506121,0.7609590387586733,0.6879042761943324,-0.6285540855264508,-2.0774174004794563,-0.972354247,-0.609305043,0.582383183,0.075777118,0.892776396,0.014525927,-0.431145674,-0.469153006,0.362296975,-0.217987886,0.138607989,-0.434708861,-0.14162605113122,-0.268679666495019,-0.0881579468772898,0.322346338488627,0.18955599268571,0.105622005393235,-0.137297006147969,-0.597869997259387,-0.307947166432378,0.0828541337064835,0.0407662363923339,-0.00389281478168087,-0.8553162987634021,-0.023061411282223564,0.004561218900019207,0.41091190317102994,-0.876147894713378,-1.037986277664004,-1.747618883071563,-0.49576792331725533,0.3063919913925032,-1.1053780267223876,-1.4946833387202967
MDAMB435S_SKIN,Mutant_and_Non-functional,Missense_Mutation,G266E,G266E,,0.7136,1.4929746101204304,0.56941845050612,0.7601280937756698,,-0.061606110788902796,-0.8217342045645726,-0.874168639,-0.767273018,-1.482285953,-1.448633628,-0.924449172,-0.117110092,0.001800597,0.429166125,1.749920917,0.146011501,0.314154355,1.703599481,-0.11684079795333,-0.343200274594703,-0.110978464426598,0.212002492249288,-0.0883052842861678,0.180231650653833,0.233811875838716,-1.00888306144065,-0.67035052293837,0.0469924556147338,0.040662877305769,7.817465581211e-05,-1.091715230380219,-0.8717177460500529,1.1980977774373645,0.6952600016155644,-0.15576874063630308,1.26124635841676,-1.6328105985626642,0.5154029667717789,-1.312226233305979,0.9058335260662332,-0.18926930005041373
MDAMB436_BREAST,Wild-type_but_Non-functional,WT/Low_Functional_Score_(Z<0),,,,1.439,1.1393178138970033,-0.569271589493879,,,-0.46804924785197277,-0.46804924785197277,-2.548074892,2.445930187,0.126651516,0.359406835,-1.506040536,-1.606601602,0.740747067,0.74985299,0.421643841,0.287707586,0.281531395,0.316767359,-0.208190278720667,-0.0209342521899385,-0.0309333265227816,0.122499547459569,-0.0911349800721224,-0.0790274966429379,0.0859633595667895,-0.612805321436832,-0.62607031643,-0.064470458619039,0.0104116572544865,-0.102676915363204,-0.3219089074017976,-0.5122028664296591,-1.026081898876545,-0.6611054173267554,-1.0573993280725456,0.3801963774840751,0.6673400747422089,-1.1528526463060143,-0.6006001085128899,-1.3033497505041167,0.4394227448323389
MDAMB453_BREAST,Mutant_and_Non-functional,Homozygous_Deletion,,,,-3.9,-1.8802134520908764,-0.205587988493879,-0.7746272898326155,0.6917471728592122,-0.07417651429079489,0.008703602682608502,-1.553549701,-1.203961427,-0.329951152,-0.506764429,-1.284727008,-0.081161491,,1.476347308,4.695489158,-0.324804326,4.168929244,0.517453991,-0.307996318304716,-0.0783117505135281,0.0325782952589162,0.168697519049929,0.0315280157109748,0.0431287946579479,-0.120767606788492,-0.442500221990519,-0.413599352851504,0.167513110454333,-0.141666355355676,-0.0768624982146383,0.4077737003418406,-1.0415219518076497,-0.817856589551421,-0.8789636720458174,1.4153566078398538,0.4724801492531261,0.2441000145037066,0.20371753768972797,0.2978462745498178,-0.5476689182576451,-0.5712048097142834
MDAMB468_BREAST,Mutant_but_Functional,Missense_Mutation,,,R273H,-0.3966,1.4700923396203847,1.69703250650612,-1.1477215872013866,,-0.29907782669898,0.8486437605024066,-3.065528883,-1.694097648,-1.216234628,-1.071331675,-1.272057898,-1.558696527,-0.071184566,2.212343458,-0.316846541,-0.43708432,2.165230203,0.871793181,-0.210086232160137,-0.170161665095533,-0.0770169310418017,0.0288745896894025,-0.174295988664583,0.127640004189885,-0.260413685860871,-0.265902449630802,-0.681950252378082,0.0499700305889507,-0.0394459979677976,-0.15485888534515,-0.7019234925093456,-0.0711743222142484,-1.3348259053314024,0.04186029904984183,0.6723916247043258,-0.6741487386919813,0.5311459333149858,-1.2969081274256764,-0.36383163957316283,0.5182433157931451,-0.6106850408052609
MDAPCA2B_PROSTATE,Wild-type_and_Functional,WT/High_Functional_Score_(Z>0),,,,-0.0157,-0.7226008978743813,-0.0993908864938795,,,0.5996586122938111,0.5996586122938111,4.366884099,0.629496439,1.672322614,2.021910888,1.89680342,0.489344401,0.192966393,-2.008845867,-3.361669346,-1.095482167,-10.80041688,-1.942728946,,,,,,,,,,,,,0.8785615654315164,0.5086363771889657,-1.181927961575369,0.5419985670914914,1.31283859609308,1.1308033074955035,-1.0772046548898504,1.6223336741989487,1.5025201471555252,1.0305316964915117,0.32715342055059926
MDST8_LARGE_INTESTINE,Wild-type_and_Functional,WT/High_Functional_Score_(Z>0),,,,0.0339,0.2871142710270157,-0.451592746,-0.7430513804784654,,1.2879698605828318,2.031021241061297,,,,,,,,,,,,,2.35224372721053,0.477266896254478,0.75530106776736,0.647495535632747,0.299054101796717,1.3333728262594,0.150601963089419,-0.963970250935773,-1.14648242880044,-0.26463202882847,-0.197034901713904,-1.34178348349166,-0.314830737520991,1.6433772698149507,1.8770509911227182,1.9381392494910454,1.616055989009178,1.6727618303263434,2.137330865123028,1.4615820123288281,0.36690952746192607,0.4287853651866067,1.3405061040675184
ME1_HAEMATOPOIETIC_AND_LYMPHOID_TISSUE,Wild-type_and_Functional,WT/High_Functional_Score_(Z>0),,,?,-1.069,-1.4079961982134475,-0.14134217849388,,,0.01904852110203499,0.01904852110203499,,,,,,,,,,,,,,,,,,,,,,,,,-1.1177579348514712,-0.9039121574300667,1.051289507330432,0.16423832908617342,0.12959668815060196,-0.45924728957108113,-0.02480853198443733,-0.6664484875078368,1.6191713310230196,1.4410933093131124,-1.0236810314360614
MEC1_HAEMATOPOIETIC_AND_LYMPHOID_TISSUE,Mutant_and_Non-functional,Frame_Shift_Ins,Q317Pfs20,Q317fs,,-0.9614,-0.07866111069905865,0.133821248,,,-0.1742020411247481,-0.1742020411247481,,,,,,,,,,,,,,,,,,,,,,,,,0.2669865588644784,-0.16625326937264737,0.4044489989905833,-0.16681856030338574,-0.5057892416542933,-0.9416023488006297,-0.43476531513330297,0.44301235682538104,-1.255733529299409,0.5496071114318244,-0.10931521392082819
MEC2_HAEMATOPOIETIC_AND_LYMPHOID_TISSUE,Wild-type_but_Non-functional,WT/Low_Functional_Score_(Z<0),,,,-0.647,0.31346153298309953,,,,-0.34505402789859396,-0.34505402789859396,,,,,,,,,,,,,,,,,,,,,,,,,-0.3215368556429754,-0.6281567536669174,0.27142993545457594,-0.12006985894372624,-0.431207150927608,-0.8950492377208025,0.015990417928008267,0.22267471412733555,-1.751970699093759,0.13541706116222052,-0.2931158795608857
MEG01_HAEMATOPOIETIC_AND_LYMPHOID_TISSUE,Mutant_and_Non-functional,In_Frame_Del,H233del,H233del,H233delH,-0.0823,0.5171486124629155,1.30156868250612,,0.6715363829920663,-0.25835807650755094,-0.9298944594996172,,,,,,,,,,,,,,,,,,,,,,,,,-0.8617091584909207,-1.4753088014531035,-0.3284238416256724,-1.9801518774215907,-0.33639419372949236,-0.21085517675050922,0.623284968374869,-0.5503512286484119,0.15209721136162477,1.8166757409812964,0.3091975158188502
MELHO_SKIN,Wild-type_and_Functional,WT/High_Functional_Score_(Z>0),,,,-0.6066,-1.739562563330467,-0.52940822349388,-2.371703547166198,-1.2419414971059168,0.7646528558009238,4.378297900073038,4.5014934,2.67318236,0.476279381,1.519501466,1.112902194,2.122471954,0.12926452,-0.685715617,-0.835369488,-0.575256808,0.266090916,-1.863151094,0.955883290337787,-0.0873865021347597,0.107534995739562,0.299584783132054,0.533067291052646,0.632335030578254,-0.0302541900683519,-0.877696669448825,-1.13548970833824,-0.175265354328538,-0.0955264513587217,-1.04642365807852,0.955854629342137,0.9424924034039666,1.1650652652979783,1.0344876413465713,0.3839734337987747,1.1209943771017026,0.7258599245937915,-0.6727371762995638,1.3811072153658395,0.7398651426532288,0.6342185572057348
MELJUSO_SKIN,Wild-type_and_Functional,WT/High_Functional_Score_(Z>0),,,,-0.0482,0.22684563117569898,-0.361576447493879,-1.110329062966209,,0.7861674742495282,1.8964965372157372,2.130786058,2.012804965,0.897923222,0.988982455,0.015555292,-0.170161993,0.464797999,-1.619270713,-2.05952231,-0.79181942,-7.118456582,-0.780733948,0.891315262547741,-0.038260976770641,-0.0298261012278641,0.337521308330638,0.156726861652863,0.370012903369085,0.198289902108604,-1.17909652361495,-0.811373993356408,-0.645116021379991,-0.569379132821988,-1.07708190228385,-0.28955510272533586,0.9312870127613628,0.42767550222009826,1.279903130315576,2.3647886798361917,1.4856301767469566,2.1136467382330073,-0.2615543228356343,-0.08626149155888746,0.45609000957949836,0.22619188417197714
MESSA_SOFT_TISSUE,Wild-type_and_Functional,WT/High_Functional_Score_(Z>0),,,,0.0165,0.7125374816352034,-0.14869015249388,-1.5449132890772719,,0.862577239828504,2.4074905289057758,,,,,,,,,,,,,,,,,,,,,,,,,0.7043494776708116,0.7777902730564745,0.4293801055402607,1.0791147413464783,0.6315583822268414,0.6304994779769294,1.6356624790978558,1.789545772564683,0.20123597860908224,0.7290320380422821,0.8801809119818454
MEWO_SKIN,Mutant_and_Non-functional,Missense_Mutation,"Q317*, E258K","E258K, Q317*","E258K, Q317*",-0.0756,-0.7702478621174177,-0.0520448974938794,0.6080651618859481,0.6146045805494009,-0.31550059365138544,-1.5381703360867345,-1.52781557,0.555065413,-1.237613753,0.058079954,-0.985419268,-2.706438776,-0.317836315,1.444674531,2.909144547,1.048368912,0.993337462,0.525768095,,,,,,,,,,,,,-0.8418425132161215,-1.8417419448402208,0.527797063884319,-1.077425465252724,-0.24950884213776986,0.2024987136792433,-0.5086497080145568,-0.00012394749836120965,-0.809727517212289,0.4883152328137467,0.639902397629494
MFE280_ENDOMETRIUM,Mutant_and_Non-functional,Splice_Site_Mutation,X307_splice,A307_splice,?,0.2379,0.6103380028691217,-0.162308272493879,,0.556249483045669,-0.6467922845650438,-1.2030417676107128,-2.269354456,2.113761941,-0.20836728,-0.728869776,0.667107861,-2.238869409,-0.327734058,1.095482167,-0.728077956,-0.294952734,-2.183837959,1.287102467,,,,,,,,,,,,,-0.7577422800885265,0.11261265277206765,-0.3463052015122067,-1.8125571617146197,-0.871746526384317,-1.1167359025641723,-0.9283431771093249,-2.06378571185068,0.8203867739722824,0.039498403588914134,-0.18999699932489938
MFE296_ENDOMETRIUM,Mutant_and_Non-functional,Missense_Mutation,"Y220C, R306*","R306*, Y220C","R306*, Y220C",0.0499,-0.9673181406052296,0.0464653585061205,0.7302140743875282,,-0.4264479158657915,-1.1566619902533197,,,,,,,,,,,,,,,,,,,,,,,,,-0.39591138020105643,-1.5567545031026009,-0.7212800343288528,-0.8970712085762675,0.5393575183199052,-0.7074337897940016,-0.04050077302151798,-1.0074043331975089,0.017718858377253205,0.08549341641900433,-0.007140845418062567
MFE319_ENDOMETRIUM,Mutant_and_Non-functional,Missense_Mutation,"R273C, Y220C","R273C, Y220C","R273C, Y220C",0.0029,-0.2592993335511343,0.665312098,0.7044547799144053,,-0.3824044721169319,-1.0868592520313372,,,,,,,,,,,,,-0.112626019376516,-0.0474642340858816,-0.0300569655740827,0.0843886584504129,0.0319309445513356,0.00777429930079335,0.171779252062034,-0.315430205859562,-0.283280516678668,-0.0142403811589395,-0.138595352869974,-0.298795094607143,0.019297463998457377,0.7385416720186971,-0.41660844284638765,-2.118333524598134,-0.4080494277168087,-0.8143039611375554,-0.034865244078043936,-0.38481157591138415,-0.616677051713898,-0.6420866035053373,0.47144750220414317
MG63_BONE,Wild-type_but_Non-functional,WT/Low_Functional_Score_(Z<0),,,,-0.5354,-0.1376892391861486,-0.559057528493879,0.859010546753139,0.6740983141019872,-0.32430989225884227,-1.8574187531139685,,,,,,,,,,,,,,,,,,,,,,,,,-0.9693928798962673,-0.24469039705885928,-0.6967444841772304,-0.4475810708150007,-0.666400172730584,0.35502697655990956,-0.11258447083195941,-0.45153451162950153,-0.7052090306644079,0.04460170949599773,0.3270995169006384
MHHCALL2_HAEMATOPOIETIC_AND_LYMPHOID_TISSUE,Wild-type_and_Functional,WT/High_Functional_Score_(Z>0),,,,0.0211,1.3136490859545844,0.0817504679999999,,,0.5670164944746572,0.5670164944746572,,,,,,,,,,,,,,,,,,,,,,,,,4.159884454091227,0.3664342294926762,1.0545613351019703,0.5745482313902034,-0.9285848252090758,0.404591707452381,0.19312269872232807,0.5838151039921525,0.5180811452602716,0.20943457471484403,-0.8987072157877477
MHHCALL3_HAEMATOPOIETIC_AND_LYMPHOID_TISSUE,Wild-type_and_Functional,WT/High_Functional_Score_(Z>0),,,,0.0304,1.0451500076341413,-0.4761217,,,0.040357601275592486,0.040357601275592486,,,,,,,,,,,,,,,,,,,,,,,,,2.0087206863716176,0.1300900523869414,1.0093550024004831,0.7544353548044666,-0.8023957155007938,-0.5685969069451278,-0.1772987994055396,0.12050263343004242,-0.8878620879505967,0.20031127336176988,-1.3433278789217458
MHHCALL4_HAEMATOPOIETIC_AND_LYMPHOID_TISSUE,Wild-type_and_Functional,WT/High_Functional_Score_(Z>0),,,,0.016,0.9354708117346003,-0.0752400830000002,,,0.5357331747861317,0.5357331747861317,,,,,,,,,,,,,,,,,,,,,,,,,2.440142719438926,0.514054601658141,1.065381105319432,0.8718853556883709,-0.013801558926483506,-0.018038939589018893,0.08157385860819669,-0.23419512305480705,0.7357291995459019,0.4952849651778982,-0.04495126121910889
MHHES1_BONE,Mutant_and_Non-functional,In_Frame_Del,S215del,S215del,,-0.0848,0.8854383341429849,0.242827895,0.008953829140103921,0.6943091039691331,-0.3653347083334013,-1.0685976414426384,-0.571693621,0.128472701,0.205833458,0.273969519,-0.065879376,-2.110990573,-0.089119276,2.002511312,-0.161570753,0.712637478,2.017159971,-1.007986121,,,,,,,,,,,,,-0.8080501084055459,-1.2841084040969901,-0.6222211850633989,-0.5444055508269959,-0.5768583949676553,-0.9908284236499119,-1.7332472978837405,0.25015644123349834,-0.17383539035205575,1.4694812641670993,0.9952352581782827
MHHNB11_AUTONOMIC_GANGLIA,Wild-type_and_Functional,WT/High_Functional_Score_(Z>0),,,,-0.4433,0.37778487918248765,-0.278834667,-2.835703225675599,-1.907901256178995,0.7549377103820198,5.498542192236615,,,,,,,,,,,,,0.73930637947872,0.0295217128764852,0.102831941570262,0.369587955593324,0.251632082101621,0.00915898085741074,0.253142900714732,-1.01323934669563,-0.976502702686424,-0.623431098940463,-0.525083966422181,-0.956938912413652,1.0919236033298396,0.5030027344549711,2.4060227986456835,0.8712440678895915,1.5128508176219895,0.23361878507659242,-1.6759626174447004,-0.05766047554270154,2.2408059715791784,0.7561278515029132,0.4223412770888604
MIAPACA2_PANCREAS,Mutant_and_Non-functional,Missense_Mutation,R248W,R248W,R248W,0.1127,1.2491547113307617,2.53376868450612,-0.5228509599824211,0.5482790307036958,-0.1227013556817056,-0.1481294264029802,-1.047973002,-1.414981303,-1.037679349,-0.179980554,-1.336195271,-0.677797423,,-0.228202357,-3.747681313,-0.299862014,4.410434167,-0.228162766,-0.305461039684089,-0.221742553370688,-0.0099426016045174,0.0331140389152317,-0.222841931063705,0.0589368024357991,-0.0227004038323062,-0.622437605942057,-0.71893054550016,9.19654965619777e-05,-0.111490870291255,-0.170955208161492,-0.5564677904435007,-1.779893843981015,-0.07064107922045426,-0.20455113617525875,1.4808087852538188,-0.52396687839627,0.02392092890330533,-0.2630864380233608,-0.7251997760782593,0.9511628902997469,0.31819942536248574
MINO_HAEMATOPOIETIC_AND_LYMPHOID_TISSUE,Mutant_but_Functional,Missense_Mutation,V147G,V147G,,-0.0174,1.1199471789687445,1.52184795850612,,,0.1712351179227063,0.1712351179227063,,,,,,,,,,,,,,,,,,,,,,,,,2.0356250810892287,0.5419728087785198,-0.14281946316018676,0.1493925618971807,0.022533669543481606,-0.3153547557917405,0.5029770564372741,-0.08115221025977382,0.21003151261428946,-0.6245578571288306,-0.41506210686967276
MJ_HAEMATOPOIETIC_AND_LYMPHOID_TISSUE,Wild-type_and_Functional,WT/High_Functional_Score_(Z>0),,,,0.0441,1.5858508186065714,0.421839454506121,,,1.389565906021348,1.389565906021348,,,,,,,,,,,,,,,,,,,,,,,,,1.8918936781624196,0.6878152217442218,0.7436058446731552,1.7290812411987944,2.4392865380908257,1.3022479293600213,2.748515048440445,1.481049195667613,0.6390132461672542,1.311578975512605,0.31113804721747823
MKN1_STOMACH,Mutant_and_Non-functional,Missense_Mutation,V143A,V143A,,-0.0575,0.33146282994171256,0.981804259,1.037663718098987,0.6918895023653198,-0.4600334748144428,-2.1895866952787495,-2.329136823,-1.724978606,-1.171892741,-0.593072745,0.263755049,0.499242144,0.063147599,1.414189483,0.355289374,0.166796761,-0.598219571,0.926428721,,,,,,,,,,,,,-0.7917882312828926,-0.7696889809002241,0.25864896345514077,-0.23436512296178236,-1.4651634053254414,-1.4551984280143782,0.20572756421803182,0.14179201801738922,-0.47456152990747585,-0.6409380333779134,0.1651669631206752
MKN45_STOMACH,Wild-type_and_Functional,WT/High_Functional_Score_(Z>0),,,,0.0705,0.22102844359662432,-0.222761368,0.556546572939704,-0.41216047650406884,0.7877966091692632,0.6434105127336279,-1.820788755,1.026989787,0.891588666,0.794986697,-0.275473976,0.386051558,0.097591743,0.701947915,-2.949131428,0.384309555,2.584498585,-1.215838719,0.15864760316028,-0.296945916136031,0.072938736143434,0.198548224235735,0.142115030517099,0.218145535388004,0.386918093408122,-0.635656377771658,-0.922751044010251,0.0601823471433626,0.155045595288634,-0.791040137202282,2.6761879722232833,0.45662894675384214,0.7425494485442184,1.1020958837366759,1.0703288757704812,1.3618634878199998,0.006244964142441395,0.5431716382124824,0.2725789250544555,0.4238125786121848,0.010299979991829855
MKN7_STOMACH,Mutant_and_Non-functional,Missense_Mutation,P278S,P278S,,0.0125,1.197694035337718,2.320672244,0.7742541584867364,0.6947360924874527,-0.7768951259964848,-2.2458853769706737,-0.290003862,-2.879451319,-0.297446965,-0.010887517,0.026426973,-0.735600241,,-0.650479653,1.288290196,0.218383796,0.085437315,1.835437415,,,,,,,,,,,,,-1.4242220211482561,-0.632654444311506,-0.5216953821301072,-0.03092178436464182,-0.5060100193968269,-0.8776326412139306,-1.4053574939817428,-0.7501629262477303,-0.9826797890548846,-0.9641822126486328,-0.45032767146307395
MKN74_STOMACH,Mutant_and_Non-functional,Missense_Mutation,I251L,I251L,,-0.115,0.9840306679573981,2.315367628,1.042649387997011,,0.2739984820064343,-0.7686509059905766,,,,,,,,,,,,,,,,,,,,,,,,,0.6819703347160622,0.33506872332320053,0.0009980531826078649,-0.02053056368173735,0.4778350073915145,0.7804515359576196,0.9169889654303363,1.5341841651787944,-0.3649079127966445,-2.05002474879691,0.7219497421659336
ML1_THYROID,Mutant_and_Non-functional,Frame_Shift_Del,,,P47fs76,-0.7657,-2.7159149731514955,-0.202746069,0.7833945532997806,,-0.431185649756584,-1.2145802030563646,,,,,,,,,,,,,,,,,,,,,,,,,0.6555482293154435,-0.6139500708051909,-0.4226002143131358,-2.28336218205511,-1.2675744190187979,0.014121289655267695,-1.3374187923720458,1.4343683791994655,-0.3732360469493912,-0.7120449658121731,0.16310664583324325
MM1S_HAEMATOPOIETIC_AND_LYMPHOID_TISSUE,Wild-type_and_Functional,WT/High_Functional_Score_(Z>0),,,,0.0183,0.04666940718442649,-0.364510723493879,,,0.09285979684519553,0.09285979684519553,-1.644608934,-4.790507488,-0.827055384,-0.051943354,-1.184561852,-2.510859379,,0.610888682,-0.555857233,-0.243761608,1.624417539,-0.250412891,,,,,,,,,,,,,3.6605175020460803,0.024280241580551316,-2.354697414447953,0.13971156518378552,-0.7330945574429011,0.26720620764574515,1.0587112297651606,-1.9381826364779324,1.9460548496779126,0.016409533641005607,-1.0654587558743032
MOGGCCM_CENTRAL_NERVOUS_SYSTEM,Mutant_and_Non-functional,Missense_Mutation,A159V,A159V,,-0.4268,0.3699486677357636,,,,-0.42902295677414837,-0.42902295677414837,,,,,,,,,,,,,,,,,,,,,,,,,-1.1772954027262403,-0.16056015906132318,0.1682465619906384,-1.8359120107145717,-1.7876017617059576,0.5345751537435973,1.464778380043472,-0.7947901009639088,-0.557593949674439,-0.018426076246483743,-0.5546731592004155
MOGGUVW_CENTRAL_NERVOUS_SYSTEM,Mutant_and_Non-functional,Missense_Mutation,,,R110P,0.2349,0.7607719396219066,,,,-0.37991708334743046,-0.37991708334743046,,,,,,,,,,,,,,,,,,,,,,,,,-0.7017140411488234,-0.00485280319099632,0.03491010589571372,-0.7288352050705174,-1.0726533854321665,-0.0052304842412563765,-0.38139657108380715,-0.12130451949601036,-0.7779729801095024,-1.0972597242308124,0.6772216912864436
MOLM13_HAEMATOPOIETIC_AND_LYMPHOID_TISSUE,Wild-type_and_Functional,WT/High_Functional_Score_(Z>0),,,,-0.0746,1.5842515917807105,-0.257059817,,,0.6652093983301169,0.6652093983301169,6.184109667,1.03649162,0.939493741,3.483213627,1.6228339,1.827123311,,-4.438147847,-3.957117549,-0.421643841,-9.141555199,-0.163352346,0.475677408530127,-0.0952566225786965,0.0192048232068943,0.335531733324627,0.173024599349951,0.324208674129287,0.11734097961786,-1.08037878033512,-0.817574222581679,-0.78389872877789,-0.50672901610232,-0.923152225950797,0.45363528047935175,0.5110982135280233,-0.4659479846173733,0.6111243122925669,-0.156873516006571,0.8051734271104299,1.4387970791617106,1.9613762085776327,1.3308876978848194,0.5487456838362553,0.2792869793844399
MOLM16_HAEMATOPOIETIC_AND_LYMPHOID_TISSUE,Mutant_and_Non-functional,Missense_Mutation,"V173M, C238S","C238S, V173M","C238S, V173M",0.1788,1.7962679776452266,1.352319831,,,-0.4170874529279401,-0.4170874529279401,,,,,,,,,,,,,,,,,,,,,,,,,-0.3601181637097019,-2.1947263135705626,0.2873050901366036,-1.0522211313564347,-1.152864865264655,-0.3573722948645675,-0.22115882134037393,-0.07527508761211812,0.8155963731855718,0.30564037482000755,-0.5827671426311098
MOLM6_HAEMATOPOIETIC_AND_LYMPHOID_TISSUE,Mutant_and_Non-functional,Missense_Mutation,R248Q,R248Q,,-0.184,0.844632506877249,2.073973678,,,-0.18050613296511592,-0.18050613296511592,,,,,,,,,,,,,,,,,,,,,,,,,-0.6439817132890809,-1.2098995425213408,-0.25258044211753283,-0.18414240141920418,-0.424895035469392,-0.821960006685368,-1.1429207091449447,-0.12042483613463621,1.5457689599403688,1.2558472204659294,0.013621043758926204
MOLP2_HAEMATOPOIETIC_AND_LYMPHOID_TISSUE,Mutant_and_Non-functional,Missense_Mutation,A159V,A159V,,-0.5724,0.04106211812624702,0.510177519,,,-0.024528316625083348,-0.024528316625083348,,,,,,,,,,,,,,,,,,,,,,,,,1.2467136706336963,1.3593771112234105,0.4435246022890802,-0.5508492686806412,-0.6780517402592268,0.2786963233968075,-2.4991849472353045,-0.5015696445339358,1.5305453348608073,-0.7477942110282967,-0.15121871354231387
MOLP8_HAEMATOPOIETIC_AND_LYMPHOID_TISSUE,Wild-type_and_Functional,WT/High_Functional_Score_(Z>0),,,,-0.0267,-0.40862047497092363,-0.0685843490000002,-1.8199560784515787,,0.20962461525942214,2.029580693711001,,,,,,,,,,,,,,,,,,,,,,,,,0.6600394911645365,0.4813079913457774,0.04853745805226473,-0.6211922815280574,-0.8305754673610284,0.6919050755223373,-1.1979695904698864,0.2894908543920756,0.7696720991762995,1.797267516214456,0.2173876213448685
MOLT13_HAEMATOPOIETIC_AND_LYMPHOID_TISSUE,Mutant_and_Non-functional,Missense_Mutation,,,W91*,0.0471,0.8802241883461629,,,0.23344616319575742,-0.9266904519275198,-1.1601366151232773,,,,,,,,,,,,,,,,,,,,,,,,,-0.2494139332105084,-2.1165404060579687,0.3909495512980744,0.5543236287743916,-0.5506824892846317,-1.956989925151245,-1.5895599414844168,-1.0001500871924642,-0.5562078673533499,0.07898050171917113,-3.198304003259769
MOLT16_HAEMATOPOIETIC_AND_LYMPHOID_TISSUE,Mutant_but_Functional,Missense_Mutation,R158H,R158H,R158H,0.0302,1.2792401659922965,-0.0800310670000002,,-3.0058310662857965,0.10234506154670439,3.108176127832501,,,,,,,,,,,,,,,,,,,,,,,,,-0.6020693936729956,-2.002316539871402,1.8528912590259354,0.41691479235394396,-0.36013711095664525,0.025018757330747755,0.7438033084643791,-0.05156029032841219,1.0591116963174239,0.6971853208727531,-0.6530461225219798
MOLT4_HAEMATOPOIETIC_AND_LYMPHOID_TISSUE,Mutant_but_Functional,Nonsense_Mutation,,,R306*,-0.3536,0.26409762105063006,,,-2.53899028625594,0.29813439197504166,2.837124678230982,,,,,,,,,,,,,,,,,,,,,,,,,1.1931832310328518,-1.1007868539250836,0.4549381018704879,1.220911002212039,1.2311960508933264,0.9401157654626296,0.14656218217125186,-0.5896887835332811,0.703372952288224,0.33896196044861704,-1.2592872971956044
MONOMAC1_HAEMATOPOIETIC_AND_LYMPHOID_TISSUE,Wild-type_but_Non-functional,WT/Low_Functional_Score_(Z<0),,,,-1.065,-0.13106022187811184,0.471006261,,,-0.005928465422420586,-0.005928465422420586,-1.727749973,-1.102608542,1.085980334,-0.279749801,0.101630023,-0.526164004,,0.394207298,0.581591364,-0.382567553,2.929731852,-0.216641793,,,,,,,,,,,,,-0.6607947782025827,-0.9290141499954618,-1.2553759157507758,0.06282143022662763,-1.5622506392689317,-0.01928471003360773,0.03528624106663353,0.8432703807347228,2.960479074291926,0.4119222674066766,0.04772767987814698
MONOMAC6_HAEMATOPOIETIC_AND_LYMPHOID_TISSUE,Wild-type_but_Non-functional,WT/Low_Functional_Score_(Z<0),,,,-0.8388,0.03788254423566139,1.309953105,,,-0.2274722295430163,-0.2274722295430163,-1.555925159,-0.11540768,2.40119239,0.074549798,1.493767335,1.425274955,,1.706766759,0.496470776,-0.042718658,2.959425081,1.400332643,,,,,,,,,,,,,-0.6987716169920128,-1.4875615496311307,-1.746791972402901,-0.2160743613459677,-0.5969465095653983,-0.46622602303251515,-0.35983754933213635,0.46693031907588006,2.4347804919582967,0.4309519861087974,-0.2626477398140921
MORCPR_LUNG,Mutant_and_Non-functional,Frame_Shift_Del,P152Rfs18,P152fs,,-0.1241,-1.1075148045241265,-0.94723169,0.5033660940274515,,-0.5923300594561022,-1.0956961534835536,-3.054047501,-0.326427556,-0.532894469,-1.229299649,-0.57248544,-0.767668927,-0.340680305,1.142991332,3.556456923,-0.379677412,2.331116371,0.352399233,-0.200161223145006,-0.258218582935408,0.0549714698396799,0.18351704260661,-0.253148396991538,0.115528799700233,0.073617457038301,-0.599041323071045,-0.549703349022853,0.279740697552981,-0.148945476508868,-0.0450141241901297,-0.6113422096076956,-0.24665828841887052,-1.4597048761249964,-0.249900251858092,0.7217864329725847,-0.9652598923891285,-1.0353941154762722,-0.9598626837257307,-0.4872556442912511,-1.8978653107795467,0.6758261856818742
MOTN1_HAEMATOPOIETIC_AND_LYMPHOID_TISSUE,Mutant_but_Functional,Splice_Site_Mutation,X261_splice,S261_splice,,-0.9275,-0.6588084061352429,-0.405954168493879,,,0.391656387344512,0.391656387344512,,,,,,,,,,,,,,,,,,,,,,,,,0.28193385310595986,-0.1463279900950274,-0.0923122010045227,1.7571273780280048,0.37625685270131026,0.1975398216182598,-0.1393428215038641,1.0473872905942883,1.9227421627839305,-0.3123034056682533,-0.5844806797704536
MPP89_PLEURA,Mutant_and_Non-functional,Homozygous_Deletion,,,,-3.319,-0.485498862327518,-0.761060149493879,0.5914462622258695,0.47640263011983075,-0.4287960813554545,-1.4966449737011547,,,,,,,,,,,,,,,,,,,,,,,,,-1.0737005760826694,-0.6998867881671285,-0.6570790991834308,-1.6654773061844361,-0.9551783466219519,0.6991136112987925,0.32668100835082414,-0.7661804941194145,-0.4420109804122808,0.3273587917749636,0.1896032844367332
MSTO211H_PLEURA,Wild-type_and_Functional,WT/High_Functional_Score_(Z>0),,,,0.2054,-0.11388852383541546,-0.454193054,-1.4983803700290517,-2.84613736043412,1.1554224017264856,5.499940132189657,,,,,,,,,,,,,,,,,,,,,,,,,1.1823321807236902,1.1469595318127843,0.637980443386494,0.965014494127203,1.6273440269216004,0.9831008932302828,1.4392036877260874,1.1281485066209989,1.1933288769388786,1.3029516476236462,1.1032821298796744
MUTZ5_HAEMATOPOIETIC_AND_LYMPHOID_TISSUE,Wild-type_and_Functional,WT/High_Functional_Score_(Z>0),,,,0.037,1.1170219265664394,0.105870014,,,0.7919305743109916,0.7919305743109916,,,,,,,,,,,,,,,,,,,,,,,,,2.3082342946258088,0.6362368074026932,1.4398387935438097,1.5960162905893125,-0.145252094836346,-0.12164349908753329,0.14585308313849568,-0.10557389595886975,2.0606654123504686,0.8361492543579888,0.060711871295077935
MV411_HAEMATOPOIETIC_AND_LYMPHOID_TISSUE,Wild-type_and_Functional,WT/High_Functional_Score_(Z>0),,,,-0.0086,1.8578382104409281,-0.385737295,,-4.777121769783222,1.3245881115467633,6.1017098813299855,4.307497642,-0.542000393,1.120820388,2.348932308,1.947083953,1.263347884,,-0.898319131,1.402312192,0.406203362,-7.070947417,-1.258201058,0.60748105196588,-0.48316707612162,-0.0387724381740837,0.404533368043647,0.374814030633302,0.214593546102607,0.0232561623761347,-1.14450019415575,-0.684504386092119,-0.702554780522955,-0.627265289739933,-0.99153835396765,0.5623230823103591,0.8347231966057548,-0.19542214783169576,1.689198038211072,1.4696094131014497,1.6155773384621162,3.437206934379903,2.0433145247212283,1.2452380180244806,1.0119979512535062,0.8567028777762221
NALM1_HAEMATOPOIETIC_AND_LYMPHOID_TISSUE,Wild-type_and_Functional,WT/High_Functional_Score_(Z>0),,,,0.0854,1.1478425813381972,-0.297971681,,,1.2565606960185185,1.2565606960185185,,,,,,,,,,,,,,,,,,,,,,,,,3.2733999436071373,1.376707662331001,2.29354582366177,1.8378099094302776,0.12150416423051047,0.8470579227377191,0.5156191852515455,0.6600082499922993,1.669579778329458,1.466883929447124,-0.23994891281513991
NALM19_HAEMATOPOIETIC_AND_LYMPHOID_TISSUE,Wild-type_and_Functional,WT/High_Functional_Score_(Z>0),,,,0.0161,1.742816042139146,-0.0636129360000002,,,1.2679976524328753,1.2679976524328753,,,,,,,,,,,,,,,,,,,,,,,,,2.5864582744584927,0.6643218878268041,1.7902654436691754,1.9881542554665517,0.8865885945266091,1.1471918410141206,0.8166629600850067,0.7543741880994964,2.087147822381825,1.1699002399080005,0.05690866932554483
NALM6_HAEMATOPOIETIC_AND_LYMPHOID_TISSUE,Wild-type_and_Functional,WT/High_Functional_Score_(Z>0),,,,0.0971,1.1481602055549995,-0.400712293,,,0.6097460838836105,0.6097460838836105,0.771628024,0.555065413,0.786276684,-0.357941969,-0.484197575,-1.80020145,,0.270366741,2.608253168,-0.467965277,-3.456687676,0.158759794,,,,,,,,,,,,,1.3322552598343578,1.0360166981835963,0.9353417420753612,1.7555944552841056,-0.047179784298660425,-0.32973554276859407,-0.5288957457766748,0.44058799137111704,0.5476294117951228,1.517930040451235,0.047662396568748606
NAMALWA_HAEMATOPOIETIC_AND_LYMPHOID_TISSUE,Mutant_but_Functional,Missense_Mutation,R248Q,R248Q,,-0.9613,1.6321828630150106,1.71919073350612,,,0.14013419404471114,0.14013419404471114,,,,,,,,,,,,,,,,,,,,,,,,,0.3100986305719768,0.3490193315151998,0.30731740155677223,-0.8265068743386084,0.5014564525273936,-0.8546403148531233,0.05575585874016141,0.895926760607632,1.1669369025111598,0.3650658269810173,-0.7289538413277586
NB1_AUTONOMIC_GANGLIA,Wild-type_and_Functional,WT/High_Functional_Score_(Z>0),,,,-0.2959,0.5137913467027885,-0.284414342493879,-0.6441689275009962,,0.3622984172148477,1.0064673447158439,,,,,,,,,,,,,0.11594290098041,-0.0737111143388796,0.184436065547276,0.360726379933948,0.0432287736718367,0.41364065624684,-0.058815329768492,-0.985102484400591,-1.11717608622699,-0.808931607462838,-0.347891329919399,-0.684575954194211,0.2102050299439496,0.8450741959332506,0.6672342471005472,0.040589515165696914,-0.013506301945504702,1.164547963227566,-0.1458595183334829,0.35651749031828606,0.2686418423891899,0.10206937166707966,0.4897687538967461
NB4_HAEMATOPOIETIC_AND_LYMPHOID_TISSUE,Mutant_and_Non-functional,Missense_Mutation,R248Q,R248Q,,-0.6959,0.738484936884819,1.853100355,,,-0.46968980275143796,-0.46968980275143796,-2.320030899,-1.739627265,2.143455169,0.363365932,-0.942661019,-0.765293469,,-1.570969728,3.518053681,-1.083604876,3.672458468,0.506368519,-0.559979819408779,-0.278661530180136,-0.0802099976944371,0.0334298696826597,-0.13757083554733,0.142516521474692,0.0697994227136803,-1.46810330532843,0.0556484016697156,0.0888674137447427,-0.118636766535113,-0.00546743319009945,-0.2505787767418344,-0.9926614484749059,-1.0831580816546018,-0.7226953506010184,-1.071853620276483,-1.0823623141804708,-0.7466023005920732,0.4959724369063833,0.8062331543020883,0.16612826013759135,-0.6850097890904927
NCCSTCK140_STOMACH,Mutant_but_Functional,Missense_Mutation,R248Q,R248Q,,-0.4508,1.336429183629646,0.948057059,,,0.42435224374352587,0.42435224374352587,-1.903137975,-1.654506677,-0.36166352,0.25401567,1.043617995,-0.565754975,0.493303498,1.012341128,-2.056750942,1.155660443,0.844475411,0.643353278,,,,,,,,,,,,,-0.03598667142360132,1.4044511075914707,1.492715446419161,-0.6157281829427028,1.6513431881953087,-0.5442136718355066,-0.5893839756326299,0.7251079604602625,1.9773142294657355,0.0011257197862839,-0.7988704689049968
NCIH1048_LUNG,Mutant_and_Non-functional,Missense_Mutation,R273C,R273C,,0.0208,-1.020642360080077,,,0.6883312647126536,-0.1693007248405598,-0.8576319895532134,-1.693305829,0.093236737,0.40857882,0.606533675,-0.855956793,0.514682623,-0.402244265,0.113863633,1.441507253,-0.657210118,3.236165968,0.230894543,,,,,,,,,,,,,0.3797412079456269,-0.32081193010128417,-0.9882513902681347,-0.7449390573753621,0.05370943743592797,0.24137158949388604,0.12389731664206838,-0.4340644189694542,-0.199504775352695,0.2615248403802486,-0.23498079307698536
NCIH1092_LUNG,Mutant_and_Non-functional,Splice_Site_Mutation,X225_splice,V225_splice,?,-0.5899,0.8925460089245946,-0.340726844493879,,-0.024170242857303455,-1.3901689522201508,-1.3659987093628474,,,,,,,,,,,,,,,,,,,,,,,,,-0.9671045319179298,-1.5627722578411853,-0.7282239834723564,-1.209472700289037,-2.010479996095089,-2.122254074227562,-1.432194755210616,0.13116565246041134,-0.012724810173805086,-2.2606725101667733,-3.1171245074877163
NCIH1105_LUNG,Mutant_and_Non-functional,Missense_Mutation,R249S,R249S,R249S,0.4693,1.0494279393933235,1.50645738250612,,,-0.5444288524385428,-0.5444288524385428,-2.054771394,-0.987794726,0.421643841,-0.969582879,0.879711375,-3.264671467,0.200884587,3.275756939,3.418284434,-0.35841706,1.315212056,0.788652142,,,,,,,,,,,,,1.194263559102914,0.3913705623783659,-0.802043808033958,-0.21239988203499927,-0.9187172127727112,-0.3291187049756421,0.6887368914601116,-0.24491469315840672,0.30387053931486246,-2.786872946533581,-3.2728916815709264
NCIH1155_LUNG,Mutant_and_Non-functional,Missense_Mutation,,,R273H,0.0439,-1.10231398561752,0.746108913,-0.44058740666503043,0.30048336057199576,-0.3608884535889299,-0.22078440749589529,-2.514026657,-0.03314952,0.121979782,0.917718707,-0.480238478,-0.652459202,-0.232161454,1.32313025,2.896475437,0.327140193,1.358762124,-0.649687834,,,,,,,,,,,,,-1.0466473606615287,-0.8073786818751377,0.35993429783539616,-0.9154236499237908,-1.2158352880547207,-1.00256043657468,-0.06231625408333706,1.1822228522930762,1.0701090238804847,-0.4415697527367006,-1.0903077395772913
NCIH1184_LUNG,Mutant_but_Functional,Missense_Mutation,G334V,G334V,,0.2166,0.8451500344472843,-0.0558537774938794,-0.9815325906005982,,-0.32637314836766385,0.6551594422329343,,,,,,,,,,,,,,,,,,,,,,,,,0.2607976386195736,-0.437464257966163,-1.0426384211663995,-0.375140947089541,-0.4287316029069112,-0.15654926125338842,0.2569120202114505,-1.0065215081098446,0.2921201786561699,0.01808018109907861,-0.9709686521383277
NCIH1299_LUNG,Mutant_and_Non-functional,Homozygous_Deletion,,,?,-3.443,0.26243064919950426,-0.660802483,0.6795264304242875,0.6037875380852947,-0.04767962376520038,-1.3309935922747826,-0.500429873,-0.920885985,-1.396769456,-1.244740128,0.425998848,1.084000785,,-1.384100345,-1.197626872,0.834181759,2.213135278,1.052723918,-0.104213674360591,-0.113006563850313,0.0675688963361704,0.00549051542730945,0.0118922645160951,0.0562725727137009,0.123429123991369,-0.779967203490528,-0.458076462921014,0.053062768553062,-0.0619136593409744,-0.0251005852902403,0.6332563577609126,-0.08953706055692268,-0.620709227973028,-0.68718959445475,0.009801266399784844,-0.7432345715025714,0.5066222857772186,0.6650706182885878,-0.8988361350612369,0.8955094468526676,-0.19522924694786636
NCIH1339_LUNG,Mutant_and_Non-functional,Nonsense_Mutation,"E298*, L35Ffs8","E298*, L35fs",,-0.0372,0.3371500803411845,-0.766878657493879,0.8398988121440485,,-0.5027961997103669,-1.3426950118544154,1.384892165,-2.134349245,0.212168013,0.179940963,-0.020686282,-0.422039751,0.107212349,-4.188724729,1.719831779,0.183266605,1.965295799,1.383704436,,,,,,,,,,,,,-1.1975846253073577,-0.028692626768163487,-0.3542013283324657,-0.5966591682415222,-1.6038464072828766,0.3284666668869303,0.08501633165593121,0.35685365503138206,-0.3925776259014912,-2.348364534202392,0.22083146564798875
NCIH1341_LUNG,Wild-type_and_Functional,WT/High_Functional_Score_(Z>0),,,,-0.2477,-0.35697766481160037,-0.339473127493879,-1.4252572115247037,,0.0679066256291022,1.4931638371538059,,,,,,,,,,,,,,,,,,,,,,,,,-0.16782619776286367,1.0441406974212855,-0.4585484745124371,0.44200030206120955,0.8132797441142935,-0.6750195685173241,0.5003773919771577,-0.12154643242038853,1.0839528344530707,-1.3408740586444434,-0.3729633562494355
NCIH1355_LUNG,Mutant_and_Non-functional,Missense_Mutation,E285K,E285K,E285K,0.351,0.6573164014530131,0.294053113506121,0.9072053557673676,0.6101923658600954,-0.5295126590750218,-2.046910380702485,-3.125311249,-0.830222661,-0.265219915,-1.021051142,-0.063939418,-0.297051055,-0.551106316,-0.273296473,1.782385513,0.935930554,0.841704043,0.46400618,,,,,,,,,,,,,0.4053714402200607,-0.12536445546218664,-1.6783141330493652,-0.969879596582215,-0.6053289705208654,-0.6463910380091549,0.26746301926606586,0.11234985370588008,-1.5815927080477605,-1.4799163037292757,0.4769636423835764
NCIH1373_LUNG,Mutant_and_Non-functional,Nonsense_Mutation,E339*,E339*,,-0.3947,-0.4624322365128221,-0.167111032493879,0.7368616342515589,,-1.1221131365380044,-1.8589747707895632,-0.566150885,-3.934154786,0.123365466,0.192016209,-3.200534094,-0.747477532,-0.447773882,1.599871137,2.347348669,0.69521745,2.487104797,0.239208647,,,,,,,,,,,,,-1.2715430030833481,-0.261962694213147,-1.7735255844550928,-0.8936262141494457,-1.0488617020369844,-2.2092161081750668,-1.0512277379279222,-1.7793935062973523,-1.7238523895787916,-1.220326402997815,0.8902908409969206
NCIH1385_LUNG,Wild-type_but_Non-functional,WT/Low_Functional_Score_(Z<0),,,,0.6758,-0.3477110338150756,,,,-0.010603403326813622,-0.010603403326813622,,,,,,,,,,,,,,,,,,,,,,,,,0.6356622924679645,0.49071843205223814,0.5530613536674883,-0.17322327479727515,-0.1632672039640359,-0.6546155419151778,0.6030970175505205,1.9425415594653588,0.7479711359114928,-2.595968844615501,-1.502614362418023
NCIH1395_LUNG,Wild-type_and_Functional,WT/High_Functional_Score_(Z>0),,,,0.1249,-1.5689739262750777,-0.523125301,-1.061303308968977,0.6911778548347866,0.16078719570635497,0.5309126498405454,1.044013905,3.183509976,-0.917718707,1.914223447,-0.462026631,3.626137032,0.956517859,-2.37427053,-3.49271546,-0.500825783,-4.861771236,-1.499705981,,,,,,,,,,,,,0.042572287113334335,0.8694571162625638,0.36665875660233366,0.6261406057986337,0.6251052882101409,0.6507462714161683,-1.0610038791523084,-0.2930344202676591,-1.4377418971339282,0.6787298872343466,0.7010291366862789
NCIH1435_LUNG,Mutant_and_Non-functional,Missense_Mutation,C141W,C141W,,-0.7208,-1.1057090108999237,0.221964256506121,0.01393949903812778,,-0.6969062573953676,-0.7108457564334953,,,,,,,,,,,,,,,,,,,,,,,,,-0.07862012839937997,-0.38988109392198594,-1.136725576542525,-0.41282544905287805,-0.3712886035985867,-0.4112911748837575,-0.7662850046558355,0.22369891689807803,-1.289719408226585,-2.700311219918813,-0.33272008904677514
NCIH1436_LUNG,Mutant_and_Non-functional,Missense_Mutation,H179Q,H179Q,H179Q,-0.0559,0.4293677183358416,0.828219503506121,,,-0.34855160864980916,-0.34855160864980916,,,,,,,,,,,,,,,,,,,,,,,,,-0.03906597388180615,-0.4243619729691361,-0.6520402949271668,0.19088488023855757,-0.27824718828634226,-0.445289822648213,0.4622526331619658,0.9674764351502408,0.20318347799433323,-0.9027989704976929,-2.916060898482641
NCIH1437_LUNG,Mutant_and_Non-functional,Missense_Mutation,R267P,R267P,,-0.4707,-0.9032524476166723,-0.035403555,,0.6454900833745469,-0.5471448359250078,-1.1926349192995547,-1.422107678,0.388149879,-1.179019116,-0.751040719,1.208712344,-1.7328968,,0.597427752,0.317321632,0.691258353,2.805416204,1.272453807,-0.0822539968255232,-0.256866149686288,-0.0971132693063242,0.0938508717777288,-0.160066963548123,0.264384239509398,0.0436134668868642,-0.690026545476769,-0.719875441132293,-0.00529835989934865,0.148037524566768,-0.203443869315819,-0.374371879981033,-1.1333453525132402,-1.095201629151476,-1.019813874673575,0.04574281889511208,0.3010355273886082,-0.19505805864320322,-0.8772384240086826,-0.7011940480237333,-1.41734533565111,0.4481970611872476
NCIH146_LUNG,Mutant_and_Non-functional,Frame_Shift_Mutation,,,P318fs21,0.0546,0.5068713589583803,-0.179641694493879,,,-0.2752072459644283,-0.2752072459644283,0.957705588,1.966483528,0.479842568,-0.836557217,-0.428770216,-1.529399209,-0.25484708,1.685783544,5.554613228,-0.141735676,3.441247197,-0.721743401,,,,,,,,,,,,,-0.21448148831919606,0.028910217244099125,0.03260703600923276,-0.11345742888276487,-0.805980472179761,-0.5966690739537737,0.23896315644107155,-0.505713581511265,0.24619680004891403,-0.11221726869739886,-1.225437601807869
NCIH1563_LUNG,Wild-type_and_Functional,WT/High_Functional_Score_(Z>0),,,,-0.2631,-0.1577406560895829,-0.0759815540000002,0.5515609030416802,-0.7207308457433156,0.6448847093338268,0.8140546520354623,,,,,,,,,,,,,,,,,,,,,,,,,-0.22669397247175266,1.2272680677488492,1.5492981706168103,0.08963125125706049,0.9089155195657058,0.6955456279866206,0.24129211385158908,1.3573060222589146,0.15330242247544085,0.5142755280802196,0.5835910513026378
NCIH1568_LUNG,Mutant_but_Functional,Missense_Mutation,H179R,H179R,H179R,-0.284,-0.5326493999100259,-0.285791007,-0.30514337443538725,,-0.2822589557848918,0.022884418650495453,-2.860447653,-3.274965119,2.034184089,-1.506040536,-1.354011207,0.229588041,-0.222144938,4.050156331,-4.988462343,-0.048696894,2.995452864,1.226132371,,,,,,,,,,,,,0.5189115319031673,0.26070997918019917,-1.0191087369850813,0.7039804272131082,-0.4005323445794644,0.21986693075137353,-0.6437533493836788,-0.9881853462356815,0.1413308975187451,-1.3255771928564561,-0.5724913101600406
NCIH1573_LUNG,Mutant_and_Non-functional,Missense_Mutation,R248L,R248L,R248L,-0.809,0.3663059844101881,0.534549682506121,,0.12869164670125266,-0.6754861469460669,-0.8041777936473196,,,,,,,,,,,,,,,,,,,,,,,,,-0.1795371010257478,-0.42564355994179787,-1.3929190075519642,0.43871041401853356,0.074797701807076,-0.7175571865136221,-1.0647093873899376,-1.2934668898953492,-1.7319289157649846,-1.4801903943278671,0.34209671017892396
NCIH1581_LUNG,Mutant_and_Non-functional,Nonsense_Mutation,Q144*,Q144*,Q144*,-0.8027,-1.5022917205075403,-1.443944107,-0.8136817040338015,0.6390852555997477,-0.4099250775778906,-0.2353286291438369,-1.65054758,-2.985951031,-0.619202786,-2.434448805,0.006655242,-0.979876532,0.06888829,-0.441835236,0.332682929,0.956121949,0.847642689,-0.441439326,-0.00962471986094798,-0.1132693960127,-0.00328267432123324,0.0816360092874523,-0.0886705920022901,0.135062069879413,-0.118356103224786,-0.760001638326787,-0.947215536346709,-0.0144559954595679,-0.00448659954785908,-0.14918481613982,-0.19089156951721764,-1.980602378777774,0.14186113431278358,-0.7205429093754128,-0.42868372339648264,-0.5392910643505799,-0.6347805614684269,1.0988089720349847,0.7810428093801203,-1.5428657778721606,-0.4932307843266316
NCIH1618_LUNG,Mutant_and_Non-functional,Missense_Mutation,R248L,R248L,,-0.0018,-0.3139551314733496,0.370797675,,,-0.5355938389076093,-0.5355938389076093,,,,,,,,,,,,,,,,,,,,,,,,,-0.11019675829074589,-0.18243027084243868,-0.9343143935952021,-1.2874195541791198,-0.013336063686201622,-1.0108696044914993,0.2393708609854075,0.38622879584869124,0.5346505595701935,-1.1972636369164402,-2.3159521623863473
NCIH1623_LUNG,Mutant_and_Non-functional,Missense_Mutation,R273L,R273L,R273L,-0.3536,-0.5832660395227548,0.496126388506121,0.7235665145234959,0.6898968892798261,-0.6298239753839233,-2.043287379187245,-2.242432596,-2.342201843,-0.954142401,0.237625008,-0.837349036,2.338242746,0.20630855,-2.615775453,1.606997512,0.445398424,2.336659107,0.967603331,,,,,,,,,,,,,-0.2988242440747637,0.5127432808968143,1.0114725318607307,-1.1045074027465704,-0.8401513694468177,-0.8096232508263347,0.44167122553273297,-1.8921982360042056,-0.9543241980056225,-2.392627555488058,-0.6016945109210616
NCIH1648_LUNG,Mutant_and_Non-functional,Frame_Shift_Ins,L35Ffs8,L35fs,,-0.2223,1.072012576011891,-0.55734506449388,,0.5852847022914289,-0.46676338575101345,-1.0520480880424423,-0.325437781,-0.762126191,0.335216751,-0.402640175,1.394393998,2.139100162,-0.520225359,0.589509558,-0.19898422,1.371035325,0.37472854,1.662424871,,,,,,,,,,,,,-0.41872779880321104,0.3433189394597128,-1.6293954127557515,-0.560381508394036,-0.040654871016315965,-1.2061773825421696,-0.08333166977589301,-0.9064585729956541,-0.7577530117795025,-0.5661504557625854,0.6913145011042587
NCIH1650_LUNG,Mutant_and_Non-functional,Splice_Site_Mutation,X225_splice,V225_splice,,-0.0446,-0.7346472960550264,-0.351246579493879,0.7626209287246817,-0.798015767559233,-0.4363397175769262,-0.4009448787423749,0.027258384,0.393257115,1.057474835,0.296932282,-0.840912224,0.629100529,,1.817621478,0.829430842,0.543188122,2.453056562,1.235634204,-0.302729000560285,-0.505153085777166,0.138003727329605,0.201308259055037,0.0321627145745273,0.239753214273152,-0.0888930125402247,-0.643362793467333,-0.497519229384491,0.021187150079125,0.0809292961429631,-0.194293129240607,0.02756619950749574,0.8734365894475631,-0.05051349587590229,0.05864172134858652,-0.7950160642915328,-0.27018045860204215,-0.4156448487879385,-0.35145063167337354,-1.7027235882023413,-1.5942642910744573,-0.5795880251422456
NCIH1651_LUNG,Mutant_and_Non-functional,Missense_Mutation,C176Y,C176Y,C176Y,0.0274,-0.30552032054111006,0.669534103,0.2333089745511686,0.6573034323814,-0.4607674159799412,-1.3513798229125098,,,,,,,,,,,,,,,,,,,,,,,,,-0.7232085276992604,0.11766618322108692,-0.05840172735887506,-0.10780284877301959,-1.1519409680448964,0.5712709549948797,-1.0850310477691498,-0.530875667372851,-1.5335588668883033,-0.5599638393944042,-0.006595220694559225
NCIH1666_LUNG,Wild-type_and_Functional,WT/High_Functional_Score_(Z>0),,,,-0.4989,-0.354768732758378,0.35901786,-0.8012175292887418,-0.007944679161144979,0.7275176119671447,1.5366798204170316,0.382488371,1.466449565,1.843751518,1.647776212,0.302989701,0.857144522,0.229627632,-1.087959882,-5.332903791,2.11415785,-2.362789148,-0.498846234,,,,,,,,,,,,,1.014513871336822,1.1831103575212822,0.4947282331934154,0.7869886473226928,0.8898488345237796,0.06311756218952878,0.5843656240902071,0.3791065023478535,1.07031317554018,0.8473347611671234,0.6892661624057067
NCIH1693_LUNG,Mutant_and_Non-functional,Splice_Site_Mutation,X331_splice,Q331_splice,?,0.3533,0.9294992543438617,-0.59678777449388,-0.3209313291124623,0.6496176390516404,-0.20469020820401254,-0.5333765181431906,-2.106239656,0.882878653,-1.449821357,-0.085239361,-0.706698832,0.690070624,-0.069402972,2.772555698,3.818945061,-0.159749568,2.048436838,-0.271118969,0.00873597751096868,-0.167107600752258,0.00771791900679538,0.110195652241185,-0.00692749261703804,0.0980980858115565,0.0730645794513083,-0.426414876270988,-0.106746530051501,0.216425636282839,0.0280565740655366,-0.219984500820476,-1.0011082253816639,-0.18260928038644236,0.021195905029009962,-0.11674640987056187,-1.2341110745169692,1.3859201617451165,-0.8833378561184951,-0.6416916843377409,-0.5036244885495422,1.0422784364310924,-0.1377577742879415
NCIH1694_LUNG,Mutant_and_Non-functional,Splice_Site_Mutation,X261_splice,S261_splice,?,0.3305,0.2447658562188338,-0.288731506,,,-0.4313308574066897,-0.4313308574066897,-2.473247957,-1.190500497,0.315460857,-0.564171336,0.178317733,-1.639462108,-0.088604593,2.489084345,5.475431286,0.249819027,0.745893893,0.950975123,,,,,,,,,,,,,-0.4489714728870433,0.030169958984272004,-0.3133453264758562,-0.8059366838142606,0.9441796656542233,-0.7373564701815035,-0.6358535258472021,-0.6855648447441701,1.6141194728475763,-0.5217216749244379,-3.184358530085184
NCIH1703_LUNG,Mutant_but_Functional,Splice_Site_Mutation,X307_splice,A307_splice,,0.2059,-0.03194924991947739,-0.77032183,-0.6084382932318272,,-0.26638820024208276,0.3420500929897444,0.902674138,-0.77717076,-1.014716586,-1.224152823,0.443418875,-0.07300575,-0.239723329,3.627324761,2.516798025,0.768064837,1.388455352,0.174556591,-0.0167420378245374,-0.399699002103193,-0.00865774148401415,0.0879749656954976,-0.206529420615375,0.164924334308246,-0.0175665916168799,-0.37444986096852,-0.593566500055761,0.169241279217348,0.141665971922591,-0.0925010187934468,-0.29812239828775033,-0.6997569303962239,-0.5725358275192632,-0.08992479712671515,-0.9431526095858827,-0.6063086763259778,0.30110741201339863,1.1590976523099088,-0.42574689818988626,-0.22578214004661024,-0.5291449895079083
NCIH1734_LUNG,Mutant_but_Functional,Missense_Mutation,R273L,R273L,R273L,-0.2735,-0.3185195913721649,1.17198119150612,-0.703996966277281,,-0.12757964470322258,0.5764173215740584,,,,,,,,,,,,,,,,,,,,,,,,,-0.28303822574487547,1.4206954651947692,-0.5741298961174135,-0.22999130433984108,-0.8354237111207596,0.25116842502900216,0.7197114770300228,-0.5513105024091484,-0.8078910476770474,-1.0079845006900008,0.4948177291098436
NCIH1755_LUNG,Mutant_and_Non-functional,Missense_Mutation,,,C242F,-1.223,-0.8446130200942018,0.17182155350612,,0.6591537159607876,-0.696525980259513,-1.3556796962203006,,,,,,,,,,,,,,,,,,,,,,,,,-1.1486097527978727,-0.8927025191033678,-1.010239904611122,-1.2407325325511673,-0.8484912708374593,-0.5032725751856738,-0.45698630877953994,-0.3861122505957018,-1.30162735964013,-0.07435361029215204,0.2013423015395454
NCIH1781_LUNG,Mutant_and_Non-functional,Missense_Mutation,V157F,V157F,V157F,-0.2207,1.114726369726816,1.01140666350612,0.8290965273649974,,-0.7265364136971691,-1.5556329410621665,,,,,,,,,,,,,,,,,,,,,,,,,0.28371510831671726,0.544246533393371,-0.47817628300675197,-0.36570213402858515,-1.173122331464101,-1.9035185549034124,-1.4312664601862821,-0.8318572349827557,0.32560373705225326,-2.05452766577375,-0.9072952650855649
NCIH1792_LUNG,Mutant_and_Non-functional,Splice_Site_Mutation,X224_splice,E224_splice,,-0.9947,-1.9352557298293416,-0.640194347,0.7468329740476066,0.683492061505027,-0.3508616994670728,-1.7811867350197064,-1.175851838,-0.18920525,-1.044805724,0.397889258,-1.578096103,0.279037163,,-0.471132555,-0.043708432,-0.54595949,1.874632476,0.116041136,-0.28449177482988,-0.284442687446569,0.159405475830639,0.0719052888270672,-0.0944154154745514,0.337296924462812,-0.0390583748909068,-1.086028097171,-0.559047391544547,0.0983987701120419,0.0341693068065357,-0.333092847218184,-0.1264999744977129,-0.27506315877413295,-0.9036070582866995,-0.7571552724728983,-1.2413373339613374,-0.013563841875447392,1.2027427238712616,-1.093326358277613,-0.9360141221761931,-0.21564078789877156,0.499986490211744
NCIH1793_LUNG,Mutant_and_Non-functional,Missense_Mutation,R209*,R209*,"R209*, R273H",-0.1293,-0.7697425508634119,0.346320587,0.7775779384187533,0.6042145266036143,-0.16684510319693086,-1.5486375682192985,,,,,,,,,,,,,,,,,,,,,,,,,-0.5885230350665872,0.35627680319751015,-0.14265839827954147,-0.28737613119947814,-0.764512382860293,-0.4501035764049737,0.7425001882944487,-0.10571632088404496,-0.906488240691747,0.062078248139441565,0.2492267105890258
NCIH1836_LUNG,Mutant_and_Non-functional,Missense_Mutation,G244C,G244C,,-0.0461,0.12603103841784588,0.663487896,,,-0.30457123071145986,-0.30457123071145986,-2.870741306,-1.614123887,-0.578028176,-1.167537734,0.794590788,-0.903465958,0.303623156,4.303538545,0.180416055,0.251877757,-1.349656201,0.220363344,,,,,,,,,,,,,0.5149576781501511,0.3424639413325908,-0.3252562323063161,-0.547172068205039,-0.4583645865744251,-0.7145334718422887,1.1001743435320874,-0.11398429723886276,0.2556889568227311,-0.1806616067453548,-3.2235961947513325
NCIH1838_LUNG,Mutant_and_Non-functional,Missense_Mutation,R273L,R273L,,0.2142,0.4818523437271121,2.287827967,0.18095944062192107,0.6864809811332659,-0.22302192393888218,-1.0904623456940692,,,,,,,,,,,,,,,,,,,,,,,,,0.4959187332079411,0.1816982005171354,-0.5801161408480611,-0.7301177806680761,-0.06688308949777137,-0.5109165258748015,0.25945140577388326,-0.08016780268871254,-1.2097528449631165,-0.7665628910650918,0.5542075727789674
NCIH1869_LUNG,Mutant_and_Non-functional,Missense_Mutation,M237I,M237I,,-0.2977,-0.38283294240389293,0.250055537506121,0.662907530764209,,-0.5322074304377215,-1.1951149612019305,,,,,,,,,,,,,,,,,,,,,,,,,1.0582212258584363,0.33863435071494463,-0.9093801289106104,0.6302141892559422,-0.7478707063558332,-0.7358808974218936,-1.209837957433887,-1.222408371896175,-2.0494375753101846,-0.5011126722971087,-0.5054231910185678
NCIH1876_LUNG,Mutant_and_Non-functional,Missense_Mutation,R273L,R273L,R273L,-0.3372,0.18824429366644635,1.51076510250612,,,-0.5046135743922148,-0.5046135743922148,-3.30109516,0.290795682,0.897527312,0.472716193,-0.340561532,-1.521876924,-0.042718658,2.336263197,3.436100371,-0.03284071,1.580471561,0.272663017,,,,,,,,,,,,,0.871476046380165,-0.5244064628345871,-1.0212704803341333,-1.056552318399109,-1.368556739801442,-0.45905377183211676,0.09465437940562339,-0.9470863301438709,0.2350114380624487,0.5021502820759194,-1.8771153608932607
NCIH1915_LUNG,Mutant_and_Non-functional,Nonsense_Mutation,K291*,K291*,K291*,0.1431,0.5171186269599314,-0.583632038,0.12030045686263278,,-0.2154257796140839,-0.3357262364767167,-1.373014874,-1.71864405,-1.212275531,0.243682426,0.526559914,1.010757489,0.201161724,1.922141641,1.762194118,0.353151461,1.060246203,1.031740704,,,,,,,,,,,,,0.0688520023346502,-0.9497932137761766,-0.3668867667507338,-0.1673011134985065,-0.9956578127168219,1.5542926895035614,-0.93018551941854,0.2383309834755989,-0.13141840604026905,-0.36904015957642555,-0.32087625929126
NCIH1930_LUNG,Mutant_and_Non-functional,Missense_Mutation,G245R,G245R,,-0.0933,-0.10967389480475714,1.568711758,,,-0.7975064189317265,-0.7975064189317265,,,,,,,,,,,,,,,,,,,,,,,,,-0.42836256138723444,-0.984180036961223,-0.24978786131928657,-0.30369404845554293,0.20883550459530267,-1.797470833950462,-0.6806977377842217,-0.5420811578094,0.48429673178674265,-1.3319856920901614,-3.147442914873505
NCIH1944_LUNG,Wild-type_and_Functional,WT/High_Functional_Score_(Z>0),,,,0.0022,-0.013475958932398158,-0.214676885493879,-1.5532227389073126,,0.7536671348835587,2.306889873790871,2.457015659,2.298255865,1.828706949,2.375854168,1.024614329,-0.35964438,-0.065166738,-4.40647507,-5.709018015,-0.64137373,-3.118976694,-0.963248324,1.11809422090078,0.123915372412112,0.227129208524508,0.589226522759888,0.315465002480114,0.638034394609314,0.0971356632902578,-0.90336897881615,-0.935399484246413,-0.162018663078754,-0.298951483950312,-1.07783618491779,2.237899057928325,0.9135844858894534,-0.06696737878103147,-0.21953840392522886,0.8051686003845905,1.4405163538506849,0.1478411907821092,1.9884505585081096,0.4414669671454846,0.11159728295140463,0.4903197689852459
NCIH196_LUNG,Mutant_and_Non-functional,Missense_Mutation,R175H,R175H,R175H,-0.5577,-0.3323839994930435,0.19114552,0.8149704626539307,,-0.4497150113002623,-1.264685473954193,-1.706766759,-0.787464413,-0.089436003,-0.489344401,-1.532962396,2.37347871,,2.097925552,0.951371033,0.168538763,-0.598219571,-0.169449356,,,,,,,,,,,,,-0.4630019581030799,0.5854114467700063,-0.2245046227266305,-0.11720719374861126,-1.2813885444351485,-0.14929234604219377,-0.7824386532551885,-0.18977006606332553,-0.6824882045031405,-1.0885671366755227,-0.5536178455200508
NCIH1963_LUNG,Mutant_and_Non-functional,Missense_Mutation,"H214R, V147D","H214R, V147D","H214R, V147D",-0.0322,0.08528185043552497,,,,-0.5269034949025272,-0.5269034949025272,,,,,,,,,,,,,,,,,,,,,,,,,0.5754477822567695,-0.016540609384389126,-0.3660411761273467,-0.4676242624552036,-1.3537442379268878,-0.8909369857677921,0.618400185702551,-0.25693074897793683,0.27823428418882273,-1.0753846840766608,-2.840817991359725
NCIH1975_LUNG,Mutant_and_Non-functional,Missense_Mutation,,,R273H,0.414,1.4253806229473165,1.85011989250612,,,-0.36718989182311895,-0.36718989182311895,-2.091195087,0.224401624,-1.46011501,0.486177124,-1.875820205,1.338174819,,0.880503195,1.188125039,-0.718576123,4.604429925,-0.89990277,,,,,,,,,,,,,-0.65335558031877,-0.04480712660055686,-0.961351186599197,-0.381858595516356,-0.4042155202520915,0.27349553416211586,-0.15519397963483972,-0.49655021316361964,-1.0683814022321627,-0.32458527487174665,0.17771453497291603
NCIH2009_LUNG,Mutant_and_Non-functional,Missense_Mutation,R273L,R273L,R273L,0.031,0.4218358042157044,1.98217599050612,0.6479505210701374,,-0.758753896588297,-1.4067044176584345,-1.004818843,-1.748337278,0.08519977,-0.686111527,-0.430749764,-0.059782366,-0.34372881,1.829894679,0.176100639,0.638602362,0.610096863,1.246719676,,,,,,,,,,,,,-0.9753383588668811,-1.1110759584271945,-0.5823947351889531,-1.6767610688673393,-0.9397700108398376,-0.9041082868761137,-0.4460034936215156,-0.15719978960845532,-1.3773524035528226,-0.20544722801787005,0.029158471395718696
NCIH2023_LUNG,Mutant_and_Non-functional,Missense_Mutation,S240R,S240R,S240R,-0.3259,-1.4101551544283615,0.33430952150612,0.030558398698206316,,-0.3180406543091234,-0.34859905300732974,0.165450668,1.389247172,-0.236595643,0.005420004,-1.13230177,-1.585618388,0.111567356,-2.03299636,2.204821174,1.107755368,2.364768697,0.712637478,-0.0320058836473119,-0.160339404267929,0.0179231767278911,0.120742135093676,-0.0445899145567989,0.311175182641103,0.0177284102844402,-1.15641836963935,-0.30161473343137,0.0970968423733141,-0.0288191702950022,-0.199830289190468,0.11102705479770647,-0.1026405591779769,-0.5778604429852988,-0.7270764256619843,-0.7533688701367567,-0.18107763466723434,0.063380591307208,0.24962130052199452,-0.89585355094525,-1.0732441670210038,0.388645506568238
NCIH2029_LUNG,Mutant_and_Non-functional,Missense_Mutation,Y220D,Y220D,Y220D,-0.5612,-1.3880103051869064,-0.249694373,,0.68975455977372,-0.6977786611019192,-1.3875332208756392,,,,,,,,,,,,,,,,,,,,,,,,,-0.535592471511449,0.5817378068398467,-0.4900666609602668,0.1821989227263812,-2.0632999626742197,-2.920650209876455,0.5004563025341252,-0.3468469554155167,1.0139879117106418,-0.6520713324539805,-2.9454186230402195
NCIH2030_LUNG,Mutant_and_Non-functional,Missense_Mutation,G262V,G262V,G262V,0.0436,-0.0012552006047669051,1.501727563,0.8988959059373284,0.620867078818094,-0.12747443523566845,-1.6472374199910909,-0.939493741,-0.910592332,-1.957773515,-0.411746098,0.008690218,2.581727217,-0.2209968,1.471200482,4.355006808,-0.13864758,1.25503378,0.950975123,-0.157285345915791,-0.267482850266651,-0.0114271468972183,0.307748249226366,0.107059751542224,0.647369918121772,0.00374370612056898,-0.721410272516117,-0.0568106326798887,0.0663715057765725,0.110781118957638,-0.160935544230253,-0.29150079562702885,0.2203636552098719,-0.6609036005650256,0.681555309463153,-0.7567966884204292,0.5702791765826839,0.703288217361029,0.15764621612196053,-1.1946697980000995,-1.0788564983254685,0.2473760186070007
NCIH2052_PLEURA,Wild-type_and_Functional,WT/High_Functional_Score_(Z>0),,,,-0.0672,-0.5895663268721415,-0.0187595710000001,0.8947411810223095,-0.08309465838546258,1.6538378576262125,0.8421913349893656,5.463553995,3.868829684,3.134021263,0.980668351,0.84526723,1.308877501,,0.674630145,-7.431225253,-0.117149683,1.059850293,-1.11804902,,,,,,,,,,,,,2.373740207629144,0.9894384148338927,1.4003028920815088,2.520323352416672,1.4645412782567861,1.5632307900720173,2.264124786451422,2.8743032230747456,0.9838101775583962,1.4539233597137862,0.3044779517999645
NCIH2066_LUNG,Mutant_and_Non-functional,Missense_Mutation,V157F,V157F,,0.7782,0.3990534853922732,2.426921001,,,-0.23627461362642224,-0.23627461362642224,-3.427786267,-1.21465099,0.878919556,-1.219401906,0.746289803,-1.078853959,-0.278760027,0.905049597,7.102620193,0.053170674,-0.06156396,-0.388031107,,,,,,,,,,,,,0.8697930863254419,-0.27182885074179913,-0.5951330723670414,-1.5933156483065363,1.4254866709259768,-0.37004770676679005,1.3177866440711077,-0.7771032291898081,0.5736793426526502,-0.3923639643231261,-2.7859740221707203
NCIH2081_LUNG,Wild-type_but_Non-functional,WT/Low_Functional_Score_(Z<0),,,,-0.6835,0.47782207001110194,-0.691525504493879,,,-0.40225945125146817,-0.40225945125146817,,,,,,,,,,,,,,,,,,,,,,,,,-0.08769267943673816,0.6652642668838797,0.874673970365661,-0.09582065383402082,-0.5206398698056705,-0.25840006624253226,-1.4928857413587802,-0.5102041556226604,-0.3122385753992808,0.4380522378056106,-3.124962697121619
NCIH2085_LUNG,Wild-type_but_Non-functional,WT/Low_Functional_Score_(Z<0),,,,0.1834,0.5482169252778453,0.473943101,0.2790109486163853,,-0.4910282354588132,-0.7700391840751986,,,,,,,,,,,,,,,,,,,,,,,,,-1.1486611969916851,-0.07390436946330473,0.09369247106138992,0.21920222647630405,-0.7882845597882637,-0.6421457426106045,-0.6702563367253962,-1.4115580977072213,-0.8499283815339614,-0.5605642283246498,0.431097625560447
NCIH2087_LUNG,Mutant_but_Functional,Missense_Mutation,V157F,V157F,,0.4684,1.0004860456510118,0.978198574,-0.07081688922827484,-1.174761970223571,-0.40120213464501586,0.8443767248068299,-0.663544674,-1.170705012,-0.472320284,-0.662356944,-0.776378941,0.456879805,-0.284025626,1.366284408,0.881690924,0.138885126,3.970974389,1.813266471,0.134710211717444,-0.383681436519448,0.0955389351607814,0.0966059798099125,-0.0960591953064408,0.25874123164332,0.136203484458941,-0.553770595547517,-0.685527207819625,0.190350928519554,-0.00193598469716353,-0.374663380872512,-0.009424013136316398,-0.10247186543820429,-1.5974682478364797,-1.0084421276675009,-0.2794051631126427,-1.2862574418977228,0.7069838617790376,-0.3864672656665414,-0.874715795548637,0.5522697058181305,-0.12782512838829702
NCIH209_LUNG,Mutant_and_Non-functional,Splice_Site_Mutation,X225_splice,V225_splice,,-0.0211,-0.22716486951896295,-0.31849747900000003,,0.4870773430778309,-0.679284636512737,-1.166361979590568,-2.040122735,2.179087043,0.329000969,0.585154551,0.145615591,-2.472456138,-0.00938306,2.515610296,2.818481224,-0.281610577,0.731641144,0.098343972,,,,,,,,,,,,,-0.12173587469214953,-0.4792171721839485,-1.3006659390275,-0.35108585172373735,-0.9820618050702037,-0.15637993323179378,-0.0859148945366417,0.15014377373995746,-0.35457228732355967,-0.5706533727394233,-3.2199876448511064
NCIH2106_LUNG,Mutant_and_Non-functional,Missense_Mutation,R248W,R248W,,-0.7,0.5289762275291893,0.941174119506121,,,-0.27107404223381615,-0.27107404223381615,,,,,,,,,,,,,,,,,,,,,,,,,-0.8205225694661188,0.21182641699093968,-0.012533765392776095,-0.29937374607140504,1.1502025390571653,-0.7092843031728576,0.1235323553160913,0.3866351257822792,0.3527245687211651,-0.4177499745258847,-2.947271111810576
NCIH211_LUNG,Mutant_and_Non-functional,Missense_Mutation,R248Q,R248Q,R248Q,-0.758,-0.3443415517389189,1.552756422,-0.7995556393227348,,-0.8870454698494844,-0.08748983052674963,-3.234186419,-2.616171362,-0.673442416,0.034784627,-2.329532732,-1.403499921,-0.141458539,1.965295799,0.686903346,0.417288834,3.304658348,1.025802058,,,,,,,,,,,,,0.46584317140031817,-1.3622014693715072,-1.4727716593342046,-0.918958442783539,-2.6778086526168945,-1.1874666361559671,0.9787649717368111,0.5503693331442963,-0.8325960847062315,-2.074340500471841,-1.2263341991855683
NCIH2110_LUNG,Mutant_and_Non-functional,Missense_Mutation,R158P,R158P,,0.1736,0.23011182985268575,0.0754110745061205,0.7534805339116389,,-0.754993026680872,-1.508473560592511,-2.61933864,-1.579679742,-0.884462292,0.616431418,0.09581015,-1.277204724,-0.24384079,-2.198090709,-0.821512648,0.49092804,0.866646355,0.808843537,-0.194420531807027,-0.574704161722997,0.0481961109570411,0.264687205888458,-0.0640020012430455,0.0428150894018556,-0.163666587375708,-0.977561348812405,-0.839904751449387,0.452135655220107,0.000563813644131677,-0.173629398568435,-0.1314790375417069,0.32001432407851577,-0.5583321157407949,-2.0060120119947076,-0.6427077949866616,-0.3264578360648698,-1.1988102070975895,-1.979111999350049,-0.48331498001792095,-1.5904922823605268,0.2917806475867188
NCIH2122_LUNG,Mutant_but_Functional,Missense_Mutation,"C176F, Q16L",,Q16L,0.2731,0.010845615710925662,-0.47990055,-2.343451417744063,-0.5389760664451055,0.6496439312938428,3.5320714154830113,2.409506494,0.835369488,-1.025802058,2.265791269,0.45054525,3.238145516,,-2.589645412,-4.469820623,-0.96839515,-7.462898029,-0.009719583,1.43658787390135,0.113766964964211,0.0643090411687076,0.513786681087671,0.122188525099496,1.25048656933512,0.205353168318988,-1.17812288626041,-0.767641277690621,-0.258714533810282,-0.315010721650356,-0.975829411690659,1.3995920349496278,1.0268119667497364,-0.3092326452833027,0.6372801467559276,1.524724936208367,0.9030329287334142,1.1141064407567967,-0.30527982210640403,-0.018825184110227638,0.18386583744635626,0.9900066041319793
NCIH2126_LUNG,Mutant_and_Non-functional,Nonsense_Mutation,,,E62*,-0.2425,-0.7579227098164307,-0.972470184493879,0.7825636083167756,0.35613419745970076,-0.36743602858595475,-1.5061338343624313,-1.401916282,-1.529003299,0.492907589,-1.084396695,-0.718972033,0.276820069,-0.094107738,-3.949199355,-2.510859379,-0.615639599,0.631871897,1.218610087,-0.181304775131568,-0.284047162948253,0.0156873622854133,0.281630104453302,0.0582790416689379,0.144911671831396,-0.00452133520760009,-1.17046772099789,-0.618145323816233,0.0275254941304206,-0.000730436236818309,-0.284086413897736,-0.11836811729006803,-0.7564701879965914,-0.013996771391970614,0.4042822390673857,-0.5676291760036761,0.6995611210701498,0.23949141878077482,-0.39771778751325676,-0.6884103934383374,-2.344883583600298,-0.49765507612961457
NCIH2141_LUNG,Mutant_and_Non-functional,Nonsense_Mutation,R209*,R209*,,-0.5536,-0.7430843281356346,,,,-0.6515691806183281,-0.6515691806183281,,,,,,,,,,,,,,,,,,,,,,,,,0.40630202894027617,0.9604704229300369,-1.1412140757899174,-0.686199997582801,-0.23104242429140703,-1.839597226751457,-0.39909226348391297,-0.7918745789662122,0.7786529813988622,-1.0469706253561424,-3.176695227848935
NCIH2170_LUNG,Mutant_and_Non-functional,Missense_Mutation,R158G,R158G,R158G,-0.4953,0.6281338436035786,0.290604433506121,0.3247129226816035,0.6454900833745469,-0.31241220392280006,-1.2826152099789505,-2.644676861,0.94068147,-0.380073321,0.176417367,-0.515078532,-0.502013512,-0.140785493,-0.284025626,0.295071507,0.452920708,2.020723159,0.676609694,0.0243622755990155,-0.514123064957675,-0.0917153779896743,0.171581907926922,0.010127818596214,0.00113607447434489,-0.00452655222716332,-0.426540491727715,-0.404821581595747,0.16544640935978,0.0141477543253361,-0.171047327281025,0.32860751658865395,-0.4322772288741572,-0.5176348101636451,-0.26746446251659345,-0.33647576622874203,-2.1125539975619296,1.6337894493498204,-1.0676019034100062,-0.46604357052729284,-0.43343839831185954,0.23455892850495103
NCIH2171_LUNG,Mutant_and_Non-functional,Nonsense_Mutation,Q144*,Q144*,Q144*,0.068,0.8165738501026559,-0.612278467,,,-0.5969152992379115,-0.5969152992379115,0.032967402,-0.574464989,-1.686179454,-0.77796258,-0.187898748,2.327949094,,0.255480536,1.702411752,1.695285377,-0.228914994,1.561071986,,,,,,,,,,,,,0.7837976858436482,0.33253224910647344,-0.9765449736733958,0.8838094991151746,0.43594220908139025,0.03321907151939876,-0.18958802267337044,-2.3052734559371864,-0.2919398116918547,-2.5078030354023166,-2.764219706904989
NCIH2172_LUNG,Mutant_and_Non-functional,Frame_Shift_Del,,,V73fs50,-0.0951,0.23504277923242678,-0.480346734,-0.030100585061081972,,-0.4701862423750301,-0.4400856573139481,,,,,,,,,,,,,-0.218273471235016,-0.173450565248301,0.069330950074186,0.0983890331759815,-0.0349332281351053,-0.0171561862852492,-0.0447289597444451,-0.736433988503192,-0.414179962935124,0.0312458619704953,0.0032132078395718,0.0463586954222579,-1.2480504607910858,-0.6152013171771747,1.5350076101281898,-0.8283862920459216,-1.6414282763391947,-0.4099607404283724,-0.9883710953829647,0.6092295751990859,-0.8558845957457751,-0.5177147314117154,-0.21128834213040226
NCIH2196_LUNG,Mutant_but_Functional,Missense_Mutation,V157F,V157F,,-0.8138,-1.2274768067991257,-0.14331048749388,-0.2993267595543599,,-0.054424705304949805,0.24490205424941008,,,,,,,,,,,,,,,,,,,,,,,,,0.7175237845183978,1.5534295250433088,1.10093223005322,-0.27444062158365173,-0.18835784074400372,-1.284515782247035,0.5461159235598158,0.17961107186179137,1.132472878907328,-1.886288245972427,-2.1951546817511924
NCIH2227_LUNG,Mutant_and_Non-functional,Splice_Site_Mutation,X261_splice,S261_splice,?,-0.3609,0.17466419253683146,0.228792182506121,,,-0.8829156781290268,-0.8829156781290268,,,,,,,,,,,,,,,,,,,,,,,,,-1.3479477360043852,-0.5119206988433483,-0.9758841339425134,-0.35838401527250213,-0.4637767445680965,-1.0770889557936678,-1.8892567569496308,-0.46233471937456055,0.5718518271375703,-0.5989891198603452,-2.5983414059478167
NCIH2228_LUNG,Mutant_and_Non-functional,Nonsense_Mutation,Q331*,Q331*,,-0.9065,-2.4039002665548272,0.0477973995061205,0.1942545603499842,0.6410778686852414,-0.46508670354383547,-1.300419132579061,,,,,,,,,,,,,,,,,,,,,,,,,-0.73690278836288,-0.3549256878802237,-0.11205528142322088,-0.4101287749004447,-0.8816141388206817,0.9172322928299883,-0.7491460700743382,-0.9573325468196844,-1.85009780604995,-0.17226921365518802,0.19128627617443236
NCIH226_LUNG,Wild-type_and_Functional,WT/High_Functional_Score_(Z>0),,,,0.0063,0.49002505915177863,-0.406250637493879,0.9279789803424666,-1.8565203044744896,1.0625230277343929,1.9910643518664157,,,,,,,,,,,,,,,,,,,,,,,,,1.6831790719872637,1.2994119480423159,-0.12444780282815915,1.3593366471507784,2.2554407445924896,1.768020937331984,1.1932285218568117,-0.12724133494318782,0.8188950342132804,0.8578937751794786,0.7040357624952643
NCIH2286_LUNG,Mutant_and_Non-functional,Nonsense_Mutation,K291*,K291*,,-0.9397,-1.1173678186901341,-0.66240661449388,0.7676065986227055,,-0.5869942123597108,-1.3546008109824164,-1.436360427,-1.051140279,0.066710786,0.044658615,-0.953746491,0.244395064,-0.430353855,-3.536265528,-3.354147061,-0.492907589,2.548470802,1.225340552,,,,,,,,,,,,,-1.084346768262899,-0.6603815056476097,0.2830392394006903,0.7756676953897884,-1.0501978950409923,-0.15085258281259994,-1.5255700556630014,-0.08630045240800487,-1.3833972625642403,-1.6212295852024265,0.04663283685447673
NCIH2291_LUNG,Mutant_and_Non-functional,Missense_Mutation,G154V,G154V,G154V,-0.4564,-1.415439266398815,0.0400163485061205,0.4468618351831821,0.6941667744630255,-0.832518568529191,-1.9735471781753986,0.493303498,-2.612608175,0.309997303,-0.30619657,-0.726890227,1.390038991,-0.230815361,0.873772729,0.474299832,-0.199538494,-0.388941699,1.03728344,-0.0548429589325558,-0.0694269328320755,-0.0273934667355188,0.0885356142880601,-0.0795728003271561,0.0199429153679911,0.0555810838924333,-0.725668311592631,-0.611312692760137,0.0622239039584378,-0.0105467442536093,-0.321114371935723,-0.7218213717589598,0.447455769544688,-0.6390477278884524,-1.2918840782888663,-0.6348741750859258,-1.1350958980484984,-0.00917437788512425,-1.2987994466526307,-1.8310463373511012,-2.57548775093418,0.5320711405279502
NCIH23_LUNG,Mutant_but_Functional,Missense_Mutation,M246I,M246I,M246I,0.2964,0.09442187597500336,1.37776700050612,-0.773796344849612,0.2616274054048765,0.30026013236718946,0.8124290718119249,0.278997572,-2.341014114,-1.139824054,-0.292498094,-1.215046899,1.013528857,,-2.68743511,0.472716193,0.260904499,0.454900257,-0.005265599,0.0243129474593145,-0.183850070386071,0.0484381806355262,0.148514823493657,-0.112495731276089,0.203006225597716,0.0444471734904755,-1.0886002505103,-0.706532630403902,-0.0542476740590123,-0.0340929628714277,-0.599475380146925,-0.1630823081762976,0.7547660048255467,0.28988686542929804,1.26772410446804,1.5726585327509424,0.5029591931401514,0.0020473609037206207,-0.12844880508088274,-0.028978147572006025,-1.2449945568709342,0.47832321222150476
NCIH2342_LUNG,Mutant_and_Non-functional,Missense_Mutation,Y220C,Y220C,Y220C,-0.2006,0.6159741668561015,1.25278130050612,0.8482082619740878,0.5784528859983086,-0.8727182078262977,-2.299379355798694,,,,,,,,,,,,,,,,,,,,,,,,,-0.6368309703491457,-1.6991581123873958,0.752725748772827,-2.715177448462755,-0.633205485481717,-0.6544341190348961,-1.2936519287336326,-0.5147282414811549,0.649608538225039,-2.2447465411953553,-0.610301725961088
NCIH2347_LUNG,Wild-type_but_Non-functional,WT/Low_Functional_Score_(Z<0),,,T125T,-0.8963,-2.169139321389157,-0.732186983,,0.5968133922860683,0.05710496613318945,-0.5397084261528788,,,,,,,,,,,,,,,,,,,,,,,,,0.7521833914532405,0.567798121264092,-0.4224723098490937,0.40077919312836874,-0.5038510081395216,-0.16161700704254214,-0.0839706260913441,-0.15092680944818185,-0.947188739338464,0.2333457164585222,0.944074705070008
NCIH2405_LUNG,Mutant_and_Non-functional,Missense_Mutation,,,R273H,-0.9955,-0.05421737289542658,1.54514302750612,0.24826598424524018,0.5452901110754568,0.0029473914385959687,-0.7906087038821009,-2.637154577,2.074566879,0.044816979,-0.319776273,0.730849324,-0.034060112,-0.246176658,1.465261836,0.748269351,0.748269351,0.861103619,0.705115193,,,,,,,,,,,,,0.41019525203629953,0.05388113841456244,0.09457832790493904,-0.34410425032741004,0.3939855714240272,-0.44930531573174226,-1.0615485811913805,0.8121651959733782,-0.6338025106758846,0.28232962200657274,0.47404685599119384
NCIH2444_LUNG,Mutant_and_Non-functional,Missense_Mutation,Y236C,Y236C,Y236C,0.0014,0.7191387345886235,0.870213656,0.3471484372227094,,-0.21434896282216773,-0.5614974000448771,,,,,,,,,,,,,,,,,,,,,,,,,-1.0001739620761765,0.8681967677103768,-0.024261499398188835,-0.48584608790028755,-0.569673808430512,-1.1799073494776378,0.6235951307029536,-0.7512122628287985,-0.9715973983002832,0.7015968743167288,0.4314450046379799
NCIH2452_PLEURA,Wild-type_but_Non-functional,WT/Low_Functional_Score_(Z<0),,,,-0.1918,-1.215284923400295,-0.446789755,-0.5793552188266891,0.6938821154508135,-0.6682997423616976,-0.782826638985822,-1.55552925,2.240057138,-0.971166518,-0.328486286,0.64176964,1.401520373,,1.387663533,3.98285168,-0.440647507,1.027385697,2.217490284,,,,,,,,,,,,,-0.8343886169912198,-0.7399151426423447,-1.090619964924102,0.1587152719337464,-1.7370826716002186,1.4612832262133923,-1.98841883157968,-1.171514500472304,-0.7968319373748675,-0.8043612898040078,0.19183729126293103
NCIH28_PLEURA,Wild-type_and_Functional,WT/High_Functional_Score_(Z>0),,,,-0.2683,1.0419782077628483,-0.246321182,0.07293659283140762,-1.6648024597488142,-0.039393629395628044,1.5524722375217785,,,,,,,,,,,,,,,,,,,,,,,,,-0.2704481779555882,0.617562774497057,-0.46207216354341585,0.0032106906962633126,0.08118518316133708,-0.0591614591191312,-0.43286926980615154,-1.2650866290700704,-0.7293087759306361,1.4686589923713274,0.6149989113471003
NCIH292_LUNG,Wild-type_and_Functional,WT/High_Functional_Score_(Z>0),,,,0.0102,1.2351425968433267,0.0700780745061205,-0.6624497171270832,-1.8758771173049946,0.7502593158352012,3.288586150267279,-0.14680332,-2.921021839,-0.114299133,1.458927281,-0.053526993,-0.812406724,0.21489979,-3.974933486,-2.825607599,0.632663716,-3.038211113,-1.441507253,,,,,,,,,,,,,1.7205817568278943,1.3022943051067781,1.3610212204798335,1.2623933429497585,0.3401468352618812,0.5456056648646153,-0.4576329369546954,1.076884958736933,1.01983399147446,-0.8693468655364194,0.9510702009761736
NCIH322_LUNG,Wild-type_but_Non-functional,WT/Low_Functional_Score_(Z<0),,,,-0.1235,-0.17420602895085666,0.851152199506121,0.9088672457333761,,-0.8144577839101309,-1.723325029643507,-1.646192573,-1.0642053,0.523392636,-1.206732795,0.411350188,1.431213601,-0.123365466,-0.265615824,-2.719107887,0.826263564,0.406203362,-0.269416558,-0.135226705162673,-0.305610429483392,0.0941722427575885,0.0474691671478986,-0.164163072126546,0.164456111505103,0.0141613977884356,-0.859467770247883,-0.480007890565127,0.097422174500128,-0.0497825978666956,-0.255645933759407,-0.6822056679380749,0.032299869151906725,-0.768393090985037,0.6029326996889267,-0.8822791320210837,-1.0713922773528795,-1.3481133648011454,-0.4900217059317086,-1.955607502629773,-2.063024474330045,-0.3332309758625247
NCIH3255_LUNG,Mutant_and_Non-functional,Splice_Site_Mutation,X187_splice,G187_splice,,0.2318,-1.0834242293112057,-0.61301320049388,,,-0.32018423942079505,-0.32018423942079505,-0.311303805,-3.948011626,-0.99610883,-2.036163637,-2.170772939,0.639394181,-0.037152167,-2.347744579,2.174336126,0.38735806,0.043074976,1.433984969,,,,,,,,,,,,,-1.0791362063467485,0.5420474466561892,0.8886597708350208,0.7565252092434871,-0.41966375562623004,-0.7965245188701245,-0.4415625828321421,-0.6667050618215705,0.25915058101739,-1.8948372622617868,-0.6699802536222298
NCIH358_LUNG,Mutant_and_Non-functional,Missense_Mutation,,D342N,,-4.403,0.8256527940619802,-0.788703707493879,0.10368155720255424,-0.5903570181496111,-1.0750227919169058,-0.5883473309698489,-2.19611116,-1.836625144,0.66789968,-0.733224783,-1.111714465,0.421247931,-0.241188195,1.894823871,0.422039751,0.204843684,2.983575573,-0.102857343,,,,,,,,,,,,,-1.0591464624653266,-0.8428802187291142,-2.3494643848944405,-0.7335029094729466,-0.9766310272669207,-1.129290365879542,-0.9010236846989795,-1.1261060831518583,-1.5530356515448513,-1.7519316449301596,0.5977617219481759
NCIH441_LUNG,Mutant_and_Non-functional,Missense_Mutation,R158L,R158L,R158L,-0.0467,0.3281477660006013,1.066431772,1.3110446175072852,-0.3475428807316438,-0.83819910051418,-1.8017008372898213,-2.85134173,-7.581670942,0.889213208,-1.48743278,-0.036004029,-0.962060595,,1.47318003,-1.760610479,-0.230854952,1.441507253,-0.032076605,-0.0905473749694104,-0.545670131957476,0.201896080623883,0.168990215205967,-0.168551217979935,0.252821951677848,0.100068745543464,-0.747986361976013,-0.721380417998718,0.273042972423805,-0.0534671298709821,-0.254504778301472,-0.45253490195487545,-0.10422494534541096,-0.6763160884820617,-0.6784383289913531,-0.5641694380463846,-2.4172597724213856,-1.0627749827642594,-0.8035576117989355,-1.6768876584266872,-0.733906954033059,-0.05011942339156677
NCIH446_LUNG,Mutant_and_Non-functional,Missense_Mutation,G154V,G154V,G154V,-0.0515,0.4195002667054346,0.624734625,0.7343687993025471,0.5955324267311078,0.3131113128133387,-1.0167899132203162,,,,,,,,,,,,,,,,,,,,,,,,,-0.3365962247352619,0.8260372894434979,1.0106332575071724,-0.46063177640033987,3.0685908834136453,-0.3741841484371723,0.8695100176745456,-0.44450228094899447,2.1567026510008307,0.3924748868400392,-3.263810114411236
NCIH460_LUNG,Wild-type_and_Functional,WT/High_Functional_Score_(Z>0),,,,0.33,0.8271731701207325,-0.0557681440000002,0.008122884157100439,-1.680743364432759,0.11345835341612243,1.786078833691781,0.397493349,-0.450941159,-0.5178499,0.981064261,0.078746441,-0.057406908,-0.025235285,-4.315415837,-1.757047292,0.210030101,-5.534817743,-1.370639415,0.645762276096013,-0.107881438245774,0.117810604797744,0.495822473918804,0.293575847046591,0.437137010937417,0.0430286242083386,-1.11030235173593,-0.959262918937098,-0.469738786528508,-0.371024427970862,-0.911288732148802,0.1494154471376369,-0.11270028873895836,-0.6063176071671407,-0.45115577408938373,0.8453031566728518,0.5968878656904048,-0.22990802934421697,0.19242407891704036,-0.282647329567652,0.6866785145934607,0.46006185347330375
NCIH508_LARGE_INTESTINE,Mutant_and_Non-functional,Missense_Mutation,,,R273H,-0.4717,0.3133315958034968,1.39501837150612,0.2474350392622367,,0.0023764347936139755,-0.24505860446862274,0.635435084,0.004457943,-0.242138379,-1.491391877,-0.663148764,1.642629386,,0.848434508,-0.853581334,-0.53210265,1.220589635,0.452524798,,,,,,,,,,,,,-0.8410432909193919,-0.5052633642424602,0.22134191570882703,-0.6571624497718854,0.1598565387416942,-0.5861586417562223,-0.9357826890634883,-1.3029569977772193,2.8242705195864253,1.024619170721924,0.6244200715015507
NCIH510_LUNG,Mutant_and_Non-functional,Missense_Mutation,R282G,R282G,,0.0869,-0.20923353873398035,,,,-0.7461281749337403,-0.7461281749337403,,,,,,,,,,,,,,,,,,,,,,,,,0.7912828160433648,0.04986647013277657,-1.277435488129341,-2.079477107732361,0.8529603317110807,-1.442595585264265,0.09332714767661797,1.0819096263177324,-1.3180597774415719,-1.7326669914292467,-3.2265213661559313
NCIH520_LUNG,Mutant_and_Non-functional,Nonsense_Mutation,W146*,W146*,,-0.2871,-0.6351898249507884,-0.480024481493879,0.7343687993025471,0.5821534531570823,-0.794701828410172,-2.1112240808698015,-0.930387818,-0.38652665,0.947807845,0.026727865,-1.148929978,-1.020655232,0.281175076,0.728077956,0.168657536,0.355249783,1.403895831,1.308481591,-0.0672210804558227,-0.446905105448338,0.045926893303155,0.281815958329434,0.0306591937654046,0.218996826331808,0.0191168152437963,-0.968060999535562,-0.300354786401922,0.0269368318472857,-0.0513412236146866,-0.050023559277371,-0.9221891574880403,-1.088656074961784,-1.6162630982470656,-0.17320876191922596,-0.7597776312734312,-1.034188492036811,-0.9299345400081829,-0.8799811510603951,-0.7678325522759519,0.3180527633561626,-0.8877414165971668
NCIH522_LUNG,Mutant_and_Non-functional,Frame_Shift_Del,P191Lfs56,P191fs,,-1.288,-1.0889215715251075,-0.222723064,-0.6790686167871617,0.6682628043516137,-0.25480747682082827,-0.24400166438528026,-2.866782209,0.50438897,-0.554669503,-0.451732979,1.998948125,-3.155400387,-0.268981057,1.074498952,0.690466534,-0.505972609,0.588717738,-0.197479763,,,,,,,,,,,,,-0.23715000486413945,-0.17434571438563123,0.2926604974180561,0.3590709957260155,0.9247716174360912,-1.0158889708459113,-1.1072202579966075,-1.2755108769023524,-0.08760011757311725,-0.4267819123460966,-0.054887500695418014
NCIH524_LUNG,Mutant_and_Non-functional,Missense_Mutation,T155N,T155N,,-1.011,-0.5174256489871647,0.345669123,,,-0.4788602428873114,-0.4788602428873114,,,,,,,,,,,,,,,,,,,,,,,,,-0.3927787962564029,-1.3916725084346142,0.2605754257530542,-0.6793580826376932,0.6901877294046834,0.577729609532845,0.21360327619543445,-0.9871223955073549,-0.029841315115629923,-0.9289942005629555,-2.5997914141317913
NCIH526_LUNG,Mutant_and_Non-functional,Splice_Site_Mutation,X33_splice,S33_splice,,-0.5555,-0.4041326446908475,-0.679427679,,0.47341371049159175,-0.11262105381021979,-0.5860347643018116,-1.725770425,-1.693305829,-0.338344438,-2.358038231,0.562587698,-2.045269561,0.457275715,1.71824814,-1.070935765,-0.278918391,-0.270050013,0.564171336,,,,,,,,,,,,,-0.5808596874811633,0.6364601142236872,-1.4169666258592788,-0.5896122588939761,0.15302395527196405,0.5690817855728366,0.8379731943862366,1.2202890552723398,1.0870607748513281,-2.1861459712167686,-0.9691359280396237
NCIH596_LUNG,Mutant_and_Non-functional,Missense_Mutation,G245C,G245C,G245C,0.0407,0.8340498454719412,0.4094883,-0.2993267595543599,0.7106769971713992,0.0918436704722141,-0.3195065671448252,,,,,,,,,,,,,,,,,,,,,,,,,0.18577363111460973,1.3754090846219584,-0.006264867587271253,0.0049005339340648536,-0.05377740350424876,0.23047412181840599,-0.014876761606030223,0.07091886186936054,-0.9517006700981341,-0.25037198232013064,0.4197958269517706
NCIH647_LUNG,Mutant_and_Non-functional,Splice_Site_Mutation,X261_splice,S261_splice,,0.2925,-1.1265978007385662,-0.890725255493879,,,-0.4095111448569226,-0.4095111448569226,-2.262228082,0.854769063,-0.035049887,-0.328327922,1.00917385,-1.74675364,-0.570505892,-0.820720828,0.125503378,-0.429562035,1.333423903,-0.175665138,,,,,,,,,,,,,-0.6938146014596527,0.3578302419522515,-1.013971241012736,-0.39863548254071224,-1.2205842261631914,-0.288443695216885,-0.05139262184303734,-0.8688856210440173,-0.7401798518094124,0.09851924581867307,0.3149352598925714
NCIH650_LUNG,Mutant_and_Non-functional,Missense_Mutation,K164N,K164N,,-0.6362,0.5777981792595601,-0.380064665,0.6770335954752756,0.68975455977372,0.18959006030679254,-1.1771980949422032,-1.229299649,-0.835369488,-0.215572837,-0.500825783,0.357387695,1.806536006,0.075539573,0.821908558,0.327298557,0.267199463,2.293109039,0.744310254,,,,,,,,,,,,,0.023335833212737234,0.7290007667293182,-0.20071044474621388,-0.05943958973043648,-1.0423580685370526,-0.05683924625154814,0.20417456061770045,0.9740981469287737,-0.44199307237195656,1.0821259886928032,0.8740957888305926
NCIH660_PROSTATE,Wild-type_but_Non-functional,WT/Low_Functional_Score_(Z<0),,,,-0.5512,-0.09866255176418467,-0.451184790493879,,,-0.3242967747226373,-0.3242967747226373,-1.400332643,-1.872652927,2.189380695,-0.633455536,1.714684953,4.667775478,,1.563447444,0.712241568,-1.59630795,1.205545066,0.589905468,,,,,,,,,,,,,-0.05868091006545211,0.6847714526841495,-1.0828020019429794,-0.666950478960889,-0.3515152524490338,-1.292002499773253,-0.42001342490009175,1.2107308766541736,0.06720683241103116,-0.6377533616609605,-1.0202557539457047
NCIH661_LUNG,Mutant_but_Functional,Missense_Mutation,"S215I, R158L","R158L, S215I",R158L,0.1786,0.5530057211619559,0.40528650150612,0.17846660567290915,-1.0396912689283473,-0.33058001294330713,0.5306446503121309,1.434776788,-3.606737456,-0.610492772,0.284144399,-0.515870352,-1.648963941,,0.730849324,0.945828297,-0.107370713,3.825675526,-0.328129967,,,,,,,,,,,,,-0.27540886807322046,-0.4566012884381544,-0.9502329726323048,-0.06644114633408199,0.09640820750493949,-0.38607339452485034,-0.4467312243135556,0.7528965295008084,-0.12872861838358163,-1.6120149203164902,-0.16345244636588746
NCIH69_LUNG,Mutant_and_Non-functional,Nonsense_Mutation,E171*,E171*,,-0.7683,-0.7367607187283705,-0.204863902493879,1.0667467925041252,0.4573304763015377,0.13254898569601767,-1.3915282831096452,,,,,,,,,,,,,,,,,,,,,,,,,-0.35889177087506574,1.6931115824472363,1.276672174112915,0.10582036672044075,-0.6560652917387362,0.35974397144718706,0.40754350562396996,-0.9490373421703469,2.1997625339602545,0.3393535184466021,-2.959974405318262
NCIH716_LARGE_INTESTINE,Mutant_and_Non-functional,Missense_Mutation,E224D,E224D,E224D,-0.3677,-0.7967139555112545,-0.52655727949388,,,-0.26442355484579977,-0.26442355484579977,-1.614123887,-1.25463787,-0.578819996,-0.245186883,-1.297792029,-1.854045171,,-1.289477925,2.971302372,0.588321829,1.09191898,-0.07379757,-0.347122240428134,-0.549598173199075,-0.00352354292130061,0.0644814226868678,-0.0335840362319377,0.027437209096746,-0.0022768750537841,-0.548587144004614,-0.187122070288351,0.127924893169318,0.0039639945043029,-0.130918647061514,-0.23717113372945578,-0.8011030320307851,0.7789935359251137,-0.16866260287045587,-0.3722790001383852,-0.6142912830582948,0.14937227478328355,-0.6944873474095343,0.24611263225939067,0.21693943634290802,-1.4120825833775825
NCIH727_LUNG,Mutant_and_Non-functional,In_Frame_Ins,Y163_Q165dup,165_166insYKQ,Q165_S166insYKQ,0.0122,0.33140285893574223,1.000936152,0.26820866383733416,0.6499022980638539,-0.02345958553318186,-0.9415705474343699,-3.041378391,1.026989787,-0.427978396,-0.809239447,0.009755215,-1.126759034,-0.578819996,-0.133698709,1.54088059,-0.282917079,1.903533885,0.249462708,,,,,,,,,,,,,0.1102305884399315,-0.3271858834918349,0.16029279920818806,0.40043995460397847,-0.870350040663473,0.2725158506086049,-0.7455655035519086,0.02022815541228373,-0.1401906595930548,0.42258569688516207,0.4389436012771221
NCIH747_LARGE_INTESTINE,Mutant_but_Functional,Missense_Mutation,R158L,R158L,R158L,-0.5668,0.4138196797510694,0.91544732650612,,-1.0823901207603464,-0.11042847851435514,0.9719616422459912,,,,,,,,,,,,,-0.215423468136655,-0.283125654222475,-0.107991059892176,0.166337256703691,-0.0499040815625667,0.0636418372720112,-0.0276439228687942,-0.243992113495485,-0.478567122992569,0.0964970899906771,-0.110836118742531,-0.0122068797023654,1.2757722909672045,0.1200709792308695,-0.2674481517617979,0.9934325234564114,0.1231622139435122,-1.3167364857847481,0.291392645666655,-1.03754919695602,-0.24840626106585692,-1.4648543727400802,0.31645055138594463
NCIH810_LUNG,Mutant_and_Non-functional,Nonsense_Mutation,E294*,E294*,,-0.3487,-0.41616460540709244,-1.20609747,-0.40319488242985296,0.7135235872935322,-1.0479561954718648,-1.358284900335544,,,,,,,,,,,,,,,,,,,,,,,,,-0.6099568909600314,-1.7622034533493771,0.5232659298155792,-1.848537307562106,-0.9538714133187619,-1.2721306469532603,0.042067069066104947,-0.1703981817553547,-0.4351530963701465,-1.8466234207764431,-3.193976738026717
NCIH82_LUNG,Wild-type_but_Non-functional,WT/Low_Functional_Score_(Z<0),,,T125T,0.375,1.4832593071533178,-0.635920711,,-0.1793094045135669,-0.45081317606111865,-0.2715037715475518,,,,,,,,,,,,,,,,,,,,,,,,,-0.44510856511951596,-2.2684369824830695,0.0008788335895814212,-2.26273756823808,-1.315776672814336,0.300938768519125,1.1432189563782509,-0.6696834183450799,1.635559874125667,0.136670046755777,-1.2144682090406238
NCIH838_LUNG,Mutant_and_Non-functional,Nonsense_Mutation,,,E62*,-0.0939,0.9539796410955866,-0.337763539,0.8332512522800177,,-0.3142989452697105,-1.1475501975497282,-0.768856656,0.774399392,-0.744706164,1.026197968,0.481030297,3.377505734,,0.018615675,-3.079385723,-0.194470849,0.850809966,0.462818451,-0.155951740072653,-0.141514827755445,0.00200994355706406,0.123679689573938,-0.000741082239849947,0.12706562898577,0.045547335515357,-0.524782387838285,-0.457053157117219,0.0186758149211339,-0.0499877782265212,-0.0841864937213495,-0.656040783506518,-0.8504289601779383,-0.015776380416354378,-0.6309394932475487,-1.6069745352975677,1.3072672957144313,-0.39715566689831977,0.6534284278976418,-0.5600016856960214,-0.44538091725043294,-0.2552856990881866
NCIH841_LUNG,Mutant_but_Functional,Missense_Mutation,C242S,C242S,C242S,1.068,1.9752436709429164,2.02747162850612,-0.09159051380337374,,-0.06234409481092126,0.029246418992452478,-0.800133523,-1.454176364,-0.398681078,-0.189324023,-0.517453991,-0.488552582,0.032365619,-0.89990277,1.10537991,0.676609694,1.031740704,0.303148065,,,,,,,,,,,,,-0.9302906993671883,-1.831986834910052,0.0183520045384018,0.5652436624511996,0.8387108574128667,0.1811875726756973,-0.6869634552034845,0.12459630278672208,0.5940810775919403,0.3359469638641229,0.10533750523964035
NCIH854_LUNG,Mutant_and_Non-functional,Missense_Mutation,E285K,E285K,,-0.0604,0.4200444480559008,0.86251163,,,-0.40357278613259884,-0.40357278613259884,-0.691654263,-3.41076215,-0.554669503,-1.85562881,1.190104588,-0.588321829,0.744310254,-0.593468655,1.899178878,-0.027432584,-0.507556248,0.699968367,,,,,,,,,,,,,-0.212287760911621,-0.7242618199402652,-0.17847559587988693,-1.1240281307770177,-1.3643734892421138,0.061061436213023595,-0.3619670383903181,-0.5846578324998996,0.5801987647326576,-0.7949247420525452,0.26441556128939825
NCIH889_LUNG,Mutant_and_Non-functional,Missense_Mutation,C242S,C242S,,-0.4488,-0.9286712695544068,0.308677417,,,-0.09016853269169291,-0.09016853269169291,,,,,,,,,,,,,,,,,,,,,,,,,0.6996294728885156,0.43989792591565957,0.9618219138006551,-0.8871416788262882,-0.1374300014844172,-0.5227936771037925,0.7012233911203621,-0.7729655756650601,1.108402681907635,-0.4925114482746813,-2.08998686388721
NCIH929_HAEMATOPOIETIC_AND_LYMPHOID_TISSUE,Wild-type_and_Functional,WT/High_Functional_Score_(Z>0),,,,-0.0413,0.1751639509199123,-0.270332000493879,,,0.23733404249722326,0.23733404249722326,,,,,,,,,,,,,,,,,,,,,,,,,2.7845652715987796,-0.2853559041483259,-1.3553498346077382,-0.22873503333374534,-0.24981651232515553,0.9059719793939492,0.18629035966483737,-0.1653892228060078,-0.3237015120107703,2.0181584348116326,-0.6759635587679999
NCIN87_STOMACH,Mutant_and_Non-functional,Missense_Mutation,R248Q,R248Q,R248Q,-1.008,0.41103547027021087,1.59094951450612,-0.0151435753670104,0.6359540064654012,-0.09387006748328312,-0.7146804985816739,-1.36390895,-0.143081769,1.599079318,0.486177124,0.129700021,-0.842099953,,0.044341887,-2.454244291,0.95453831,1.587597936,0.597427752,-0.331787804869988,-0.283041476223771,-0.0981738293230102,0.169616455492534,0.0303094823631034,-0.0903743977988227,-0.00371190725021721,-0.445950558793727,-0.989007144410109,0.157852389270994,-0.0942507347477184,-0.158945929696863,-0.7450704727769302,-0.35550215929311596,-0.1403395377184873,-0.6051228973085783,0.7016690586740238,-0.20902885308902516,0.938635665578638,0.0013673252475871116,0.21199960624591369,-0.5915625698318755,-0.2396159080442645
NCO2_HAEMATOPOIETIC_AND_LYMPHOID_TISSUE,Mutant_and_Non-functional,Missense_Mutation,G266R,G266R,,-0.0962,0.6631635745350719,0.801168181,,,-0.11456576017398777,-0.11456576017398777,,,,,,,,,,,,,,,,,,,,,,,,,-0.6898726901087708,-0.14899735614272624,0.3937871355188532,-1.144569295545268,-0.9576867009738684,-1.3205342714119412,0.861974059484088,-0.42948482927982506,0.7802109809070633,2.0368226993822973,-0.6418730937437672
NH6_AUTONOMIC_GANGLIA,Wild-type_and_Functional,WT/High_Functional_Score_(Z>0),,,,-0.9521,-0.909593826210891,-0.488219407493879,-1.8274345832986143,,-0.3718752572659501,1.4555593260326642,,,,,,,,,,,,,,,,,,,,,,,,,-0.7498005826687247,-0.04558870047403679,0.23119845477733209,-0.36519871857126884,-0.2478906920167915,-0.3856742641882346,-1.822914898138581,-1.5588830686533246,0.6307012292507991,-0.11075545217158643,0.3341788629289658
NIHOVCAR3_OVARY,Mutant_and_Non-functional,Missense_Mutation,R248Q,R248Q,,-0.6879,0.28005546150952854,2.117614008,,,-0.8077885674932925,-0.8077885674932925,-2.356850502,0.483405756,2.42851016,0.412537918,-1.019863412,-1.860775636,,-0.197004672,-2.394066015,1.492975516,2.162062925,0.675026055,,,,,,,,,,,,,-0.6289875680853783,-1.2958429348154274,-0.5376865982702463,-1.2142510653865881,-0.21525814568666485,-1.468817238894055,-2.136768486719871,-0.23633149693242955,-0.7741702077466693,-0.8523140926240281,0.4747535927351395
NMCG1_CENTRAL_NERVOUS_SYSTEM,Wild-type_and_Functional,WT/High_Functional_Score_(Z>0),,,,-0.1181,-0.6248059563245288,-0.301412306493879,0.1419050264207352,-0.4661033593184937,1.2590003108954038,1.5831986437931624,,,,,,,,,,,,,,,,,,,,,,,,,0.9843905399206587,1.6322301331256492,1.524115202807693,1.0689294221208894,0.5956070764979084,1.6820869663727325,1.8327229634665057,2.211304723964942,0.6742589557312338,0.6070356178031069,1.0363218180381244
NOMO1_HAEMATOPOIETIC_AND_LYMPHOID_TISSUE,Mutant_and_Non-functional,Frame_Shift_Mutation,,,C242fs5,-0.0386,-0.938500961662537,-0.401481967,,0.7128119397629988,0.4889358510661009,-0.22387608869689796,0.544771761,-0.171824814,1.721415418,-0.358931743,0.69521745,0.179624235,,0.234616094,3.786084555,0.540812664,3.28763423,1.466449565,-0.188082685339205,-0.321028246133394,-0.0392635130701817,0.486035857725028,0.370257396757802,0.181330767024174,0.297460435430533,-0.785355123725713,-0.342726917351255,-0.0654256667170192,0.0255708999496238,-0.406978645238407,1.3563724816229137,-0.7059227472661197,-0.10981853236994693,0.7727596774507696,0.4495506299344162,0.001119316568540819,0.45414018951365676,-0.3732186058989916,2.3198798190324887,1.1134897843314826,0.09994234880789922
NUDHL1_HAEMATOPOIETIC_AND_LYMPHOID_TISSUE,Mutant_but_Functional,Missense_Mutation,R248Q,R248Q,,-0.1861,1.6081933500528902,-0.173869083,,,1.0334093928448964,1.0334093928448964,,,,,,,,,,,,,,,,,,,,,,,,,1.1196207898199537,0.9801802839428386,1.99510207423092,0.9512472151882065,0.619350880382662,0.3333650846544873,0.25273852853180084,0.4628785394030756,3.229359345738907,0.28420910039690633,1.1394514790041037
NUDUL1_HAEMATOPOIETIC_AND_LYMPHOID_TISSUE,Mutant_and_Non-functional,Missense_Mutation,"R248Q, V143M","R248Q, V143M","R248Q, V143M",0.094,1.930990621408099,1.795966745,,,-0.07448349532248343,-0.07448349532248343,,,,,,,,,,,,,,,,,,,,,,,,,0.5056159637415946,-0.2986086785247185,-0.06835853721091834,-0.010011448261027303,-0.8473465958751673,-0.27112385757949636,-0.46966460493242096,0.7219411003593164,-0.4407144382928123,-0.16963272313541564,0.5285853711637479
NUGC2_STOMACH,Wild-type_but_Non-functional,WT/Low_Functional_Score_(Z<0),,,,-0.073,2.079393317977203,2.00563493350612,,,-0.19739775333599976,-0.19739775333599976,,,,,,,,,,,,,,,,,,,,,,,,,-1.2852776841849631,1.4742102166716027,-0.8947255933730812,1.5468811278455123,0.6364562788122025,-0.8098046737066142,-0.06964507206175263,-1.379516678511272,-0.17072476374774997,-1.767332926184275,0.5481044817443933
NUGC3_STOMACH,Mutant_and_Non-functional,Missense_Mutation,Y220C,Y220C,,-0.2089,1.5815617811055436,1.53101639850612,0.6703860356112433,0.6056378216646808,-0.27442312570695343,-1.5504469829828778,-0.757771185,-2.039330915,-0.715012936,-0.171032995,-2.111386482,-1.787928249,-0.289132861,-0.9826479,1.017883864,0.793403058,2.61894273,-1.026989787,-0.313887145830464,-0.311517096366597,-0.0337129242762967,0.154081342197127,-0.170355960834975,0.116896335038173,0.154513575211711,-0.826984343210154,-0.603526096390856,0.208880489495502,-0.0598779389651673,-0.147564168866755,-0.3462815128667803,-0.13171838405628994,-1.066410492202414,0.4133482525734645,-0.5442001355671127,-1.409758043933602,0.6473800877491004,-0.26007456975275134,-0.31199413064885617,-0.8323837905265411,0.8234383364552945
NUGC4_STOMACH,Wild-type_and_Functional,WT/High_Functional_Score_(Z>0),,,,-0.2054,0.6493669114394551,-0.342199328493879,,,0.8287932534016715,0.8287932534016715,,,,,,,,,,,,,,,,,,,,,,,,,0.8491318119855026,1.2138999990898787,0.8899080236600211,1.512884711016314,1.3380657781435297,0.743888778151875,0.46077744413864485,-0.27518836769483357,0.13612323939248147,1.442620385505258,0.8046139840297137
OAW28_OVARY,Mutant_and_Non-functional,Frame_Shift_Del,P152Rfs18,P152fs,P152fs18,-0.9709,-1.3407098400894737,-0.672502143,-0.05585987953420326,0.6013679364814813,-0.7388125227197883,-1.2843205796670663,,,,,,,,,,,,,-0.198625030516799,-0.307993557428911,-0.0704609788285822,0.159828229205675,-0.096805539395239,-0.00606643027019385,-0.0149088818426833,-0.254018842098537,-0.811488306543141,0.183089653706286,-0.0320014471925933,-0.210923337381608,-0.015342851363706287,-1.6482860272296633,-0.42085929244145587,-1.7272014835806502,-1.0512831639440479,-1.1967796773436692,-0.3403510256808367,-1.0670374399197915,-0.3472022333281554,0.33248820154858094,-0.645082756634276
OAW42_OVARY,Wild-type_and_Functional,WT/High_Functional_Score_(Z>0),,,,-0.2903,0.7046424097566929,-0.405360064,-0.1638827273247167,0.37307140868639405,0.8283514405247542,0.6191627591630768,3.030688828,1.300167487,1.543256049,0.798945794,0.855560883,1.854441081,,-1.076082591,-0.431541584,-0.24221756,-2.06031413,-1.551174243,,,,,,,,,,,,,0.5174600707206011,0.8833749566058301,-0.34173301168957665,0.43439736807342105,1.9417120258220384,1.0542186623000083,1.251715492309657,1.1450468050961533,0.8931498280153607,1.0122459379855662,0.3202777105332387
OC314_OVARY,Mutant_and_Non-functional,Missense_Mutation,,,R273H,-0.0103,0.028888003914370686,1.18053128150612,0.16350959597883757,0.5961017447555351,-0.41949962429369925,-1.179110965028072,-0.741142977,1.6228339,0.81794946,-0.520621268,-1.561071986,-1.084396695,-0.261815091,-0.746289803,1.687763093,0.507952158,1.225736461,0.478654839,,,,,,,,,,,,,-0.7715431037250436,-1.8054199981438963,-1.7473478041478727,-0.34061481021156326,0.45435720078692193,-1.0047496059967231,0.2107887996635706,-0.05455121375708406,-1.0602610013471758,0.975661369040405,0.5291843006077687
OC316_OVARY,Wild-type_but_Non-functional,WT/Low_Functional_Score_(Z<0),,,,0.0202,0.6240180556753531,,,,-0.6280451182495691,-0.6280451182495691,,,,,,,,,,,,,,,,,,,,,,,,,-0.6283160376268617,-1.943293755747383,-2.132033112293222,-0.35432131647373016,0.08686777172317194,-1.3079919029552565,-0.431583685315546,-0.197591917284876,-1.0274176553926815,0.45555488031558583,0.5716304303055387
OCIAML2_HAEMATOPOIETIC_AND_LYMPHOID_TISSUE,Wild-type_and_Functional,WT/High_Functional_Score_(Z>0),,,,-0.0034,1.051450294983528,-0.0501654020000002,,0.349587040178794,1.1715054888011034,0.8219184486223094,0.553085865,0.992149733,-0.148189004,0.853581334,0.65443875,-0.850414057,,-2.631611841,-0.148347368,-0.60019912,-6.037623074,-0.643353278,,,,,,,,,,,,,0.794405294878519,0.4491748679791343,0.26606742236956527,1.9426110300398165,0.6801560853122188,1.1325933465809308,1.26905389524349,1.7060187901601302,2.168849674752704,1.7265782456447152,0.7510517238509142
OCIAML3_HAEMATOPOIETIC_AND_LYMPHOID_TISSUE,Wild-type_and_Functional,WT/High_Functional_Score_(Z>0),,,,0.0139,1.7964234580310743,-0.22897408,,,0.313490199732637,0.313490199732637,-1.502477349,-2.937254137,0.66789968,-0.245661975,-0.49053213,-1.833853776,,1.041638446,-1.523460563,-1.151701346,-4.442106944,0.388466607,,,,,,,,,,,,,-0.07054430861713765,-0.1211543937120305,-0.5789113123781364,0.5296363161585903,0.2937214432978166,-0.3702654142231263,-0.3670764969540059,0.6671850000821766,1.7704289074149213,0.9058335260662332,0.7895389299237052
OCIAML5_HAEMATOPOIETIC_AND_LYMPHOID_TISSUE,Wild-type_and_Functional,WT/High_Functional_Score_(Z>0),,,,0.0266,1.018049776380882,-0.454964632,,,1.0623296622260598,1.0623296622260598,-0.028133344,-0.734412512,1.584034749,1.84216788,0.388347834,3.506968209,,-2.166022022,-3.188260893,-0.300257924,-8.353694876,-1.021842961,,,,,,,,,,,,,1.6193855157208294,1.2096219743942027,0.1161436521693672,1.732337568210982,1.1467720608006917,0.5885545080562138,0.4804009652846795,1.2207435583423834,1.6361911325470933,1.4302602047021657,0.5052151442580485
OCILY10_HAEMATOPOIETIC_AND_LYMPHOID_TISSUE,Mutant_and_Non-functional,Nonsense_Mutation,K319*,K319*,,-0.0073,0.20594018272428677,,,,-0.46001590947188,-0.46001590947188,,,,,,,,,,,,,,,,,,,,,,,,,-0.43664507659104435,-1.6148998370549958,-1.62716892764095,-0.07920885079746962,-0.42722960493160356,-0.45016405069840026,1.3532240600295495,-0.5680244862752533,-1.3430208994473907,-0.003311937524223175,0.13627460674110145
OCILY19_HAEMATOPOIETIC_AND_LYMPHOID_TISSUE,Wild-type_and_Functional,WT/High_Functional_Score_(Z>0),,,,-0.0242,2.6776596312355694,-0.10598407,,,0.6279979476721116,0.6279979476721116,,,,,,,,,,,,,,,,,,,,,,,,,1.5304063519979114,0.7838626408762803,0.776889428538253,0.6762490384265797,-0.4206550388236292,-0.27725595093295735,0.5772702498428228,0.15342583047155908,0.9344493506109207,1.6120605831670725,0.5612749402184148
OCILY3_HAEMATOPOIETIC_AND_LYMPHOID_TISSUE,Wild-type_and_Functional,WT/High_Functional_Score_(Z>0),,,,-0.573,1.233475624992203,-0.511482749,,,0.32568164139544553,0.32568164139544553,,,,,,,,,,,,,,,,,,,,,,,,,0.199717763576747,0.23858318591734387,1.087899396794345,-0.3808182035712366,1.8022753649041479,0.3786482355723537,0.8474424612224134,0.10121662297401515,-1.152314596427431,0.3960772204215086,0.06377060396569365
OCIM1_HAEMATOPOIETIC_AND_LYMPHOID_TISSUE,Mutant_and_Non-functional,Splice_Site_Mutation,"X225_splice, L145R","L145R, V225_splice",L145R,0.2698,0.8525919920584669,0.058690473,,,-0.12080455410052021,-0.12080455410052021,,,,,,,,,,,,,,,,,,,,,,,,,-0.8925912917658189,-2.4001655548251213,-0.13768512532275573,-1.163866888075716,-0.8301285919303588,-0.46169045102551715,-0.3194605517034793,1.6353090037792144,1.3768764408392582,1.9264424997500411,-0.06188958482546819
OCUM1_STOMACH,Mutant_but_Functional,Missense_Mutation,,,V31I,-0.1034,0.7479914519052241,-0.374118163493879,-2.5885801877302264,,1.143059239330878,3.731639427061104,,,,,,,,,,,,,,,,,,,,,,,,,1.5660626901878716,1.0158905641294838,1.0466912628947562,0.8284700810055332,1.2923248858470793,1.4193140665753048,2.4379472077729125,0.6178913145823294,0.8526597488424524,0.6142663888325818,0.8821334219693545
OE19_OESOPHAGUS,Mutant_and_Non-functional,Frame_Shift_Ins,N310Kfs27,N310fs,N310fs27,-0.3547,-2.193689674314513,-0.554851298493879,0.5274634985345659,0.6931704679202803,-0.24855932386616583,-1.4691932903210119,,,,,,,,,,,,,,,,,,,,,,,,,-1.2208906823970487,0.9114563961578591,0.03043739732289387,-0.6691881833450309,-0.21903885369535034,0.1165768375786765,0.6508116009972564,-0.8735646987328495,-0.6815614634163657,-1.2683966732172314,0.4892057602193664
OE33_OESOPHAGUS,Mutant_and_Non-functional,Missense_Mutation,C135Y,C135Y,,-0.7028,-0.7327026806577447,0.179242212506121,0.6795264304242875,0.708969043098119,-0.5386640312753456,-1.927159504797752,-0.501221693,0.361861475,0.061009686,-0.335771025,1.109339007,-1.606205693,,0.564567246,1.088751702,0.874564549,4.026401748,0.666711951,-0.184777712220738,-0.165732659654826,-0.0114725100567519,0.0493616997160005,0.0335132505649981,0.109516463363958,-0.00653195268223144,-0.218870706558245,-0.194841459484391,0.0577571369725841,-0.0156167342144932,-0.0433168905904831,-0.3512311792285957,-0.9639695560372241,-0.050781937343644674,-0.7182752721802951,-0.12428264258366985,-0.7663841310262886,-2.572402984302161,0.25752693111129543,-1.1994279643142263,-0.102845980612267,0.6667703724882768
ONCODG1_OVARY,Mutant_and_Non-functional,Missense_Mutation,R248Q,R248Q,,-0.4325,0.5736024299900421,2.16274254450612,0.14689069631875903,,-0.743775844871125,-0.8906665411898841,,,,,,,,,,,,,,,,,,,,,,,,,-0.3652883051878571,-2.1147169359571873,-0.7229270016868226,-0.7306429654424653,-0.49953830557051415,-1.2909502470676286,-2.2215524002823495,0.3585198172075095,-0.4569212147861695,-0.5492090463830565,0.41169231157416664
ONS76_CENTRAL_NERVOUS_SYSTEM,Wild-type_and_Functional,WT/High_Functional_Score_(Z>0),,,,-0.7325,-0.6081628915937137,0.128128434,-1.330529483462255,-1.8395830932477963,0.08841443050658138,3.2585270072166326,,,,,,,,,,,,,1.35324216490211,0.0209880211913847,0.229572359062664,0.306213159960169,0.0993705545133971,0.44166924798967,0.345649272066648,-1.26741695399914,-1.53279053768634,-0.53137881889617,-0.184309862604213,-0.815595030053999,-0.6665069210084043,0.7141714947416681,0.24158950818013492,0.8052304279750941,1.4259796525518744,-1.1605313858637418,-1.6706646503282563,0.29392592467233547,0.5300499840109184,-0.7506786882801267,1.2099933889208987
OPM2_HAEMATOPOIETIC_AND_LYMPHOID_TISSUE,Mutant_and_Non-functional,Missense_Mutation,R175H,R175H,R175H,-0.671,0.8985808690438568,0.497246329506121,,,-0.004598674122139717,-0.004598674122139717,-0.865062716,-1.477930947,-0.246651749,-0.057010998,0.131402433,-0.121069189,,1.318379334,-0.569714072,-0.802904891,1.477139127,0.255757673,,,,,,,,,,,,,-0.49571495348991146,-0.03728751212838493,0.05528165516241922,-0.5026837476014726,-1.4401100081646967,-0.42499464977423473,-0.22118183691948995,-0.304504862954717,1.0906253702778503,1.6488017753114268,0.581183354937674
OSRC2_KIDNEY,Wild-type_and_Functional,WT/High_Functional_Score_(Z>0),,,,0.0785,-0.9759117636458702,-0.202547877,0.45517128501322285,-1.388683217901886,1.0526820951390192,1.9861940280276826,1.131114041,1.781593694,1.051932099,-0.228123175,0.490136221,-0.817157641,0.231963499,0.033121806,0.34618345,-0.734808421,1.635503011,-1.603830234,0.740267978805826,0.119600861500986,0.372636449997543,0.331950490496097,0.218843946794809,0.258397619413675,0.0806667583761639,-0.707577479714955,-0.812595745318732,-0.142682892941324,-0.0698329076510044,-1.15582606723296,1.7464912575830251,1.28719682220913,0.6879713504836197,0.6518465410424831,1.4076577598943987,2.227758610819969,1.464391499118336,0.8107901671001834,0.3390150684510108,0.0785628398546523,0.8778211299724027
OUMS23_LARGE_INTESTINE,Mutant_and_Non-functional,Missense_Mutation,Y234C,Y234C,,0.1049,0.27013803404081327,1.058677316,0.6654003657132195,,-0.5760302566336283,-1.2414306223468476,,,,,,,,,,,,,-0.23069477873888,-0.24596948004743,0.0935514492441624,0.032625257348896,-0.0968462697390814,0.194920785889131,-0.093332667210736,-0.785932464542427,-0.426963491811869,0.172811816332413,-0.0341300102440195,-0.327693005775985,0.5040836616830374,-0.943454455482413,-0.409314730261091,-0.8865774906921431,-0.1927512291546594,-1.8309856873675032,-0.23928961778376287,-1.6421524295020469,0.06802612525586112,-0.28455499554430913,-0.47936197412088083
OUMS27_BONE,Wild-type_but_Non-functional,WT/Low_Functional_Score_(Z<0),,,,0.2433,-0.705171546620851,-0.011086495,,,-0.5390269635626264,-0.5390269635626264,,,,,,,,,,,,,,,,,,,,,,,,,-1.0677238631372397,-0.41256858148538167,-0.06726740159792019,-0.6485563130889762,-1.5607530745816267,0.03425922936633837,0.3271292641536009,-0.8649647466333218,-1.2923644257824622,-0.4361923562310256,0.05970566982912348
OV56_OVARY,Mutant_and_Non-functional,Frame_Shift_Del,,,K101fs47,0.0087,-0.37056553996050773,-0.43954208149388,0.7725922685207294,,-0.4619202333169353,-1.2345125018376648,,,,,,,,,,,,,,,,,,,,,,,,,-0.7080150362445342,-0.19167262462113988,-0.6460927373492238,-1.2839491622157122,-1.1130894053046103,-0.2134918559439118,-1.1294127561639402,-0.7830327139423073,-1.6239416418063155,1.2472198925769706,1.3643554745284356
OV7_OVARY,Mutant_and_Non-functional,Missense_Mutation,,,I254S,-1.004,0.1496873791245771,0.145150996,0.9362884301725058,,-0.3836495011926463,-1.319937931365152,-0.862291348,-0.248037433,0.126651516,-2.163646564,0.53249856,1.55552925,,1.22771601,1.191292317,0.850809966,1.919370273,1.832270137,-0.141023968848094,-0.179417323147275,-0.179461358877704,0.353341103019477,0.156297173145422,0.0950437123204203,-0.311154362647041,-0.64516291990684,-0.510424368328873,0.266893700296751,0.132817515056212,-0.200571222046381,-0.7745819857452523,-0.45164666834734596,-0.29098652081413096,0.30226940515296113,-0.5717867134925892,0.29120240727743535,-0.6486808752743567,-0.4407835242629959,-0.5340063743614823,-0.946953660737249,-0.15419000251410306
OV90_OVARY,Mutant_and_Non-functional,Missense_Mutation,S215R,S215R,,-0.1369,-0.3791236246272403,0.628981763,0.82327991248397,,-0.2870203720865637,-1.1103002845705339,-0.465589819,-0.588321829,-0.161174843,-0.425602938,0.063899827,2.287566303,,0.553877684,1.393206269,0.412933827,1.605809783,0.396305619,-0.237129187486269,-0.0985738041440073,0.0914491217759452,0.0252694060917085,0.0734467937918385,0.0728148631240267,0.0858320116203638,-0.487097421951946,-0.419367094469278,0.12197200423275,0.069701938686787,-0.0379123422448082,-0.43983277931478226,-0.8101718375736051,-0.8961372796799132,-1.7517999048184043,0.3386359707105678,1.0053191486352306,-0.9898090210877181,-0.1494564815441702,-0.05938241843435124,0.6217973543271794,-0.026386844172234507
OVCAR4_OVARY,Mutant_and_Non-functional,Missense_Mutation,L130V,L130V,,-0.4502,0.16379500299188937,0.395712114506121,0.6936524951353542,0.4008256623771935,-0.3966842469263369,-1.4911624044388847,0.234536912,0.040303608,0.268110055,-0.320370137,0.579215905,-0.272623426,,1.80138918,1.749129098,0.861103619,1.338966638,0.390723293,,,,,,,,,,,,,-0.13139268478780752,-0.8919634220708385,-0.4430799297006672,-1.688992703897802,-1.1297851679227033,-0.4883354247092948,0.6294893109164891,0.5206475551929227,-1.1394807993291278,0.5744579923706705,-0.17509144225154855
OVCAR8_OVARY,Mutant_and_Non-functional,Splice_Site_Mutation,X126_splice,Y126_splice,,-0.2737,-0.5155643266537298,0.671881846506121,0.8116466827219139,0.6573034323814,-0.5767220934063174,-2.045672208509631,0.295071507,-0.08278472,-0.670671048,-0.056615088,-0.414121556,-0.837349036,,3.476483162,2.007658138,0.398285168,1.401520373,-1.412605845,-0.21250138933462,-0.290361011543307,-0.113496064373745,0.0333027874437515,-0.122927110060563,0.116432920458838,-0.0876625862909457,-0.391315738541329,-0.348293475531363,0.0569486821623906,0.000656834731194115,-0.118563902531896,-1.1409555916756293,-0.8734726463933,-1.117389895527812,-1.8775068262571684,-0.14728431405677425,-0.29707942431821066,-0.21167969068457673,-0.33125666231935724,-1.4798195240815724,1.1981446234960578,-0.06564307565114752
OVISE_OVARY,Wild-type_and_Functional,WT/High_Functional_Score_(Z>0),,,,-0.4803,-0.30482287995316465,-0.0889948454938794,0.3878647413899023,,1.119398282781637,0.7315335413917348,2.470080679,3.004162878,0.98225199,-0.216364656,-1.008382031,0.49092804,,1.802576909,-4.541084371,-0.122138145,2.040122735,-2.628444563,0.779454772151443,-0.0333502486151724,0.0151774054199625,0.114880434536238,-0.0813080887695079,0.188883255211589,-0.00667692982506284,-0.342720913975268,-0.966275090492928,-0.170439125000562,-0.0134212181942347,-1.10079606488526,3.838762447143158,0.7132054500160636,0.9584987663367548,0.7743606293105231,1.4113063559206047,0.16334765611483779,0.9412769772771542,1.9172255290155322,0.7973856869799409,0.41040824314779667,0.38760336933564155
OVK18_OVARY,Mutant_but_Functional,Frame_Shift_Del,P152Rfs18,P152fs,P152fs18,-0.0482,-0.329568693935015,-0.397287004,-1.8897554570239097,,0.6257607748096766,2.5155162318335864,,,,,,,,,,,,,0.380428593139081,0.0651405382693995,0.0965161573126,0.387579312056721,-0.0152922963448991,0.213463215955398,0.0845512428328418,-1.06008326675645,-0.928796737619164,-0.497649501589653,-0.336934976833513,-0.909175273146019,0.034249351471528196,0.3982924670171714,-0.41948155608495585,0.5647756221341265,1.9049653882254245,0.801847340971964,0.01252164136128263,0.4123878561865008,1.168048096413272,1.1473464992240068,0.8584158159861223
OVKATE_OVARY,Mutant_but_Functional,Missense_Mutation,R282W,R282W,R282W,-0.943,-1.1716371367960987,0.471924312,-1.561532188737352,,-0.3969944383324641,1.1645377504048877,,,,,,,,,,,,,,,,,,,,,,,,,-0.5368445864429925,-1.0433266107360102,0.6252973735694128,-0.6444908931255697,0.30194962583079094,-0.5773656794919891,-0.8160041354455537,1.5941838066349818,-1.6651641598284805,-1.1394174686806389,-0.4657560939410553
OVMANA_OVARY,Wild-type_and_Functional,WT/High_Functional_Score_(Z>0),,,,-0.9328,-2.2423394870462676,0.142426471,0.7235665145234959,,0.9804100157352422,0.2568435012117464,,,,,,,,,,,,,1.16519968337499,-0.0537305249717767,0.223871069075547,0.0429145982244366,0.188685573605231,0.00285472691856094,-0.110534604881796,-0.527059507997538,-0.453398279170696,-0.0420933842261535,-0.150463657334066,-0.98504874099945,2.8172948026193354,0.17446318087932766,1.225598816273807,0.8775435640176272,0.6113842618418461,0.9614752859009172,0.5198989869871089,1.6628053922747317,0.6231843293247361,0.5312169374597486,0.7796446155084781
OVSAHO_OVARY,Mutant_and_Non-functional,Nonsense_Mutation,R342*,R342*,,-0.3141,-0.762528260960078,-0.092321168,0.30643213305551653,,-0.5746620108691336,-0.8810941439246501,,,,,,,,,,,,,,,,,,,,,,,,,-0.6995579782402892,-1.4998774062585696,0.25637115864797744,-1.1166310982465457,-0.7575352742016758,-1.4213328236954605,-0.7970677937331153,-0.8503546721398365,-0.06033870778766102,0.744981500493578,-0.11993902439887273
OVTOKO_OVARY,Wild-type_and_Functional,WT/High_Functional_Score_(Z>0),,,,0.0669,0.27019689447259787,-0.311454076,-0.9050856521642349,,0.8164033884623763,1.721489040626611,13.82912616,4.465861526,2.316071802,0.154088059,2.010033597,4.636102702,1.242760579,0.462422541,-2.364768697,0.047429983,-2.570245836,-0.893172305,1.7049363632701,0.396182557520647,0.0169016485241693,0.403413148124414,0.461349319617,0.876993899003405,0.10085090799404,-0.791075460328693,-1.21205176004013,-0.500014874456256,-0.145179577252708,-1.42520134391618,0.576544645960557,0.7668712976842765,0.13137612639627122,0.84236706879209,1.3735303088497688,0.7177155039568267,0.9011838384575916,0.34347827897011046,1.1406398406971578,1.4027075735772165,0.784022789744272
P12ICHIKAWA_HAEMATOPOIETIC_AND_LYMPHOID_TISSUE,Mutant_and_Non-functional,Missense_Mutation,"R248Q, E11Q","E11Q, R248Q","E11Q, R248P",0.1612,1.6620739671942373,2.190597598,,0.5212364245434296,-0.3797401156661708,-0.9009765402096004,,,,,,,,,,,,,,,,,,,,,,,,,-0.3077571608717746,-1.7195312189310312,0.08875314805493612,0.9255712127553328,-0.4283441335354771,-0.8230727336844189,-0.8035987383021878,-0.338784238511686,0.2647307263823956,0.4001494236005643,-1.4352575592845314
P31FUJ_HAEMATOPOIETIC_AND_LYMPHOID_TISSUE,Mutant_and_Non-functional,Missense_Mutation,"Y236C, R196*","R196*, Y236C",R196*,0.0292,-0.3290345077522099,0.638790729,,,-0.6267802237116225,-0.6267802237116225,,,,,,,,,,,,,-0.216545062016145,-0.518632231923554,-0.0514931553435089,0.100064012474522,-0.0304708609337644,0.126032643925718,0.139508091759768,-0.730066180145415,-0.47058265472078,0.104151247899684,-0.00159264837537357,-0.0620225518007754,-0.6329313167288957,-1.0200753948120067,-2.3906527804508126,0.450617323402656,-0.9380995479204282,-0.5786840190886915,-0.500498905067723,-0.29745692364275655,0.8832072840273918,0.3077547880091308,-2.1777629685557103
P3HR1_HAEMATOPOIETIC_AND_LYMPHOID_TISSUE,Mutant_but_Functional,Nonsense_Mutation,"E287*, Y163H","E287*, Y163H",,0.0219,0.4254907038573096,-0.206416195493879,,,0.0929057096949947,0.0929057096949947,,,,,,,,,,,,,,,,,,,,,,,,,1.236619584890632,-0.28667693390187,-0.5231323335162561,-0.07305085523040963,-0.21661739178828673,-0.7229756832046478,-0.07389528233845367,1.0716833072417604,1.4854833329931436,-0.22985434322566362,-0.6456205952750066
PANC0203_PANCREAS,Mutant_and_Non-functional,Missense_Mutation,R248Q,R248Q,R248Q,-0.783,-0.36087355905127066,1.79817795950612,0.9753428443736917,,-0.8793950300765929,-1.8547378744502847,,,,,,,,,,,,,-0.403434545586496,-0.215031282341492,-0.017880477548763,0.0671832202370204,0.0242267664337459,0.15206907699598,0.148893190485291,-0.539169354070963,-0.36789258280824,0.285865648807255,-0.0243292411729575,-0.0732705543444725,-1.0174408382708096,-0.827026041250542,-0.6295512162002137,0.06211392742175043,-0.9179821736218665,-2.016157973839868,-0.9113631596217215,-1.2030616213985288,-1.7321518708670205,-0.6494609458007419,0.16873658260704044
PANC0213_PANCREAS,Mutant_and_Non-functional,Missense_Mutation,R273C,R273C,,-0.8076,-0.7895252088141665,,,,-0.6961553382181637,-0.6961553382181637,,,,,,,,,,,,,,,,,,,,,,,,,0.09280203049331656,1.2584035921651822,-0.12195682391425842,-0.4955751585222187,-0.9325455247106701,-1.7722288638741828,-1.5855344070990836,-0.7017384516882879,-1.2508885089897102,-3.0608199738578614,0.9123733695979757
PANC0327_PANCREAS,Mutant_and_Non-functional,Complex_Rearrangement,,,?,-0.6778,0.14798486889954618,-0.385718290493879,1.0725634073851524,0.6561647963325471,-0.5227705709443007,-2.251498774662,-2.232534853,-0.602970488,1.606997512,-0.943452838,-0.066116922,-0.79142351,,-0.597031842,0.07462898,0.642165549,-0.997296559,0.396701529,,,,,,,,,,,,,-1.1852049475249098,0.1429447580824312,-1.024766535684609,0.4248342884941724,-0.6629067417844722,-1.0625751253712743,-0.3624065263534324,-1.4907159860836183,-1.4155547305743204,0.22826851441797,0.6576067519947553
PANC0403_PANCREAS,Mutant_and_Non-functional,Missense_Mutation,G245S,G245S,G245S,-0.3767,-0.3115318586024939,1.51781673350612,0.8831079512602533,,-0.2814105532808469,-1.1645185045411002,,,,,,,,,,,,,-0.0646540640811593,-0.166489328563038,0.0214974674243559,0.12482705040123,0.100820200864048,0.0625318148619984,0.126637822123466,-0.409573173397341,-0.537646283040543,0.121355821338495,-0.114154835448265,-0.213648192674369,0.26177324100937477,0.2508055934946926,-1.4196794637509305,0.10437814946434598,0.4408401056667506,-0.582409235563771,0.2042501832347948,-0.6395636883968937,-1.6416043419780262,-0.7259061189408772,0.6515994896712243
PANC0504_PANCREAS,Wild-type_and_Functional,WT/High_Functional_Score_(Z>0),,,,0.1717,-0.7387075552740208,-0.131124175493879,-1.1751427716405178,,0.9044883827884714,2.079631154428989,,,,,,,,,,,,,,,,,,,,,,,,,0.15863498158588804,1.4165145304212643,0.8895977369046613,1.2880902076448275,1.4403142459797407,1.2959706977023355,0.5936365185540061,0.12891827092052052,0.9576877191375561,0.7209920471503033,1.0590152546720812
PANC0813_PANCREAS,Mutant_and_Non-functional,Homozygous_Deletion,,,,-4.258,-0.5072416837141384,-0.123951892493879,0.6861739902883184,0.5259332982449502,-0.6139517587040515,-1.82605904723732,-1.958565334,1.083208966,1.612540248,-0.829034932,1.940749397,-2.254309887,,-1.586014297,0.960476956,1.346093013,1.160411359,0.796174426,,,,,,,,,,,,,-0.8041238140420711,0.5307340434751698,-0.7290174648696521,-0.06832147109627261,-0.01196972432377604,-1.224742990624147,-0.2305535615394144,-1.650664413265437,-1.7897897940523195,-0.9289811486296897,0.15396099322304277
PANC1_PANCREAS,Wild-type_but_Non-functional,WT/Low_Functional_Score_(Z<0),,,,-0.3763,-0.6430993342936991,1.35609485950612,,,-0.45980808992003885,-0.45980808992003885,,,,,,,,,,,,,,,,,,,,,,,,,-0.7170885059282114,0.002551516998598235,-0.24344869501193162,0.025448048086459844,-1.1254822185873017,-0.9855187806870521,-1.6077521128054475,-0.04714092867960483,-0.042746744375230294,0.037370938466522854,-0.35408150659722926
PANC1005_PANCREAS,Mutant_and_Non-functional,Missense_Mutation,I255N,I255N,I255N,-0.7564,-1.0077086131259152,-0.0679553394938794,0.45184750508120597,0.6894699007615065,-0.6284534633678734,-1.769770869210586,-2.326365455,-2.761470226,-0.516662171,1.215442809,2.962988268,0.610888682,,1.277600633,-0.54516767,-0.902674138,-0.230498633,-0.024989821,-0.26240084430223,-0.374436909792545,-0.260083074392714,0.0600098804485676,-0.00288088410528979,0.0903502752739596,-0.0400180552663742,-0.524123292286266,-0.319383003835712,0.170651361143931,0.111351261239039,-0.0901885259691509,-0.48717797325599294,-1.2803856123937314,-0.7491829458331798,-0.8415848475763822,-1.0812034246741355,-0.37832059010755453,0.5252561370212787,-0.24455339463498593,-1.8460738693891137,-0.6303268116324908,0.1005652354296809
PATU8902_PANCREAS,Mutant_and_Non-functional,Missense_Mutation,C176S,C176S,,-0.3671,1.7886849771125952,3.26850783350612,1.2246263392748742,,-0.6339738922315697,-1.8586002315064438,,,,,,,,,,,,,,,,,,,,,,,,,-0.7134258630580258,-2.1443512074519453,-2.6114908910911687,0.8317790172006485,-0.8523890176494154,-1.275093887331165,-0.2801959737320812,0.16781703136679882,-0.9887622549509829,0.9755308497077433,-0.08313061755767266
PATU8988S_PANCREAS,Mutant_but_Functional,Missense_Mutation,,,R282W,-0.3977,0.19599721204932452,0.673857552506121,-0.2685817951832133,,0.2873499096722854,0.5559317048554987,,,,,,,,,,,,,-0.0252221954446799,-0.143889251104614,-0.023350558524578,0.00481525415017067,0.164220943181938,0.117748894216141,0.0407904703733949,-0.519038522040722,-0.3105896095633,0.225270150039542,-0.039026270174077,0.0128961659292648,0.26872371905196835,-0.5372441777936973,-0.4770077730883455,0.8772387935786028,-1.1377624263547257,0.8109789592793865,0.4321372958790404,-0.44194910471681653,1.6848678723541874,1.688270821508416,-0.00740497330287605
PATU8988T_PANCREAS,Mutant_and_Non-functional,Missense_Mutation,,,R282W,-0.5995,1.7057428547079403,1.31527025050612,0.47095923969029646,,0.42342557790054863,-0.04753366178974783,,,,,,,,,,,,,,,,,,,,,,,,,1.0898603236994322,-0.07849126147388835,-0.2255239107703217,1.4982448452846366,-0.41922486011396476,-0.46387962044756237,1.1404603748242403,0.542961142551012,0.07765527853815721,1.2590057883163508,0.236613256497943
PC14_LUNG,Mutant_and_Non-functional,Missense_Mutation,R248Q,R248Q,,0.3025,1.756329508817684,3.02847267,0.19009983543496384,0.6832074024928133,-0.33932491519404945,-1.2126321531218267,-3.114225777,0.307661435,0.124236467,-1.103796271,0.595052294,-1.292249293,-0.433521132,0.06362269,-1.639066198,0.618806876,2.460182937,0.08519977,-0.522638635759701,-0.303472782810965,0.0167580867172196,0.0642426253926438,-0.14377352774851,0.0493805653988049,0.0538709807306018,-0.69855165660511,-0.496156793883474,0.0438332260692746,-0.0169651564887236,-0.00585094283854473,-0.549474136023957,-0.3635642637054219,-1.258631952847741,0.35084400798213056,-0.012842195402703344,-0.30449357269231503,-0.590953418932329,0.028535926966782716,-0.610222098579057,-0.17922589408607378,-0.24254646981385883
PC3_PROSTATE,Mutant_and_Non-functional,Frame_Shift_Del,K139Rfs31,A138fs,,-0.5359,-2.4321688218503135,-0.63609846649388,1.2495546887649935,0.6575880913936135,-0.5118623330903949,-2.4190051132490016,-0.036320757,0.806468079,-0.511515345,-0.720555672,-0.399868807,-1.550382424,-0.16960772,2.53778124,1.142595422,-0.011964391,2.669223263,-0.073441251,,,,,,,,,,,,,-1.0205899578491875,-0.8249537782241971,-1.5418440175854153,-0.19577810139478896,0.33663833113656055,-1.0587410551680267,-0.458850570687912,0.48505493804647476,-1.0419240634572604,-0.38592936122288946,0.07643197241229843
PCM6_HAEMATOPOIETIC_AND_LYMPHOID_TISSUE,Mutant_and_Non-functional,Missense_Mutation,R248Q,R248Q,,-0.9705,-0.12560730263159436,0.855276788,,,-0.13937152124269744,-0.13937152124269744,,,,,,,,,,,,,,,,,,,,,,,,,-0.23445469656689272,0.9859443912597503,-0.6083269705065623,-0.04597617417558711,0.4916704125902779,-0.28769381397839516,1.0164239390698995,-0.3020930644056173,-0.9836441370263407,-0.5231834914502527,-1.0417531284799517
PECAPJ15_UPPER_AERODIGESTIVE_TRACT,Mutant_and_Non-functional,Missense_Mutation,R248Q,R248Q,,0.1167,0.6913843751406193,2.552751667,1.216316889444835,,-0.20937491565624036,-1.4256918051010754,,,,,,,,,,,,,,,,,,,,,,,,,-0.09528437260935232,0.3596500711809517,0.17959847794121234,0.5830836177926255,-0.29439056321930135,-1.3416035152417811,-0.49377616400602015,-0.7475531989423216,-0.14454320879383994,-0.31005847314646606,0.0017532568256490143
PECAPJ34CLONEC12_UPPER_AERODIGESTIVE_TRACT,Mutant_and_Non-functional,Missense_Mutation,A159V,A159V,,-0.0577,2.1679616092011758,1.784565054,0.006460994191091994,,-0.19075312478068956,-0.19721411897178157,-0.661169215,0.339571758,-0.891984576,0.14106263,-0.6686915,-0.521413088,0.019957808,1.244740128,0.827055384,0.216206293,1.601850686,0.254688716,-0.202892509646001,-0.366266904738322,-0.0267255012130061,0.237025251368052,-0.197011384368615,-0.00375555980292384,0.0535948140885264,-0.626103846114976,-0.592238781888563,0.0444672067953534,-0.145917981921233,-0.0907123202131108,0.2938918722284078,0.598297706690202,-0.14700715005696227,0.5770426323048331,0.9616326338631735,-0.535227191832309,-0.6990510181590625,-0.2814498281920417,-0.9573273763679827,-1.804322105060687,-0.10476454800515664
PECAPJ41CLONED2_UPPER_AERODIGESTIVE_TRACT,Mutant_and_Non-functional,Splice_Site_Mutation,X307_splice,A307_splice,,-0.014,-1.0202070149997036,0.214671843,0.39534324623693806,,-0.5699780321082322,-0.9653212783451702,,,,,,,,,,,,,,,,,,,,,,,,,-0.8147966469655258,0.3825954538501151,-1.1055074129115834,-0.6128491907597815,-0.6178272960580211,-0.12981962355881455,-1.380322023803642,-0.32111412261113476,-0.813875914753379,-0.8731058223170866,0.01686424669829958
PECAPJ49_UPPER_AERODIGESTIVE_TRACT,Wild-type_but_Non-functional,WT/Low_Functional_Score_(Z<0),,,,0.0066,-2.3327924226615537,-0.0483860340000002,0.4692973497242895,,-0.04830034320835303,-0.5175976929326426,-0.441835236,-1.205545066,-0.125067877,-0.375480769,-0.094384875,0.176852867,0.100679839,0.339334212,-2.026661804,0.132471389,2.351703676,-0.093949374,,,,,,,,,,,,,-0.9663475673518312,0.5669382686408618,-0.2979052048783176,0.3796157887137784,0.6430237516593722,-0.4089326774401198,0.22808884329887896,-0.16238363798798042,-0.38060878715084445,-0.2686838446926098,0.1358912918969287
PEER_HAEMATOPOIETIC_AND_LYMPHOID_TISSUE,Mutant_and_Non-functional,Missense_Mutation,Y163C,Y163C,,0.0411,0.8806151104591509,0.0791319199999998,,,-0.6826414689660841,-0.6826414689660841,,,,,,,,,,,,,,,,,,,,,,,,,0.25085696681162917,-1.2120858862062374,0.28699085571259925,-0.20753988199842455,-1.2145053016539167,-0.9208233815792352,-0.12353002267141418,-0.5811673745910189,-0.9670729319123861,-0.10189318948383566,-2.718286011054685
PF382_HAEMATOPOIETIC_AND_LYMPHOID_TISSUE,Mutant_and_Non-functional,Missense_Mutation,"R248Q, N239S, R273Y","N239S, R273Y","R248Q, R273H",0.0921,1.116406668468155,1.043107094,,,-0.259617235652351,-0.259617235652351,,,,,,,,,,,,,-0.28321169500085,-0.326379667872667,-0.023152582509862,0.105952663877061,-0.0481340501095407,0.0214105580608219,0.0711734559259932,-0.522819580045521,-0.62406871717764,0.185754920463552,0.0892193034358213,0.0171106328668579,0.21894503101416365,-0.7997000826554089,0.9789792712580149,1.1674845628401993,-0.5698928128578443,-1.3479412211928936,-1.6968750110212167,-0.6312883813473967,-0.03185507425008077,1.168581994648113,-1.3122278686115105
PFEIFFER_HAEMATOPOIETIC_AND_LYMPHOID_TISSUE,Wild-type_but_Non-functional,WT/Low_Functional_Score_(Z<0),,,,-0.941,-1.7748621637888247,-0.523493687493879,,,-0.2949106130143502,-0.2949106130143502,,,,,,,,,,,,,,,,,,,,,,,,,-0.001426278291111188,-2.0636203303544343,-0.7913993143042578,-0.22762661227277337,-0.44414703194983,-0.7686700593178148,-0.28134017680811957,2.161424582890845,-0.8875827225215399,0.7872958681426,-0.7269246683714159
PK1_PANCREAS,Mutant_and_Non-functional,Missense_Mutation,M237I,M237I,,0.1039,-0.21317052421848265,0.63666615150612,0.6163746117159873,,-0.5428449519853383,-1.1592195637013256,,,,,,,,,,,,,-0.099270819844935,-0.24313310033447,-0.0385673221107582,0.25392610921341,0.0727810428857391,0.0212202040294761,0.0423623575244399,-0.702789565615716,-0.328116529722454,0.0631129586553659,0.0180376531458888,-0.0608978147109527,-0.04839942047349965,-0.6643373131640795,-1.0702294668479084,1.3333867141447333,0.7601521073477776,-0.813868546224885,-0.2561797649148192,-0.9674216771809654,-1.138434074372181,0.2987620059887183,-3.404725036141613
PK45H_PANCREAS,Wild-type_but_Non-functional,WT/Low_Functional_Score_(Z<0),,,,-0.0078,-1.191714096905779,-0.369801419493879,0.29479890329346037,,-0.06890476828074649,-0.36370367157420685,,,,,,,,,,,,,-0.187325549574261,-0.249468542159447,0.0943958645757338,0.156685379893377,0.0463587783043363,0.0501895196953607,0.121412126058129,-0.327721301683717,-0.246971014549359,-0.00304469097409988,0.0232486148130374,-0.157339839317607,-0.5438455900330811,-0.20545332544933925,0.21394477420507707,0.4292062930063589,-1.27748636433519,0.713494398275646,-0.5054088952790741,-0.1416838507011741,-0.761777843842356,0.908509172385805,0.41254878067911616
PK59_PANCREAS,Wild-type_but_Non-functional,WT/Low_Functional_Score_(Z<0),,,,-0.2307,-0.5495556707225969,-0.75423099349388,0.22084479980611044,,-0.28413512382258865,-0.5049799236286991,,,,,,,,,,,,,-0.00833678230288843,-0.298110105992103,-0.113325968179846,-0.0598909398134597,-0.0717908571619402,-0.0351243155065114,-0.139099106619091,-0.551210836703951,-0.721418334165716,0.132605159526998,0.0855264977561254,-0.150099618864389,-0.7394998015040923,0.7200235898005485,-0.7605656535991706,0.9167201712553514,-0.6768857855145219,-0.43794824342621996,0.47051522606450447,-0.8841701194478897,-0.24560812976520832,-2.3296415359320273,0.8415739200202506
PL21_HAEMATOPOIETIC_AND_LYMPHOID_TISSUE,Mutant_and_Non-functional,Frame_Shift_Del,P36Rfs8,P36fs,P36fs8,-0.3465,-0.5799565284525664,-0.278471504,,,-0.04696149974316981,-0.04696149974316981,,,,,,,,,,,,,,,,,,,,,,,,,-0.5454936415277162,-1.2939921581740357,-0.5490116700740458,-0.13595783218759633,-1.3952078939583532,0.09192751557797972,-0.6532620714983403,1.0600379751245244,1.8390426685148924,0.608249447596864,0.45709116343095924
PL45_PANCREAS,Wild-type_but_Non-functional,WT/Low_Functional_Score_(Z<0),,,,-0.8416,-1.044730714144629,,,,-0.5810584811830346,-0.5810584811830346,,,,,,,,,,,,,,,,,,,,,,,,,-0.4558861237232316,-0.5974617747724378,-1.422192549609233,-0.360710611034693,-0.9373192892319561,-0.6600340386062035,-0.013807085167129135,-0.6686183731325593,-1.181435756200551,-0.15782072352950396,0.06364303199411689
PLCPRF5_LIVER,Mutant_and_Non-functional,Missense_Mutation,,,R249S,-0.3389,-1.1136585009134805,0.252098612506121,0.7858873882487926,,-0.36132574982691207,-1.1472131380757047,-2.080109615,0.503993061,-1.175060019,-0.688091076,-0.18552329,0.55942042,-0.013947899,0.53249856,0.262211001,0.629100529,0.475883471,0.672650597,-0.209877344980514,-0.163207983862383,0.0324454600903303,0.19747711446236,0.0787472636555446,0.108538982050814,0.19776602413011,-1.09679142999928,-0.740098106455868,0.202318506338354,-0.0596645575518195,-0.0198450849815097,-0.40619654437828095,-0.9190873122654523,-0.8627186855472156,-0.7401597852229328,-0.12895266816569284,-0.2834001391451053,0.21647035976527665,-0.37531099560854575,-0.1589475410285714,-0.59546509787847,0.279185161378957
PSN1_PANCREAS,Mutant_and_Non-functional,Missense_Mutation,K132Q,K132Q,K132Q,-0.4173,-0.16143109410509715,-0.14642111849388,0.7809017183507687,0.6753792796569461,-0.27486868275624377,-1.7311496807639586,-1.374202603,0.490136221,-2.395649654,-0.361425974,0.311818487,-1.669947156,,0.118099866,-0.343253718,0.88604593,3.425806719,-0.028968713,-0.0669058581432476,-0.674557508311501,-0.444958970458125,0.0729860282072351,-0.165763674853925,0.311189022862039,0.256551922038293,-0.812042216131558,-0.794182023478787,-0.0399721013606832,0.0604501558030961,-0.633199595288148,-1.0343889441930683,-0.9127127520628884,-1.0232135228403487,-0.7307563473022209,-0.5913126871715927,-0.25213492944353344,1.224614099910932,-0.41225874402834806,-0.7604329500140119,0.6256346227074432,0.8434066441189557
QGP1_PANCREAS,Mutant_and_Non-functional,Frame_Shift_Del,,,P98fs25,0.3495,0.1488877657116466,-0.395008045493879,0.3787243465768595,,-0.2155479445798764,-0.5942722911567359,-3.237353697,-0.377341544,-0.557044962,0.160185069,-0.95453831,0.574860899,,1.129134492,3.525971875,0.178317733,0.22424326,0.34127417,,,,,,,,,,,,,1.8841338727135986,-0.47779783888420563,-0.6124183342884427,-0.9682423625273403,-0.06519932671435365,-0.9729885070890545,-0.4247820336968746,-0.9762007076790583,0.6005431939429103,0.2028955561484771,-0.5609709023042964
RAJI_HAEMATOPOIETIC_AND_LYMPHOID_TISSUE,Mutant_but_Functional,Missense_Mutation,"R213Q, Y234H","R213Q, Y234H","R213Q, Y234H",0.0044,0.8633634510751621,0.770222346506121,,,0.35495990242514996,0.35495990242514996,,,,,,,,,,,,,,,,,,,,,,,,,1.0434576608805712,-0.5731632013130104,0.09310111029862818,0.9544835869930774,0.3408339949022966,-0.14942538948773162,-0.12994588934490753,1.9829294981733914,0.5552313749127247,0.2980572015923447,-0.5110010209307347
RCC10RGB_KIDNEY,Wild-type_and_Functional,WT/High_Functional_Score_(Z>0),,,,0.0696,0.10019019828995353,-0.0428529980000001,0.7592971487926663,-0.81139474113326,1.3255093779831089,1.3776069703237024,,,,,,,,,,,,,2.17510002340914,0.159504691639225,0.339827552827607,0.456487734228304,0.222470397776818,0.368075333924023,0.384091482840823,-0.736176906751541,-1.14080539862705,-0.0779809167944256,-0.261465518902198,-0.892865896534991,1.4321617215108384,1.6894949828463526,1.551931265601868,2.2575132720513613,1.4061034491206599,1.8005198226194599,0.6977041994755743,2.020698284397144,0.5418164619059025,0.718159777631536,0.4644999206534996
RCHACV_HAEMATOPOIETIC_AND_LYMPHOID_TISSUE,Wild-type_and_Functional,WT/High_Functional_Score_(Z>0),,,,0.0023,1.0787648670544199,-0.128452956,,,0.15245718818974735,0.15245718818974735,,,,,,,,,,,,,,,,,,,,,,,,,2.0689149863638137,0.15304878492040416,0.3299959683786011,-0.03161023901707979,-0.44403797306496384,-0.2547474189195641,-0.3621204755844228,0.6186076281765907,-0.12151257353496432,0.5571119730598907,-0.8366215906910848
RCM1_LARGE_INTESTINE,Mutant_and_Non-functional,Nonsense_Mutation,R306*,R306*,R306*,-0.5362,-0.8536175555831546,-0.308702635,0.807491957806895,0.594393790682255,-0.3390653555325165,-1.7409511040216663,,,,,,,,,,,,,,,,,,,,,,,,,-0.8909257859911394,0.2557323002328756,-1.1459520676955646,-0.07927506580356744,-0.33336448470846103,-0.6871265220613385,-0.6564415093561812,-0.9982430593340575,-0.39069728166745565,0.29445486801087295,0.9021196975163357
RD_SOFT_TISSUE,Mutant_and_Non-functional,Missense_Mutation,R248W,R248W,R248W,-0.0791,-0.4009075372586917,1.36198506650612,0.47428301962231334,0.6639929191684143,-0.7341814155595764,-1.872457354350304,-0.522204907,-1.257409238,-1.045597544,-0.026925819,0.785088954,-0.81794946,-0.311739305,2.255497617,2.253913978,1.567802451,-0.394721981,1.101420813,0.0804489955642621,-0.354433541309573,0.0365388363855599,0.00203864950796234,-0.114021600826946,0.0840783584843896,0.110280218700467,-0.547654574542733,-0.327647401079931,0.0994347723084077,-0.042971792248321,-0.142508433476975,-1.1191496840233621,0.07188646448124353,0.041190846707148614,-1.2556064184413802,-1.6610012428710268,-1.4339356664455716,-0.9177866981549203,-0.25262030050720374,-0.6638817506063464,-1.2336263229960727,0.34853520170214974
RDES_BONE,Wild-type_but_Non-functional,WT/Low_Functional_Score_(Z<0),,,,-0.5293,0.7457714141101539,2.12913707050612,,,-0.6646350678900841,-0.6646350678900841,0.007609385,-0.631475987,-0.802904891,0.44975343,0.147436776,-0.521017178,-0.166796761,0.749457081,4.794466585,0.094939148,2.426530611,-1.52781557,,,,,,,,,,,,,-0.18784625697278243,-2.408420625457742,-1.529929953620041,-0.5804990785342388,-0.19064275738058462,-1.2875274020596814,0.30732819425438834,-0.7989518410568855,-0.5480695584280387,-0.9245565432524484,0.8381300757171303
REC1_HAEMATOPOIETIC_AND_LYMPHOID_TISSUE,Mutant_and_Non-functional,Nonsense_Mutation,Q317*,Q317*,,0.0941,0.04673715220968931,0.152634089,,,-0.1131950467196476,-0.1131950467196476,,,,,,,,,,,,,,,,,,,,,,,,,0.07660262132029243,-1.7269100530160555,0.6359931869914749,-0.9791578609297567,0.5708072634109169,-1.4693615075348956,0.9591874817490084,0.9577308001967332,0.25570955106910354,0.25225796776124704,-0.7780049649341922
REH_HAEMATOPOIETIC_AND_LYMPHOID_TISSUE,Mutant_but_Functional,Missense_Mutation,,,R181C,0.0753,1.3504435192654485,0.899955242506121,,,0.6169461044766327,0.6169461044766327,-0.884858201,1.519501466,1.035699801,0.714617026,-0.411350188,-1.894823871,,-0.354972646,-0.122929965,0.412142008,-2.335867288,-1.430025872,,,,,,,,,,,,,2.1916700192635825,0.4612419316810087,0.03847406114685313,1.136174842559776,0.4315186743123161,0.44241233056140145,1.0670330055854258,-0.3129864766972981,0.8079576985853051,0.4462227480302511,0.07668831421433908
RERFGC1B_STOMACH,Mutant_and_Non-functional,Nonsense_Mutation,R213*,R213*,R213*,-0.3259,-0.7376713895597643,-0.570300067493879,,,-0.33923591445943246,-0.33923591445943246,,,,,,,,,,,,,,,,,,,,,,,,,0.039570150945848405,-0.09963259202670498,-0.053581623945448395,-1.1169240769721547,0.3407107494958222,-1.3384830417009668,-0.020392828734095963,-1.1370214875275737,0.9633466598799887,-0.42683412007916177,-0.8823528483893103
RERFLCAD1_LUNG,Mutant_and_Non-functional,Missense_Mutation,P278F,P278F,,-0.46,0.22224563290297364,0.53670621250612,0.7825636083167756,,-0.09683712908417154,-0.8794007374009472,,,,,,,,,,,,,-0.172974610484119,-0.337856654837732,-0.027769646793829,0.160100752693998,0.0323148598451403,0.221865177623494,0.0129978188323386,-0.561451774691289,-0.255013845263345,0.16193884286758,-0.062076023641719,-0.225617313440151,0.39891427525027656,0.20450219598713693,-1.416353947685844,0.7785938544263675,-0.04323593129147633,-0.6534786251987571,-0.5619428294469582,-0.00447733289506467,-0.5646622531903821,0.3437520199573121,0.45318015416150215
RERFLCAD2_LUNG,Mutant_and_Non-functional,Missense_Mutation,A159V,A159V,,-0.5394,0.011296508829883973,1.94930923850612,0.8789532263452344,,-0.5252364360867771,-1.4041896624320116,-1.115673562,1.062621661,0.100402702,-0.323933325,-1.09112716,4.55692076,0.229469268,0.734808421,-0.1104984,0.427582487,0.059505229,1.551966062,,,,,,,,,,,,,-0.8070763433083812,0.5742606692086242,-0.6810398687805933,0.31833697526268545,-0.6960961090877353,-0.42787322614134116,-2.3853751004680435,-0.655620004226162,-0.5348928223575277,-1.1836374185865257,0.7014124515304527
RERFLCAI_LUNG,Wild-type_but_Non-functional,WT/Low_Functional_Score_(Z<0),,,,0.3845,-0.31574093476222925,-0.354877101493879,0.12611707174366013,,-0.5091858415983792,-0.6353029133420394,-1.937978029,2.079713705,-0.265219915,0.110300445,0.310393212,0.133461163,-0.214583063,1.8552329,-0.80488444,0.772419844,2.966155546,-0.093593055,-0.0654981874113137,-0.229135011408786,0.146035138216113,0.134617216901984,-0.0696163794919112,0.0532648633208709,0.0550383085213396,-0.470286434169827,-0.689839853659257,0.11361617496882,-0.0230074555354108,-0.142377181093807,-0.9360230523920081,-0.438870241401607,-0.07899592513706098,-1.1937507180878493,-0.39853647832065847,-1.011510632001821,0.37419721942518236,-0.03179464299201667,-0.760013901870427,-0.858683436057934,-0.26706244874597157
RERFLCKJ_LUNG,Mutant_and_Non-functional,Missense_Mutation,E224D,E224D,E224D,0.3754,-0.5569987389079654,-0.83040201,,,-0.6591217450971167,-0.6591217450971167,,,,,,,,,,,,,,,,,,,,,,,,,-0.8327672062398086,0.8213150783538884,-0.4124728651757035,0.008273871025519913,-1.1799371817818205,0.5121512857410003,-1.6701177563292693,-1.6421817522807598,-0.3954124686848047,-1.7238960922743605,-0.7352941084221651
RERFLCMS_LUNG,Mutant_and_Non-functional,Frame_Shift_Del,F134Lfs14,F134fs,,-0.2097,-1.1135674338303414,-0.824585686,0.3513031621377298,0.6947360924874527,-0.4415048718082234,-1.487544126433406,,,,,,,,,,,,,,,,,,,,,,,,,-0.6253120641667393,-0.06170926842656618,-0.557744702646677,-1.0582013441673976,-1.372188489333238,0.3214637437081265,-0.49031615527895883,0.13316379038124673,-1.1038241002397087,-0.41781523419221556,0.37593023447167123
RERFLCSQ1_LUNG,Mutant_but_Functional,Frame_Shift_Del,,,S37fs70,0.2141,-0.9009324581449876,,,,0.06333140177351676,0.06333140177351676,,,,,,,,,,,,,,,,,,,,,,,,,-0.2442658392439877,-0.09433148227614806,1.822131024957612,-0.9209213095396329,-0.9309938739097325,1.3733777932884317,1.0047429846786993,-0.07181814145033834,-0.5683056439943303,-0.29127674117640295,-0.3816933518254858
RH30_SOFT_TISSUE,Wild-type_but_Non-functional,WT/Low_Functional_Score_(Z<0),,,,0.0092,1.4234959785560048,0.931569676,0.8731366114642056,,-0.06664505562133255,-0.9397816670855381,-1.245136037,-1.474367759,-0.348875636,-1.082417147,-0.026054818,-0.920094166,-0.604158217,-0.229944359,0.356160375,1.127550853,1.603038415,0.056377543,-0.3176656094996,-0.109113618911465,0.247080725013417,0.251677090176124,0.117201229617202,0.0615501795999518,-0.00131220452751988,-0.627365113291809,-0.245259018984941,0.31443581444509,-0.080372491578131,-0.195645652062594,-1.388323160330323,1.0016225932543872,0.06997329878519533,-1.2569488596608895,1.0061898382629093,0.2678109505800123,1.1823432489150387,-1.573494190388907,-0.5517039952118252,-0.08673989496177566,0.5961745589215196
RH41_SOFT_TISSUE,Mutant_but_Functional,Frame_Shift_Del,P152Afs14,P152fs,P152fs14,-0.6056,-1.2479213669639175,-0.635596627,-0.8203292638978322,,-0.15656855862091656,0.6637607052769157,-2.014784513,0.340284396,-0.455296166,1.016696135,0.178159369,-0.992149733,-0.29479437,2.443554729,1.552757882,-1.244740128,0.930387818,-0.556253142,,,,,,,,,,,,,0.40437379031862586,-0.28044315408645437,-0.7596679537496922,-1.5971406987272598,-0.07434253989108067,-0.33931467084737393,0.48477173335674983,-0.7185110811118184,0.7395910684418051,-0.24905373706024558,0.6674830985266624
RI1_HAEMATOPOIETIC_AND_LYMPHOID_TISSUE,Mutant_and_Non-functional,Missense_Mutation,"E294*, K132R","E294*, K132R",,-0.0437,0.912421955106859,-0.055730021,,,-0.03347390850047093,-0.03347390850047093,,,,,,,,,,,,,,,,,,,,,,,,,-0.6339234547524222,0.5991290391487941,0.39986654522948145,0.6071414343230629,0.11571517675661058,-0.4900770843599805,0.21760250706177944,1.141206568326919,-1.2051397337756145,-0.6023304147764912,-0.5174035766873196
RKN_SOFT_TISSUE,Mutant_and_Non-functional,Missense_Mutation,R175H,R175H,R175H,-0.108,-0.5459996121834225,0.463050273,0.8756294464132175,,-0.3955703682044929,-1.2711998146177104,-1.593932492,1.41854449,0.993733372,-0.359881926,0.486177124,-0.570109982,,1.601454776,-0.16351071,1.300959306,1.468429114,1.270474259,-0.156287067371719,0.038595643041555,0.1017885794442,0.124130098332266,0.0517983368138103,0.0705085836892306,0.0478053660010341,-0.585631221295252,-0.256523283144908,0.121529664539288,0.0255002461178534,-0.0442832150240271,-0.9569268493599202,0.4805628261931125,-0.8412812657468283,-0.054700227992641966,-0.4244916062611484,-0.6688270008704368,-0.03754601105504589,-1.1442579304169709,-1.2273072014908661,0.20593665659950258,0.31756456015182305
RKO_LARGE_INTESTINE,Wild-type_and_Functional,WT/High_Functional_Score_(Z>0),,,?,-0.0209,0.5502092953650658,-0.149670213493879,-0.0151435753670104,-2.4135979913759695,0.3726572102108143,2.8013987769537945,0.190986844,-1.7328968,-0.867438174,2.08723599,-1.228507829,2.684663742,,-1.863547004,-7.268902272,-0.176417367,-6.849237979,-0.392702841,-0.0345609321851362,-0.218822474041779,-0.0514983210982945,0.157270705109184,-0.486794815476288,0.111218008002177,-0.0127658988993353,-0.995429263113852,-0.786934764642069,0.0136844957398501,-0.111537825759823,-0.66542164516541,0.9985266694632747,0.5485542918777123,-1.4373650192727587,-0.5550743303025837,0.3248129787182121,0.9691797108834714,0.13035921447379278,1.2960203675077648,0.15578805847243304,0.908391704986409,0.7600356655112298
RL_HAEMATOPOIETIC_AND_LYMPHOID_TISSUE,Mutant_and_Non-functional,Missense_Mutation,A138P,A138P,A138P,-0.9116,0.006537698448759478,0.944357647,,,-0.2127536940104684,-0.2127536940104684,,,,,,,,,,,,,,,,,,,,,,,,,0.28473021249819563,-0.6776040442167846,0.17437571232617247,0.18020703021418888,-0.8771054849219567,-0.7697948811755507,-1.1132832191236604,1.3218725859111913,-0.8456277656501164,-0.11728141880468534,0.09922063882785356
RL952_ENDOMETRIUM,Mutant_but_Functional,In_Frame_Del,V218del,V218del,"V218delV, V73fs50",-0.0142,-0.4600389491449525,-0.28854196,-0.3450287336195766,,0.15465379489438805,0.49968252851396466,-0.45014934,0.737579789,0.022000703,-0.964436053,-1.822372394,0.690862444,-0.350459275,-0.389179245,3.324057923,0.076766893,0.824679925,-0.643749188,,,,,,,,,,,,,0.5826903898285126,0.9384346514692159,-0.2807667962304459,0.7492778407678912,1.052025602922617,-0.22574394779214882,-0.42193796570614844,0.3817790641790749,-0.11669620608978322,-1.452455036137191,0.4945841466266747
RMGI_OVARY,Wild-type_and_Functional,WT/High_Functional_Score_(Z>0),,,,-1.012,-0.9876716336868812,-0.356800162493879,-0.1107022484124642,-0.6625180777456897,0.654398563998995,1.427618890157149,2.370707342,1.85562881,-0.895943673,-0.124988695,0.661565125,0.803696711,,0.318667725,-4.35104771,0.701947915,-1.916202995,-0.905049597,,,,,,,,,,,,,0.9255126601022703,1.4337904684476332,-0.08132347056913011,-0.20236422686428893,0.32124240856085307,0.6767139330135652,2.325872297278994,-0.052657800045935815,-0.13922720702361516,0.7713986134243692,1.2194265276642302
RMUGS_OVARY,Mutant_but_Functional,Missense_Mutation,A347V,A347V,,-0.8988,0.69820885350515,-0.0376966944938795,-0.5959741184867675,,0.3529190445071417,0.9488931629939092,4.37876139,4.077870011,0.279828983,0.347569134,0.449357521,2.561535822,,-1.388851262,0.447377972,-0.64137373,-2.415445139,0.145180091,0.363467675240832,0.00375667078563687,-0.369359200882539,0.267709884113576,0.0950845984583414,0.658702401849157,-0.159908859748738,-1.10791962600265,-0.524150708045553,0.304780800604048,-0.179627308428903,-0.75475626499596,0.22406740288377774,1.2433303817480768,-0.5199434067862267,1.9944129341250751,1.1651985790550312,0.7735090870722423,0.7200939740353267,-0.7898083703090807,-0.30770694579525376,-0.5351782181218911,-0.08586592832851757
RPMI7951_SKIN,Mutant_and_Non-functional,Nonsense_Mutation,S166*,S166*,S166*,-0.2574,-0.5744769554256192,-0.886008131493879,-0.6084382932318272,0.5583844256372686,-0.21120539632305038,-0.1611515287284918,,,,,,,,,,,,,-0.097037711189581,-0.184363695985385,0.00127917163392276,0.175887592278634,0.0402480958548496,0.0915881853188358,-0.0151633596202561,-0.886234013276191,-0.567710223282136,0.0656393309195858,-0.0287737351916567,-0.134014507180452,-1.017991107415339,-0.6587868036759451,0.052604346288557,-0.36624908812004736,-1.6133283236630085,0.5011933437720916,0.9495034028410843,-0.1851412559951439,-0.34238407507894164,0.09025737206116798,0.26706282943197096
RPMI8226_HAEMATOPOIETIC_AND_LYMPHOID_TISSUE,Mutant_but_Functional,Missense_Mutation,E285K,E285K,,-0.4241,0.7107794427009393,0.635563492506121,,-0.49627721461310653,0.010158405503717221,0.5064356201168237,,,,,,,,,,,,,,,,,,,,,,,,,1.7386359129171218,-0.3777921849876232,-0.6557858429358965,0.21596131939704302,-0.27006067866059347,0.01527030123037328,-0.9950050620680787,0.6134949922596526,1.013635123316256,0.07681388079698041,-1.263425300724346
RPMI8402_HAEMATOPOIETIC_AND_LYMPHOID_TISSUE,Mutant_and_Non-functional,Missense_Mutation,R273C,R273C,R273C,0.1963,0.8858448042945578,1.136438174,,,-0.5993637555122878,-0.5993637555122878,,,,,,,,,,,,,,,,,,,,,,,,,-0.0032709200978159833,-2.281673979747109,-1.2725648545572805,0.6894303599143565,-0.5984591474319131,-1.972072213931849,-0.22836379358354902,-1.074087473715945,-0.1749161405856183,0.8963839263815048,-0.5734070732799486
RS411_HAEMATOPOIETIC_AND_LYMPHOID_TISSUE,Wild-type_and_Functional,WT/High_Functional_Score_(Z>0),,,,0.0913,0.92358433623654,-0.296951030493879,,-2.375596013245491,0.44344761427538354,2.8190436275208746,4.062033622,0.975125615,-0.225708126,0.001715081,-0.762522101,-2.642301403,,-2.542136247,-4.485657012,-0.850018147,-7.126374776,-1.413793574,,,,,,,,,,,,,0.9145954672582073,0.9210591962726213,-0.08423369189294529,0.9775835535722988,-0.016977566451603206,0.48765919690321113,0.7399235394134464,0.2601418946271892,2.706220717769615,-0.14813618904598358,-1.8799123613968387
RT112_URINARY_TRACT,Mutant_and_Non-functional,Missense_Mutation,"R248Q, S183*","R248Q, S183*",,-1.017,0.5106661909472503,0.695887996506121,0.7568043138436544,0.28240751329644964,0.2867517318395821,-0.752460095300522,-0.22467876,2.484729339,-1.099441264,0.743122525,-0.924449172,-1.363117131,,-1.694889468,1.394789908,-0.664336493,0.522996727,-0.759354823,0.136382890171978,-0.335393333814988,-0.0514497727944108,0.239104469996403,0.237364848897157,0.0373446431423186,0.0183037553578918,-0.698714045949657,-0.593558386022061,0.128021096944934,-0.0418130548532586,-0.268075186908285,0.24200948412219941,0.30303754437483754,-0.34755187526974946,0.9097503615724379,0.7034946866735275,-0.3123915154138336,1.0204297458159908,0.06399240264063857,0.6012254902792613,0.24891667284509872,-0.27864394740500603
RT11284_URINARY_TRACT,Mutant_and_Non-functional,Missense_Mutation,R175H,R175H,,-1.136,0.3231379658537496,,,,-0.02178681689704888,-0.02178681689704888,,,,,,,,,,,,,0.312272829553914,0.00936182722131673,0.217204759599011,0.295506409308013,0.0466958455121448,0.00478930779676568,0.212745691751493,-1.08864461743226,-1.05881197877738,-0.167063280757322,-0.450876343733797,-0.655015958704014,-0.5046037752636541,-0.1984155197159422,-0.36337728932687136,0.35001405276871683,0.28896984521654395,-0.8516045053231072,-0.21280307014141417,0.2796373535025907,0.2613147676905633,0.6757018387165867,0.03551131600844977
RT4_URINARY_TRACT,Wild-type_and_Functional,WT/High_Functional_Score_(Z>0),,,,-0.3259,-0.11182618757456257,-0.00451628649387947,-2.06259201348873,,0.3379097985843581,2.400501812073088,,,,,,,,,,,,,-0.113010545696746,-0.700437680833527,0.241602827385091,0.275077600709022,0.254091539979006,-0.0172414337813002,0.0575145370861929,-0.53638048399487,-1.11590457019897,0.116603376329372,-0.58361575644063,-0.459188366186465,0.27918434467594616,0.5025476254447928,-0.7454792431120683,0.30161813975052426,0.8196902785661686,0.6294956047060466,0.4159365201414974,-0.9032267838847011,0.8425479738734198,1.4325312410904845,0.1421620831758286
RVH421_SKIN,Wild-type_and_Functional,WT/High_Functional_Score_(Z>0),,,,0.0133,-0.751807888355877,-0.356193143493879,,-1.7920450382081705,1.0093605387770876,2.801405576985258,7.007601863,1.921745731,0.10151125,2.447909736,1.117653111,3.967015292,0.405411543,1.382912616,-0.999276107,-1.335799361,-1.858796087,-1.183770032,2.34712474010874,0.711098092286507,0.570864583794421,1.00126888599509,0.925517367988949,2.09664536951683,-0.12565105631646,-0.459234693777396,-1.50361876431952,-0.504556078400254,-0.166460658683528,-1.51212498365973,1.0488087756833875,1.2801213941308915,1.3415718466081954,1.2345712486754254,0.6223061101652481,1.2960674565718187,0.5502609197605601,0.2754965582515516,1.12529265013936,1.4574995894287266,0.870969377132802
S117_SOFT_TISSUE,Mutant_and_Non-functional,Nonsense_Mutation,E326*,E326*,,-0.4845,-2.279774721661663,-0.0914262700000001,,0.6917471728592122,-0.6975355154765145,-1.3892826883357268,,,,,,,,,,,,,,,,,,,,,,,,,-1.1752798927043733,-0.6647408431531047,-0.9764518086934151,-1.7771892779098153,-1.2213095120804305,0.630426908824818,-1.0741183753284307,-0.6856182540911107,-0.5646747888186091,-0.4046327815933537,0.24069795530616597
SBC5_LUNG,Mutant_and_Non-functional,Missense_Mutation,R248L,R248L,,-0.4282,-0.2547837389164415,1.110740861,0.592277207208873,0.5851423727853213,0.294769005829461,-0.8826505741647334,,,,,,,,,,,,,,,,,,,,,,,,,0.43843535850039894,-1.907107734942098,0.06988881867622887,-0.5095383613148733,2.0405920814338123,0.9782992343322069,-0.10801094646767917,0.6431068097908549,0.2462791770344055,0.4469275524266271,0.903587074654187
SCABER_URINARY_TRACT,Mutant_and_Non-functional,Missense_Mutation,R110L,R110L,R110L,-0.4206,-0.9574784533294373,0.27925334650612,0.6329935113760659,,-0.7375529218753196,-1.3705464332513855,,,,,,,,,,,,,-0.323478935154213,-0.230356884233211,0.0885264784230283,0.0920287120908455,-0.307109554115779,0.0976996528156997,0.0751109195362339,-0.770966673913852,-0.886503016093504,0.0074265075329865,0.0120857223428593,-0.32533128906715,-1.0871339411919536,0.031792574308561534,-1.4205763740666801,-0.9740565842956208,-0.10857461653257418,-0.57775271496992,-0.15778926017512496,-1.737937380650508,-0.7158875951096997,-1.1572594614555363,-0.20790678648945932
SCC15_UPPER_AERODIGESTIVE_TRACT,Mutant_and_Non-functional,Splice_Site_Mutation,X224_splice,E224_splice,?,0.4584,-0.33297038266252643,0.271259829,,0.40324526398100685,-0.46647654904173214,-0.869721813022739,,,,,,,,,,,,,,,,,,,,,,,,,-0.7676158907152516,0.8674431071895218,-0.042623685325472685,0.11182144179359843,-0.7133885922709882,-1.0060800404521104,-1.2893151360402586,-0.5357945635018672,-0.9245601395848654,-1.0990478390882814,0.26791929853692154
SCC25_UPPER_AERODIGESTIVE_TRACT,Mutant_and_Non-functional,Frame_Shift_Del,R209Kfs6,R209fs,R209fs6,-0.0193,-1.0689323467760121,0.00666410399999995,-0.05585987953420326,0.6849153565660934,-0.6253919700702412,-1.2544474471021312,,,,,,,,,,,,,,,,,,,,,,,,,-1.7288423842846536,0.7630999610199327,-0.906508594739499,0.7679949181763894,-1.1689984869640082,-1.2604832980392882,-1.2978035008141233,-0.5786079149062597,0.26745812092376425,-2.056916169561465,0.32029567841655865
SCC4_UPPER_AERODIGESTIVE_TRACT,Mutant_and_Non-functional,Missense_Mutation,P151S,P151S,,0.0754,0.7429061327138172,1.34559643750612,-0.41981378208993153,0.5758909548883893,-0.643767947359427,-0.7998451201578849,0.047073664,-3.387007567,-0.306473706,-2.671202812,2.666055986,-0.377697863,-0.092088598,-0.607721405,0.54516767,1.207524615,1.14536679,0.017526923,,,,,,,,,,,,,-0.47321454922117656,0.16536524835985608,-0.6814275298413613,-0.6164556409548958,-0.9578631458363753,-1.5396205416379631,-0.681886876038534,-1.557283929971398,-0.7557517882732787,-0.6134245580527612,0.6301158905141908
SCC9_UPPER_AERODIGESTIVE_TRACT,Mutant_and_Non-functional,Frame_Shift_Mutation,,,C275fs*20,-0.623,-2.2275477494812255,-0.0809188570000001,0.9587239447136132,0.6390852555997477,-0.660363915601952,-2.2581731159153127,,,,,,,,,,,,,,,,,,,,,,,,,0.06310035773715142,0.4660054059875425,0.6261176991134824,-0.15414700365707001,0.876892993664748,-2.2471818695883097,-2.8342917791600137,-1.6664683437493586,-0.5678767464285673,-1.867323786936637,0.04117000139556081
SCLC21H_LUNG,Mutant_and_Non-functional,Missense_Mutation,P278R,P278R,,-0.87,-1.0826701494398443,0.717889293,,,-0.6733808042283669,-0.6733808042283669,,,,,,,,,,,,,,,,,,,,,,,,,-0.19424738451716406,-0.331308564312037,-0.02362908288153771,-0.5933556743756753,-1.106856202372842,-1.6590088917208319,-1.379118637809877,-0.501441880998117,0.3869880222733653,0.971106244330502,-2.9763167941278197
SEM_HAEMATOPOIETIC_AND_LYMPHOID_TISSUE,Mutant_and_Non-functional,Missense_Mutation,R248Q,R248Q,,0.0432,0.5789154168892948,1.47018243550612,,,-0.05382852554921505,-0.05382852554921505,1.394789908,0.116278682,0.162718891,0.848038598,-1.056683015,-1.06380939,,0.989774274,3.363648894,0.061999461,0.730453415,0.192095391,,,,,,,,,,,,,0.04479541120308799,0.6678923697146565,-0.7123377753181281,0.7382589381093775,-0.7187475508086278,-1.2115233100810838,-0.12932666066869927,-0.4758242448243915,1.8153145150853922,0.4769078431390882,-1.0875233165920373
SET2_HAEMATOPOIETIC_AND_LYMPHOID_TISSUE,Mutant_and_Non-functional,Missense_Mutation,"R248W, X187_splice","G187_splice, R248W",,-0.0782,-0.13989372894263186,1.40742302250612,,,-0.32635990642888535,-0.32635990642888535,,,,,,,,,,,,,,,,,,,,,,,,,-0.6429941684971447,-0.6329839432348754,0.1478489581108879,-0.1625944057363214,-0.4216312488418188,-0.31222218739223895,-0.5759856206474132,-0.7162898806243494,0.7654126717852002,0.007651686419385131,-1.0461708320590501
SF126_CENTRAL_NERVOUS_SYSTEM,Mutant_and_Non-functional,Homozygous_Deletion,,,?,-2.24,-1.0218340061801812,-0.116043688,0.718580844625472,0.5751793073578559,-0.4577419369960818,-1.7515020889794097,-3.197762726,1.525836021,-1.926496648,-0.536457657,-0.947016026,-0.237625008,,0.331020108,1.965691709,-0.144071543,0.837349036,0.074866526,,,,,,,,,,,,,-1.2405671678840056,-0.49652891211911787,-1.2895643052689094,0.19278606726294378,-1.7254328773867764,1.1118385690769101,-0.040637770516254994,-0.3075764240248483,-1.6161006063503855,-0.030368595185057117,0.40699071543860094
SF295_CENTRAL_NERVOUS_SYSTEM,Mutant_and_Non-functional,Missense_Mutation,R248Q,R248Q,,-0.0937,-0.45301345685300387,2.298222423,0.644626741138122,0.15843851347754426,-0.4223438076141066,-1.2254090622297729,-0.939493741,-0.743518435,-1.161599089,-0.890400937,0.5178499,0.722139311,,1.899178878,0.520621268,-0.937118283,-1.198814601,2.006074499,-0.170267084949746,-0.192530729936507,0.0392380663592465,0.0947557289389588,0.0321486719404446,0.122676608867882,0.00927299879995679,-0.27198146425624,-0.275218787622868,-0.0195219685640883,0.0117062536314192,0.0188979962898741,-0.9841794110320843,-0.32230832852675056,-0.5608878364204444,-0.30318609772383653,-0.057282360999167614,0.7512182625151832,0.27984540083031684,-0.7700825181723664,-1.2637724486009208,-1.6380143713827626,0.2228678257576608
SH10TC_STOMACH,Mutant_and_Non-functional,Missense_Mutation,R273C,R273C,,-0.1367,-0.6224537602014893,1.46804254450612,0.6703860356112433,,-0.321641007556778,-0.9920270431680214,,,,,,,,,,,,,-0.367422864527941,-0.0569698637880035,0.0613147136805011,0.216190424353225,0.0268235920192239,-0.104775635360518,0.104548323218314,-0.864380591401587,-0.906031890398477,0.189239997171838,-0.0943279101162488,-0.11738609871028,-1.2653531641921243,-0.18382229760157076,-1.482940064225527,-0.1249942598766424,-0.6659896502615352,0.043814167727746337,0.7169616633156748,0.0977209288546512,-0.7488249582758963,0.031432308830401594,0.04394424258026561
SH4_SKIN,Wild-type_and_Functional,WT/High_Functional_Score_(Z>0),,,,-0.1481,-0.7377602354945351,-0.228752955493879,0.8041681778748795,-1.5069590374765238,0.813873390936786,1.5166642505384305,-1.802180999,3.568730124,0.178951189,1.699244474,1.483869592,0.456087986,0.275078066,1.648568032,-1.07727032,-0.46321436,-5.36061747,-1.321942521,,,,,,,,,,,,,0.06709095734289096,1.6522124527325455,1.212829687280301,0.34623979742116373,0.31349479444736944,0.7917602288284002,0.060671328851302726,1.7423319098692276,0.27515231044903565,1.4745062584745865,1.0163175746078223
SHP77_LUNG,Mutant_but_Functional,Missense_Mutation,,,C176W,0.3733,1.1311062283758742,1.51441583950612,,-1.4974229605673781,-0.19185380617318393,1.305569154394194,0.050597261,0.12518665,-0.094662012,0.454108437,-1.326297528,0.594260474,-0.241267377,0.66829559,1.164766366,-1.280372001,2.069420053,0.690070624,,,,,,,,,,,,,0.19333684625136352,0.3336469627754036,0.9789090027561641,-1.3991025001484005,0.4230014414015676,-0.4296269806507138,-0.36534156068066453,0.7032750572246395,0.7778874126750043,-0.45943784937812954,-2.8669397001312573
SHSY5Y_AUTONOMIC_GANGLIA,Wild-type_and_Functional,WT/High_Functional_Score_(Z>0),,,,-0.0445,0.5493352734817657,,,,0.8154769725587006,0.8154769725587006,,,,,,,,,,,,,,,,,,,,,,,,,0.030254158634198426,0.6063039843972591,2.0602780835312298,1.0245318070051275,0.5840991475005521,0.27437845884614576,-0.17199316042939009,0.668272037378731,1.8783194779558392,1.358800870069718,0.6570018332562946
SIGM5_HAEMATOPOIETIC_AND_LYMPHOID_TISSUE,Wild-type_and_Functional,WT/High_Functional_Score_(Z>0),,,,-0.1178,0.6909723521181235,-0.13716882,,,1.1219053220500905,1.1219053220500905,,,,,,,,,,,,,,,,,,,,,,,,,1.8667273622786174,0.3508992351332428,1.5315818232795644,1.5058459651626706,0.5595839515033323,0.9304640682317384,0.6816919322907895,1.5139954320352622,1.5886569257126806,1.060172636939053,0.7513392099840451
SIMA_AUTONOMIC_GANGLIA,Wild-type_and_Functional,WT/High_Functional_Score_(Z>0),,,,-0.5564,-0.2089092510720694,-0.0183828810000002,-4.233269592589934,,0.5852777142546066,4.8185473068445415,,,,,,,,,,,,,0.315332329759705,-0.119303961594346,0.155429636159783,0.28699810782279,0.0600534673442612,0.262778998868931,0.084146979028936,-0.866424760194003,-0.462427736442739,-0.650847921547136,-0.605044649991313,-0.924580940653006,-0.7290897014276094,1.1302424676509142,1.8834935863485271,0.352843156933345,0.3663076677656952,0.1969955529774192,0.24658131312836987,0.0006363502639693726,2.1074170378227164,0.11179306195039718,0.7708343633869285
SJRH30_SOFT_TISSUE,Mutant_and_Non-functional,Missense_Mutation,"R273C, Y205C, R280S","R273C, Y205C","R280S, Y205C",-0.5359,-0.5153644233004976,,,0.5805878285899083,-0.3334347258605624,-0.9140225544504708,,,,,,,,,,,,,,,,,,,,,,,,,-0.6644647702433124,0.1634301248485785,-0.6669166894424475,-1.7796637236171267,-0.7094225728237907,0.08140498852174564,0.6405499406515238,-1.5738481582176505,0.6506731712223098,0.35344960637409817,-0.16297390174011533
SJSA1_BONE,Wild-type_and_Functional,WT/High_Functional_Score_(Z>0),,,,-0.1389,-0.059793565876436104,-0.269821879493879,-1.7667755995393262,-1.7782390761158238,0.6372067916717874,4.182221467326937,1.125967215,-0.128116382,1.336195271,0.441835236,-0.481822117,0.767668927,,1.232466927,-0.849226327,-0.219690298,3.215974573,-2.567078558,0.32974181114831,0.0780565615912295,0.144688466638445,0.154811896225935,0.0217207851994141,0.325516953949998,0.122438471653352,-0.364939699569894,-0.529737161518622,-0.0345062921972483,0.0688896362039995,-0.607957116322431,3.6563101019092743,0.6589364312063609,0.9556706565207198,0.1955979373848891,-0.5760958694311941,0.9355922883143165,0.8112236115539944,-0.41839558271602845,-0.05932153109724936,0.1817644761904987,0.6679921885540802
SKBR3_BREAST,Mutant_and_Non-functional,Missense_Mutation,R175H,R175H,,-0.6404,0.12972147643336016,0.44531459650612,0.15686203611480676,,-0.7629843673837363,-0.9198464034985431,,,,,,,,,,,,,-0.227684683059718,-0.0908916327015162,-0.0373491681840074,0.0406422422855444,0.0245082749139866,-0.118356022856934,0.0987057502634716,-0.339578907535915,-0.880690795414221,0.144728648576187,-0.054714258072382,-0.145469175395236,-0.5713516980890339,-1.11915505357588,-0.48016590800295733,-0.9683176480822182,0.7138446408445842,-1.3192764061086653,-0.011755410685956855,-0.770605091978706,-0.672700565063975,-1.9181871708750189,-1.2751577296032734
SKCO1_LARGE_INTESTINE,Wild-type_and_Functional,WT/High_Functional_Score_(Z>0),,,,-0.1484,0.6248287748301294,-0.100784247493879,-1.730214020287152,,0.828558847069387,2.558772867356539,-1.872257018,2.01913952,1.641441657,-0.117347638,-1.86869383,0.2328345,,-4.16101105,-8.056762594,-0.493699408,-10.49556641,-0.427582487,,,,,,,,,,,,,0.7153364876350485,0.5137906384322378,0.14529244789750964,0.06739842914125241,1.9435802133863682,1.0996711412394695,1.6833792545045079,0.11879772329633174,1.6599595790673245,0.9171756560745609,0.24976574708864452
SKES1_BONE,Mutant_and_Non-functional,Missense_Mutation,C176F,C176F,C176F,-0.0508,1.396671169700532,1.22794574650612,0.7111023397784376,,-0.5893008926851317,-1.3004032324635695,-0.686507437,-4.042238137,-0.611284592,0.196292034,1.014320676,-1.69132628,-0.007205557,0.098779473,2.437616083,-0.464797999,3.57427286,-1.373014874,,,,,,,,,,,,,0.05544895255386267,-1.9486871009240028,-0.999269333451488,-0.6701805013816143,-0.21967370053733465,-0.43970199793559267,-0.10014181037002284,-1.5571247491726734,-0.5639190695169293,-0.20736586220800077,0.16830535340734568
SKHEP1_LIVER,Wild-type_and_Functional,WT/High_Functional_Score_(Z>0),,,,0.4801,0.11632128832165627,0.0422485685061205,-0.049212319670172436,-2.4964337639300482,1.1160475730831374,3.661693656683358,3.340290221,0.838536765,2.14226744,-0.213157788,1.069352126,2.511255289,0.319380363,0.952954671,-1.346884833,-1.394393998,-0.675817875,-0.363009613,1.15408344968607,0.129468769586198,0.00325651624850408,0.708883641587179,0.409087147490563,1.10865471509189,0.136819739280651,-0.952095784801073,-0.839109768605021,-0.0805170920978337,-0.546216637278178,-0.945822224674367,0.4202250325370979,0.86837577725438,0.8117955042157332,0.9519039229199124,1.6828682991823662,2.0027216701207635,1.5544744757772166,1.7514387271436422,-0.10754609288615835,1.4094815269423753,0.9307844607071816
SKLMS1_SOFT_TISSUE,Mutant_and_Non-functional,Missense_Mutation,"G245S, M237K","G245S, M237K",G245S,0.1676,0.2672483200124153,,0.7418473041495828,,-0.10494545767544906,-0.8467927618250318,,,,,,,,,,,,,,,,,,,,,,,,,-1.3711233453169094,-0.29353026878314203,0.05964698714814198,0.3030385876895461,0.1442744180698749,0.4255158129779983,0.6937838791661988,-0.23283161384467752,-0.7662127700286319,-0.2188907192820553,0.1019289977737164
SKLU1_LUNG,Mutant_and_Non-functional,Missense_Mutation,H193R,H193R,,-0.397,-0.026648479336254312,1.691407398,0.9520763848495809,-0.7692652073256866,-0.41669782737407685,-0.5995090048979712,,,,,,,,,,,,,,,,,,,,,,,,,-0.05039472027636942,-0.34278459311269355,-1.868407010762243,-0.10291654414498189,-0.6737824839126462,0.976097970051479,0.2278214241891532,-0.6843249101014712,-1.8471017909037197,-0.46897881259572255,0.25109537045437086
SKM1_HAEMATOPOIETIC_AND_LYMPHOID_TISSUE,Mutant_and_Non-functional,Missense_Mutation,R248Q,R248Q,R248Q,-0.8403,0.4345130085332169,2.376621967,,,-0.13841963948300992,-0.13841963948300992,,,,,,,,,,,,,,,,,,,,,,,,,-1.2104824196132014,-0.3854622888391613,-0.5363278107232345,-0.6082721918451567,0.11814816521248121,0.14397169250094397,-0.25796840420609696,-0.3340381373286539,0.8913876768474643,0.5790392209471072,0.0773884627343991
SKMEL1_SKIN,Wild-type_and_Functional,WT/High_Functional_Score_(Z>0),,,,-0.19,-2.4164786297699092,-0.321214689,,-1.1349097085137048,1.216218651066397,2.351128359580102,,,,,,,,,,,,,,,,,,,,,,,,,1.3682597649788701,1.6185283178592145,1.8196124123632087,1.464923277284706,1.5142233635876188,1.356190999096581,-0.46654325401234853,1.3756379951646895,0.9311632252114376,1.491408512054316,0.9050005481420762
SKMEL2_SKIN,Mutant_and_Non-functional,Missense_Mutation,G245S,G245S,G245S,-0.9603,-1.0535264616868714,0.527184965506121,1.1789243652096575,0.6857693336027326,-0.40402465775729773,-2.268718356569688,1.581659291,-1.472388211,-1.416960851,0.022935049,0.439459778,1.29581248,0.305167204,-2.832338064,-1.340550277,-0.748665261,-0.310353621,0.209357055,,,,,,,,,,,,,-1.0955937551351533,-1.0782365058767547,0.3057754421847126,-0.2472398599007816,-0.4421219059902055,0.641832360565082,-0.7966776248681061,-1.1201357559575809,-0.5713338936131446,0.062078248139441565,-0.1026179848777853
SKMEL24_SKIN,Wild-type_and_Functional,WT/High_Functional_Score_(Z>0),,,,0.0295,-0.41635340301847873,-0.349322449493879,-0.3375502287725408,-0.08224068134882333,1.07776324644024,1.4975541565616042,,,,,,,,,,,,,-0.148013877740651,-0.0766999545496098,-0.119043769696317,0.0396823594440535,-0.0342999371547246,0.0994009299807338,0.102956822727113,-0.61772649620176,-0.083811261780433,-0.0909947484150734,0.00405136801629941,-0.182442711088616,0.29942855358747683,1.3286784914568495,2.4580451760266318,0.2612306142506083,1.0012742085255373,1.5370212313009144,1.5205440322608743,0.948942344519768,0.5214702418916172,1.048713039531329,0.930047777491036
SKMEL28_SKIN,Mutant_and_Non-functional,Missense_Mutation,L145R,L145R,L145L,0.0327,-0.9723890223322343,0.0185982299999998,1.2586950835780362,0.6604346815157465,-0.0987072112200505,-2.0178369763138333,,,,,,,,,,,,,,,,,,,,,,,,,-0.371357801411412,-1.1897752289032697,1.5389418566980688,-1.4930044493433288,-0.5868829457993147,0.7619222124516989,0.5647125114853082,-0.39456244707537597,-0.12328994653713672,0.3445481878865503,-0.13703127287234407
SKMEL3_SKIN,Mutant_but_Functional,Missense_Mutation,R267W,R267W,,-0.0533,0.05761855807066105,1.57444894150612,0.8091538477729019,-0.7109101098219547,1.1132936826586919,1.0150499447077448,-1.230883288,0.482218027,-1.740419084,-1.105775819,0.458859354,-1.224944642,0.023026109,1.856024719,-1.017487954,-0.781525767,2.288358123,1.365888499,,,,,,,,,,,,,0.8930532110992292,0.36957508847492043,1.9515198124092727,3.034569044976584,0.7846664166873968,1.6525634163218463,1.3635350394733872,0.26267098429113844,0.06276742921467365,0.9450415335978988,0.9262685326992628
SKMEL30_SKIN,Mutant_and_Non-functional,Missense_Mutation,T284Rfs21,T284fs,T284fs21,-0.1392,-0.9674913901780309,-0.0668692474938795,0.8149704626539307,-1.0376986558428536,-0.2603796128941373,-0.03765141970521446,,,,,,,,,,,,,0.00873929089302279,-0.304251379965079,-0.172800373487624,0.241089987378417,0.0152453329964736,0.282523069548594,-0.254859802079565,-0.421400918885158,-0.677375694459916,0.0274336131801603,0.288805303544532,-0.106427307097968,-0.41155776429059576,-0.42546030271369967,-0.22429302768735135,-0.5723455622354754,-0.5060330724944408,0.6540602626959471,-1.1559584867240145,-0.3813933777071885,-1.0793124700460255,1.1433265037780163,0.09479155558931772
SKMEL31_SKIN,Wild-type_and_Functional,WT/High_Functional_Score_(Z>0),,,,-0.0902,-0.6978417570023145,-0.50128158349388,-0.3957163775828172,,0.9433726693998348,1.339089046982652,,,,,,,,,,,,,,,,,,,,,,,,,-0.4167159633666151,1.9573418056366307,1.8012794391838862,0.27227491444570595,0.8487824010973547,1.7945933418636482,-1.881964106309825,2.3744755150788404,1.2236167455391165,0.961917683311097,1.4414975869183426
SKMEL5_SKIN,Wild-type_and_Functional,WT/High_Functional_Score_(Z>0),,,,0.0522,-1.0986924032014522,-0.583839872493879,0.4310738805061085,,0.8861257965058486,0.45505191599974004,1.402708102,-0.659981486,1.378557609,-0.05301231,-0.851205876,1.11884084,,-0.198944629,-0.015642393,-1.930059835,-0.692446082,-0.958893317,,,,,,,,,,,,,0.5385742376953535,0.825928063281055,1.3273997161788726,1.0715172496879573,1.873473970227189,1.2072911938215132,1.7925607779095951,0.216604898933857,0.7712882998155544,0.07223265222054362,0.050512701792844596
SKMES1_LUNG,Mutant_and_Non-functional,Nonsense_Mutation,E298*,E298*,E298*,-0.3343,-1.97733427511066,-0.55692561049388,-0.1863182418658226,0.42374071286036635,-0.20327515833832627,-0.44069762933287004,-1.164766366,-0.654042841,-0.568526343,0.419268383,-1.386079894,-1.191292317,0.516662171,1.890072954,0.232636545,0.234022229,0.407391091,0.110142081,-0.203892530625148,-0.237162494190973,-0.0272735752608223,0.149086712937915,-0.123509280819105,0.215336277860697,0.130445530701364,-0.505428897687457,-0.533382605505495,0.0395802606207925,-0.0257079423656977,-0.159319627234084,-0.5876200057359139,0.24115364160683025,-0.37272773727530917,-0.2075444172728146,0.3705184047106409,0.6864744839726246,-0.8809628675497456,-1.0057475962002547,-0.3555751375817124,-0.4428357902635228,0.31884027986758845
SKMM2_HAEMATOPOIETIC_AND_LYMPHOID_TISSUE,Mutant_and_Non-functional,Missense_Mutation,,,K132N,-0.9558,0.06021952281105719,0.268606491,,,-0.14579535898971818,-0.14579535898971818,-0.072491068,-0.435500681,-0.933159186,0.237268689,0.598615481,0.119841869,,-0.919698256,2.106239656,-0.401848355,0.117070501,-0.867042264,,,,,,,,,,,,,-0.5895105798585234,0.12241630766332136,-1.4852336597072644,-0.8260252281983659,-0.9767285596029792,0.6381797132421116,-0.17240086497372603,0.4672413499786513,1.7672305314130274,0.2620077619110983,-0.8109257207542516
SKNAS_AUTONOMIC_GANGLIA,Wild-type_but_Non-functional,WT/Low_Functional_Score_(Z<0),,,,-0.9978,-2.134261739120958,-0.44362743149388,-0.018467355299025812,0.36325067276503314,-0.7619403697743065,-1.106723687240314,,,,,,,,,,,,,-0.0860859619294934,-0.294930338979085,0.0511798364612467,0.109292476725002,-0.0990390046785551,0.0273324999352019,0.0652968307202844,-0.737259262684294,-0.459611932775242,0.125067789159101,-0.0595333721719139,-0.0539314790870514,-0.6136627102071662,-0.20311952644514525,-0.1745839841313556,-1.0142953527955372,-0.9860499909574144,-0.8940695541672915,-0.8146199127587378,-1.1395327740758765,-1.9301771899674613,-0.8225295809105596,0.21129650889917448
SKNBE2_AUTONOMIC_GANGLIA,Wild-type_but_Non-functional,WT/Low_Functional_Score_(Z<0),,,,-0.8796,0.21806098937530147,0.417928997506121,0.7094404498124293,,-1.2946249439399067,-2.004065393752336,,,,,,,,,,,,,0.00174340493803415,-0.241860236830363,-0.165054566455592,0.172844380807422,-0.0453171793301062,0.0901433163683373,0.0367069943928975,-0.417485857960457,-0.593048871164601,0.158259512197748,-0.0578565156479607,-0.204993630681674,-0.6760893207522972,-1.8607303063688871,-0.4415095471143763,-2.166229650378523,-1.9690819527260641,-1.6932494366589934,-0.23052068214067795,-2.244312446236068,-0.3165141200266717,-0.5348780236567684,-2.1077588972796457
SKNDZ_AUTONOMIC_GANGLIA,Mutant_and_Non-functional,Missense_Mutation,,,R110L,0.2997,1.1249880751927661,0.683646999506121,-0.8145126490168049,0.4717057564183117,-0.828103688006932,-0.48529679540843884,,,,,,,,,,,,,-0.073806698195628,-0.151425045287562,-0.0530834393336836,0.110875656091997,-0.00038461480187606,-0.053450362832421,-0.036191783782437,-0.117469751190093,-0.189046706702429,0.0581628548566794,-0.0234104267415025,-0.0363015022846992,-0.35951093849345095,-1.4531977853026,-1.220242454359444,-1.32212075264856,-1.0090516624305188,-0.4392907727402921,-0.6024634004500986,-1.6915560754220664,-0.07698960368105724,0.054260140112986716,-0.9889772626611516
SKNFI_AUTONOMIC_GANGLIA,Mutant_and_Non-functional,Missense_Mutation,M246R,M246R,M246R,-0.0853,-0.6100553100043177,0.216177107506121,,0.5859963498219621,-0.6762635975892873,-1.2622599474112495,,,,,,,,,,,,,-0.034741170948671,-0.252890119699218,-0.173904909617043,0.195323832650422,-0.0257105108077299,0.0249613013768221,-0.189581118688427,-0.552706024683122,-0.398969997688814,0.363211415931886,-0.0276824881762624,-0.144565009285468,-0.014280896220005782,0.6493973463530224,-0.16532828023035603,-1.1617062833562084,-0.6404982442461258,-0.28105373656015037,-1.1475523204469915,-0.40724454886851696,0.12215049092956196,-1.6419560552291543,-2.750827045607235
SKNMC_BONE,Mutant_and_Non-functional,Homozygous_Deletion,,,,-4.995,-0.3313544972238947,-0.253117051493879,0.06961281289939221,,-0.509477754480843,-0.5790905673802352,,,,,,,,,,,,,-0.0722722872396524,-0.180884466732445,-0.18054769047015,0.0643414524350846,-0.213523551192041,-0.0154609644882014,-0.168441226659044,-0.671638319185937,-0.773244935317725,0.134989911563678,-0.215488304616655,-0.159594567820131,-0.5433798363498138,-2.04503853287486,-0.5823426259628625,-0.765545530094832,-1.0622032389522493,-0.5069131276499571,0.8473756064449814,-1.049192434589062,0.28661524706052516,-1.2127954375032173,1.029164611182074
SKNSH_AUTONOMIC_GANGLIA,Wild-type_and_Functional,WT/High_Functional_Score_(Z>0),,,,-0.03,-0.2698708892145953,-0.384642052,-1.9869760200353703,,0.8759379058264011,2.8629139258617715,,,,,,,,,,,,,,,,,,,,,,,,,0.4813150126894224,1.693851893103793,0.9165358381925748,0.6016201912803922,1.5935934053571983,1.2391127670226105,0.29262014321949303,0.6114790512231708,0.8762392655372637,0.4778345304009881,0.8511148660635058
SKOV3_OVARY,Mutant_and_Non-functional,Frame_Shift_Mutation,,,S90fs*33,-0.9161,-3.287226540374791,-0.755811214,1.129067666229422,0.25451093009954256,-0.8549273476530175,-2.238505943981982,-1.249095134,-0.069284199,-0.748665261,-0.85912407,-1.371035325,-3.105515764,,0.063939418,1.203169608,1.235238295,2.295484497,0.576840447,-0.279074362279479,-0.224794607674222,-0.109536608463891,0.111698248552273,-0.0563266412407633,0.0329662838665487,-0.0347031984207729,-0.405550427919519,-0.299065175623931,0.00801118047789772,-0.0599063737422959,-0.0053946882485079,-1.0170099931476293,-1.6555968983691678,-0.8628844876302328,-1.0882611428258724,-1.8198060524150255,-0.6395816325693154,-0.6302443004227163,-0.2712109422109073,-0.4764365017294142,-0.9587526084098926,0.015583735546982396
SKUT1_SOFT_TISSUE,Mutant_and_Non-functional,Missense_Mutation,"R248Q, R175H","R175H, R248Q",R248Q,0.0701,0.38948810994008354,2.16295619650612,0.8814460612942464,0.6935974564385998,-0.7359234565044356,-2.310966974237282,,,,,,,,,,,,,,,,,,,,,,,,,-0.3868351545784246,-1.613887067804346,-1.2545863820221224,-0.3618879682663973,-0.6760301609300049,-0.7002615385936032,-2.396725068911961,-0.9035755155029606,-0.9224944471334744,0.8072261702400894,0.3138991119544149
SNB19_CENTRAL_NERVOUS_SYSTEM,Mutant_and_Non-functional,Missense_Mutation,,,R273H,0.1022,0.315747094655061,,,,-0.1861521426242805,-0.1861521426242805,,,,,,,,,,,,,,,,,,,,,,,,,-0.36284562462808184,-0.20524215486861663,0.07910978309316774,-1.1189087130453217,-0.3502739318082832,1.0753241907059052,0.4934475107034137,-0.3718456715099907,-0.8802475892047679,-0.3047724401736556,-0.10141892813085465
SNGM_ENDOMETRIUM,Wild-type_and_Functional,WT/High_Functional_Score_(Z>0),,,,-0.0526,1.138650358812043,0.309676022,-0.6574640472290594,,1.5296176579157168,2.1870817051447764,,,,,,,,,,,,,0.821846688747375,-0.285468072586033,-0.0627548480020933,0.375068834526069,-0.0951124455034399,0.434741306677195,0.198339255501241,-0.879604999563732,-0.340576194050396,-0.255046484139087,-0.435291320027725,-0.971696561163107,1.112495768976925,2.0062144452096455,1.4851430284276494,1.7096702668085908,1.6730388130228238,1.4834168176075417,1.857386896438883,1.7109146469630157,1.5298263270417916,1.07732287725084,1.1803643493251794
SNU1_STOMACH,Wild-type_and_Functional,WT/High_Functional_Score_(Z>0),,,,-0.008,0.056032658135013486,-0.327482928493879,,,0.8812982503493664,0.8812982503493664,,,,,,,,,,,,,0.555865789922353,0.0612184631176454,0.237797510916995,0.187415432888002,0.08325830687216,0.386311351923595,0.138399939963525,-0.844596771664445,-0.741404771287322,-0.175567227528851,-0.499422931199477,-0.909611803574287,0.3432810542273468,-0.1371881875466195,-0.7002942278212549,1.2957666130777377,1.6533071347804955,1.3220351181692156,1.1009985204604218,1.0656689958794137,1.3928683208487265,1.3763296164462246,0.9815077953213215
SNU1040_LARGE_INTESTINE,Mutant_but_Functional,Missense_Mutation,R248W,R248W,D48N,-0.032,0.14277294425109185,0.473073554,-1.045515354291902,,-0.5371506816440361,0.5083646726478659,,,,,,,,,,,,,,,,,,,,,,,,,-0.9766492671627819,0.5843325350098771,-0.9852006319406194,-1.5338445952273905,-1.177321541860239,-0.9215006936656136,-0.7019334454483154,-2.3204909308468586,0.4570075645387833,1.1906267099347259,0.4763167985840337
SNU1076_UPPER_AERODIGESTIVE_TRACT,Wild-type_but_Non-functional,WT/Low_Functional_Score_(Z<0),,,,-0.2038,-0.9387341822413087,-0.490150586,0.7667756536397021,,-0.3912419550545287,-1.1580176086942309,-0.878919556,-0.866250445,-1.324713889,-1.052723918,-0.132669344,0.53249856,-0.402244265,-1.324713889,1.483869592,0.089871504,1.901554336,0.592676836,,,,,,,,,,,,,-0.9779546635807733,0.6996438083247634,-0.3317951506470209,1.1728933310779925,-0.14043488409263394,-1.8630370628836217,-1.0871079297893522,-0.6543507468047512,-0.09248543097354643,-1.1923430580750811,0.16331028184421012
SNU1077_ENDOMETRIUM,Mutant_and_Non-functional,Missense_Mutation,I195S,I195S,,-0.1012,0.4622951323358377,0.506237277,0.22749235967014128,,-0.5081139641395959,-0.7356063238097371,,,,,,,,,,,,,,,,,,,,,,,,,-0.6813237674727181,-1.3028783133007709,-0.7112774315205469,-2.0559952710494827,-0.5483957993328495,-0.7515800239954473,-1.5779173463917424,0.06877620453915685,0.14754856911929057,1.4522135564559162,0.3715760174136384
SNU1079_BILIARY_TRACT,Wild-type_and_Functional,WT/High_Functional_Score_(Z>0),,,,0.465,0.8101824956701309,-0.329942314,-2.950207444333543,,0.6405850117611989,3.590792456094742,,,,,,,,,,,,,,,,,,,,,,,,,0.7435729195138759,1.2598478047574815,0.7287176071519458,0.33870489254922787,1.6985816451790643,0.839970335548117,-0.485708655535986,0.4944717389815627,0.010351490587897146,0.8486007986939432,0.5693245519460579
SNU1105_CENTRAL_NERVOUS_SYSTEM,Mutant_and_Non-functional,Missense_Mutation,R158G,R158G,,0.076,-0.7746179715339238,0.162093766,0.7027928899483984,,-0.5362473971354684,-1.2390402870838668,-0.29396296,1.95025123,-0.816365822,-0.223966123,0.653646931,1.086772153,,1.972422174,3.504196841,0.338898712,1.239197392,1.712705405,,,,,,,,,,,,,-0.8707275093955127,-0.4256247487693772,0.23068131018506427,-1.0414444123503594,-1.4459983012898563,0.591699171314398,-0.31783411744596873,-0.5685659104393372,-0.6616145927013083,-1.0658567727923336,-0.32343548480556156
SNU119_OVARY,Mutant_but_Functional,Missense_Mutation,P151A,P151A,,-0.4678,-0.8779724474520169,0.227658337,-0.5378079696764912,,-0.07493552892169869,0.46287244075479256,,,,,,,,,,,,,,,,,,,,,,,,,-0.13869684166286245,1.3652207109141008,0.7521817600337856,-0.29859549298604,0.19656771003428636,-2.791117901814201,0.4155496392163633,0.7487651594286416,-1.0823299748406445,-0.1622192250402139,0.17038363857809866
SNU1196_BILIARY_TRACT,Mutant_and_Non-functional,Missense_Mutation,R273C,R273C,,-0.179,2.266724971440024,2.133210264,0.7393544692005709,,-0.46758068036682493,-1.206935149567396,,,,,,,,,,,,,,,,,,,,,,,,,-1.0202693502841778,0.2466034203007124,-1.2124608099298395,-0.546781127552601,0.7074802125879371,-1.9092636127789424,0.658207273753104,-0.46073767517682807,-1.154742926695386,-0.7934237697269332,0.342000881467881
SNU1197_LARGE_INTESTINE,Mutant_and_Non-functional,Missense_Mutation,R175H,R175H,,-0.8246,-0.19251384438442606,0.895046763506121,,,-0.40347979442505294,-0.40347979442505294,,,,,,,,,,,,,,,,,,,,,,,,,-1.1729943006649897,0.29633348524890385,0.1853652322952938,-0.2322317298886175,-0.20996302649626403,-0.6260837702764895,0.009418922100495037,-1.2387788603545056,-1.2392697724274002,-0.8011635661537893,0.5910896479417811
SNU1214_UPPER_AERODIGESTIVE_TRACT,Mutant_but_Functional,Missense_Mutation,A159P,A159P,,-0.0312,-0.14424162687544625,0.214269081,-0.35084534850060395,,0.11813827802958357,0.46898362653018755,,,,,,,,,,,,,,,,,,,,,,,,,-0.8809694971957879,0.36010821425119777,0.8019594930241731,1.490462314430994,1.3991440736140528,0.3472257927078721,-0.4553423388427036,-0.7291782891105745,-0.21962266785284734,-1.0980689440933162,0.2838029073923587
SNU1272_KIDNEY,Wild-type_and_Functional,WT/High_Functional_Score_(Z>0),,,,-0.0077,-0.30833340495076894,-0.254438826,0.16683337591085298,,1.4703986288457924,1.3035652529349395,,,,,,,,,,,,,,,,,,,,,,,,,1.277062989044107,2.043503043443589,1.3183208678330922,1.5052200972968177,1.9795758519953277,1.2903465884136585,1.3318020357726146,1.6218289035082556,1.1743517266073735,1.7309897990886909,0.9013830143001901
SNU16_STOMACH,Wild-type_but_Non-functional,WT/Low_Functional_Score_(Z<0),,,,-1.09,1.4717548691747693,0.961365834506121,,,-0.007463374436075262,-0.007463374436075262,,,,,,,,,,,,,,,,,,,,,,,,,-0.04594663480422569,-0.44661316269477414,-1.638733228164531,0.3024236044822297,0.6751446965539898,0.36059061155516015,1.1842020309236225,-0.41811282734987304,-0.13343574678278444,0.34718467840632267,-0.2688011409219645
SNU175_LARGE_INTESTINE,Wild-type_but_Non-functional,WT/Low_Functional_Score_(Z<0),,,,-0.0539,0.7482924175092576,-0.979391998000001,,,-0.06290146441625578,-0.06290146441625578,,,,,,,,,,,,,,,,,,,,,,,,,-0.3432040477012119,-0.3858682460762405,-0.6452479362595647,-0.458364139205223,-0.029885527800206223,0.43533683823048414,-1.2510183083716782,0.031864062350647634,0.3770302564511204,0.8841020571780092,0.6933388826250497
SNU182_LIVER,Mutant_but_Functional,Missense_Mutation,S215I,S215I,,-0.5618,0.43546032831270265,,-1.0995267781871578,,-0.5722971037239964,0.5272296744631614,,,,,,,,,,,,,,,,,,,,,,,,,0.32042513383351495,-0.6424392880303401,-0.04664162247058793,-2.736454234737101,-1.3294897192642257,0.3619452357279171,-0.9516919341322315,-0.06845963604566355,-0.6265569175607323,-0.0265313268047934,-0.5493738314797173
SNU201_CENTRAL_NERVOUS_SYSTEM,Mutant_and_Non-functional,Missense_Mutation,"D281N, X126_splice","D281N, Y126_splice",,0.2361,0.8127301528496634,1.131821138,0.592277207208873,,-0.5458889400493679,-1.138166147258241,,,,,,,,,,,,,-0.295604619312011,-0.211731956999278,-0.137405107269043,0.0453758128416262,0.0711283525089886,0.0118818121451053,0.040737837265001,-0.534909450532179,-0.366646748309598,-0.0839633346772694,0.0670458174939507,-0.105671376206786,-1.6488962698074174,-0.26236501057814426,0.5125235339035263,-1.2549116144047965,-0.9985908760593954,-0.15310222652807165,-0.8751136225144812,-0.18276296919314322,0.11894853331960376,-1.4860768162309232,0.22556899755019544
SNU213_PANCREAS,Mutant_and_Non-functional,Missense_Mutation,S215I,S215I,,-0.5383,0.030795970363557638,0.703073357,0.5914462622258695,,-0.22784561706326742,-0.8192918792891369,,,,,,,,,,,,,-0.0423129229544374,-0.189589880329004,-0.00126955885361522,0.159606946279933,0.0235395726059101,0.174281047131476,-0.0252856407372581,-0.307296326877436,-0.727246432271342,0.0815059570009524,0.0072691106795416,-0.237178185991565,0.10912178233400889,0.6781741924726041,-0.391960778905297,0.046589683183977236,-0.5588486057855678,-0.6768337973201234,-0.547782768391008,-1.1223779012869874,-0.6833764433032186,-0.14685709958589566,0.7878499488915661
SNU216_STOMACH,Mutant_and_Non-functional,Missense_Mutation,V216M,V216M,,-0.0603,1.0947826785192907,1.31117096,0.9628786696286321,,-0.18235868166607946,-1.1452373512947116,0.611284592,-0.657606028,0.550314497,-1.36390895,0.948995574,0.084249586,-0.074391434,-1.115277652,0.51864172,1.026593877,2.118116947,1.179019116,,,,,,,,,,,,,0.188827211475908,-0.6644665641229704,-0.5879483154362987,0.8063288714324086,0.2078114150666838,-0.14480515346993525,0.28903628875718934,-0.34474932949547926,-0.9026863637309301,-0.1006532558235472,-0.7526403029799028
SNU245_BILIARY_TRACT,Mutant_and_Non-functional,Missense_Mutation,R175H,R175H,,0.3557,1.1722863191418293,0.643145886,,,-0.33138122478675797,-0.33138122478675797,,,,,,,,,,,,,,,,,,,,,,,,,-0.8030499164962356,-0.6341429541807959,-0.6298701878265893,-0.2771300392970605,0.4342921392867929,-0.8345991340115358,0.1158407679716128,-1.459824438710036,-0.47017943244015564,0.9160401378804027,-0.002570414830738224
SNU283_LARGE_INTESTINE,Wild-type_but_Non-functional,WT/Low_Functional_Score_(Z<0),,,,-0.9969,-2.3276671227995016,-0.493451266,0.6853430453053149,,0.08894569439288656,-0.5963973509124283,,,,,,,,,,,,,,,,,,,,,,,,,0.30760818040366117,-0.19295724565386996,-0.537193139689838,-0.6841663805462193,0.3231469490868044,0.19969270646424825,-0.02737860498569144,-0.7894240324595273,1.7852594510093673,0.9539951598185118,-0.36018040512569505
SNU308_BILIARY_TRACT,Mutant_and_Non-functional,Missense_Mutation,V217G,V217G,,-0.5128,-0.046611050304917905,0.0868630319999999,0.6778645404582792,,-0.23315346699382522,-0.9110180074521044,,,,,,,,,,,,,,,,,,,,,,,,,0.8020824221587143,0.4605277139410365,0.15225771445168565,-0.11319529002300893,0.47553590423332465,-1.7932376334105964,0.11206950093650983,-1.6080102426597689,-0.3608991979700826,-1.013635987794265,0.321816959204373
SNU324_PANCREAS,Wild-type_and_Functional,WT/High_Functional_Score_(Z>0),,,,-0.0185,-0.32125826731145424,-0.415718511,,,0.8001019243688248,0.8001019243688248,,,,,,,,,,,,,,,,,,,,,,,,,0.3830253685327628,1.073395104595548,1.0455677563988837,0.703090606377743,1.050787828912269,1.0454136051770904,0.41844193032523563,0.6781433413838625,-0.05967431949163516,0.9112892341715048,1.5516407116738073
SNU349_KIDNEY,Wild-type_and_Functional,WT/High_Functional_Score_(Z>0),,,,-0.0898,1.2776153959601884,-0.0565671910000001,,,1.1545957551830246,1.1545957551830246,0.909800513,2.204821174,-1.804556457,0.199617676,-0.17653614,0.503597151,0.014743678,2.726234262,1.257013329,0.805676259,0.762126191,-0.02666056,0.805901716025977,0.0833748254677233,0.0244519801135436,0.253037686138302,0.181558800661697,0.24206760431902,-0.0910914113304402,-0.656385673503339,-0.481039993539661,0.12483993309041,-0.203934383586043,-0.306492021919773,0.24513839348158017,1.1747120792534582,1.6350667986278475,1.3943925040775353,0.8518245233247936,1.6655411996912033,1.2102666262821817,1.1944996713947271,0.5585354083525312,1.640174447422468,1.130401655104946
SNU387_LIVER,Mutant_and_Non-functional,Nonsense_Mutation,K164*,K164*,K164*,-0.3932,-2.1784692551142055,-0.533319904493879,0.7310450193705316,0.7170818249461983,-0.5630196636671223,-2.0111465079838524,,,,,,,,,,,,,,,,,,,,,,,,,-0.7780223162064624,0.3858777000315213,-1.2069688133133285,-0.44919562849792427,-1.0967385524931261,0.4602643419809436,-1.7735048336969874,-0.6244970163491709,-0.45408995361092136,-0.670370142893194,0.014028914710304609
SNU398_LIVER,Mutant_and_Non-functional,Missense_Mutation,,,E224E,-0.318,-0.5292099516602379,-0.583729405,0.7925349481128234,,-0.3542783772723816,-1.146813325385205,,,,,,,,,,,,,-0.233597827264984,-0.246895219985251,0.0519797601063527,0.296625271923969,-0.113778447811983,-0.218944738770774,-0.00509379474995177,-0.436994484901859,-0.835497994148379,0.0605310581701339,0.0668625857521941,0.0369010548582525,0.017581432676283818,-1.718298176919455,0.30534119863395304,-0.613611116857341,-0.8247137739638855,-0.2914915996055882,-1.2315986394978096,0.4569972277870328,0.13730158844581075,0.20708522672692647,-0.3416555174221252
SNU407_LARGE_INTESTINE,Wild-type_and_Functional,WT/High_Functional_Score_(Z>0),,,,0.0095,0.5555256139868738,-0.606511065,-1.593108098091502,,0.29385366176859046,1.8869617598600925,,,,,,,,,,,,,,,,,,,,,,,,,0.8665135189698963,0.6467164508770658,-0.288074720422859,0.6014133827681977,1.2398852953785793,0.7823746184885869,-1.5271307311230382,-0.08585642175893066,0.4806828892493286,0.07849758018832145,0.4373684168393469
SNU410_PANCREAS,Mutant_and_Non-functional,Missense_Mutation,S127F,S127F,,-0.415,-0.30193760822150484,0.201910697,,,-0.13192090746498933,-0.13192090746498933,,,,,,,,,,,,,-0.153572282193849,-0.221918401961329,0.0385745018305934,0.00655552268424725,0.0719770689946443,0.0246224988897152,0.0628083243469528,-0.554340067577937,-0.243598110459842,0.0531913180231859,-0.0599548707840585,-0.0052227025745377,0.0448909504201678,-0.049339405529919535,-0.6151390675173813,-0.7936188785703836,-0.7462436896588498,0.3610260264678326,-0.1392222637084958,0.36765281553434503,-0.8049881543405022,0.42306861841601173,0.5007830663722926
SNU423_LIVER,Mutant_and_Non-functional,Splice_Site_Mutation,X126_splice,Y126_splice,?,-0.1277,0.25603152074768676,0.680649095506121,0.36293639189978444,0.7158008593912394,-0.46613621227040825,-1.5448734635614323,,,,,,,,,,,,,,,,,,,,,,,,,-0.8750451470904895,0.14854745340373307,-1.360023874281364,0.06749729812295965,-1.282297368475698,0.5129011669794902,0.2942246578778437,-1.015886994182186,-0.7360457807005815,-0.5336380899964799,-0.3477316566317182
SNU449_LIVER,Mutant_and_Non-functional,Missense_Mutation,A161T,A161T,A161T,-0.1918,-0.5137085571912187,0.481707854506121,-0.001848455638947275,0.6886159237248656,-0.5894680104765181,-1.2762354785624364,,,,,,,,,,,,,-0.0181678052966751,-0.246977904173961,0.121536394626093,0.0874872855734193,-0.175494179441959,0.0975588704261086,0.115560429186276,-0.673690564073286,-0.570801469398483,0.299147508349392,-0.0233543663578652,-0.129260507844584,-0.6718966189565804,-1.0363725450604857,-1.3651511063152368,-0.8955555198750512,0.11885217134730676,-0.5854571399524742,-0.3107836783768574,-0.933733993408731,-1.3994742057652476,-0.15947831905431126,0.7549028401759693
SNU46_UPPER_AERODIGESTIVE_TRACT,Mutant_and_Non-functional,Missense_Mutation,G245C,G245C,,0.3935,0.5763511010969916,0.479992148,0.49505664419741224,,-0.3424386404351591,-0.8374952846325714,,,,,,,,,,,,,,,,,,,,,,,,,-0.6349991895908942,-0.7593919878419361,-0.36550824086050576,0.06095833950711827,-0.16979211724638038,-0.35453000307351573,0.41754541871968215,-0.6609494192571524,-1.076529560579652,0.14476224538082097,-0.36839052994433474
SNU466_CENTRAL_NERVOUS_SYSTEM,Wild-type_and_Functional,WT/High_Functional_Score_(Z>0),,,,0.0048,0.09818894360925673,-0.243979302,-2.784600109220858,,0.8921158636197891,3.676715972840647,,,,,,,,,,,,,,,,,,,,,,,,,-0.07195718665434483,1.714883997494167,2.2125317677646823,1.2691336677485252,0.49382587721718135,1.5167744378616754,1.211453572576579,0.8900569686546537,-0.0678430720854969,-0.27661942011846063,0.9210338893585194
SNU475_LIVER,Mutant_but_Functional,Missense_Mutation,"N239D, G262D","G262D, N239D",G262D,0.0406,0.3781569215343393,1.43167218750612,-0.278553134979261,,-0.14380338213903576,0.13474975284022522,,,,,,,,,,,,,,,,,,,,,,,,,-0.7260232600178579,-0.2819923451571012,-0.2775936601749897,-0.8058704688081628,-0.7376599574280605,1.1155758804106746,1.4742016157214168,0.2210556778455694,-0.6796838053883784,-0.65211048825378,-0.23173639227872378
SNU478_BILIARY_TRACT,Mutant_and_Non-functional,Frame_Shift_Ins,R267Sfs5,G266fs,,-0.4403,-1.0134458393636965,-0.653532301,0.4692973497242895,,-0.2974884297094077,-0.7667857794336972,,,,,,,,,,,,,,,,,,,,,,,,,-0.45285642816620353,0.6150821269855777,-0.7821712440837608,0.13073081483624377,-0.08369145763113245,-1.1874061618625407,-0.17827312558810546,-1.9078408912052085,0.7485021093071034,-0.4399121572118933,0.2654636878164347
SNU489_CENTRAL_NERVOUS_SYSTEM,Mutant_and_Non-functional,Splice_Site_Mutation,X332_splice,I332_splice,,-0.3225,-1.199169381407178,-0.251937907,0.9711881194586713,,-0.170536749976267,-1.1417248694349382,,,,,,,,,,,,,,,,,,,,,,,,,-1.2363661982714258,0.06487960616053916,0.5521218085303903,-0.5910952936195822,-0.8485152105926733,0.890684078015696,0.40246254253918834,-0.6716857452343025,-0.16938166072343852,-0.07520198595445542,-0.19380619058887247
SNU5_STOMACH,Mutant_and_Non-functional,Splice_Site_Mutation,X261_splice,S261_splice,,-1.02,-1.0668777845344528,-0.84849434,,,-0.08629294201344662,-0.08629294201344662,-0.776378941,2.606273619,-0.467569367,-0.744706164,-0.334979205,0.210465602,-0.35228046,0.970770608,-1.753088195,-0.021387043,1.07806214,1.021051142,,,,,,,,,,,,,0.011962991794905675,-0.7818343233518493,-0.20212371012050262,0.999429970310058,-0.45466279109218727,-0.40136129590310354,-0.028023041200931787,-0.3243752345007997,-1.0501957872829861,0.7879876206057103,0.49397323859377407
SNU503_LARGE_INTESTINE,Mutant_and_Non-functional,Missense_Mutation,R273L,R273L,,-0.2757,0.05918113594843114,1.36708263,0.8731366114642056,,0.022148437738829505,-0.8509881737253762,,,,,,,,,,,,,0.00908170616503389,-0.116706799700033,-0.0542423040750827,0.123529516782537,0.0856970535657737,0.0616296560033522,-0.0354915501424357,-0.415138331769858,-0.388760199282457,0.0980572955050481,-0.0574656177876136,0.0600917733282344,-0.5657029418791597,0.31342131155106545,0.5753159408770309,0.6751469667497526,1.4038797118585151,-1.331588972250329,0.44289981906552806,-0.7021217422957442,-0.20914915046926716,-0.39322539191869516,0.03475726383842777
SNU520_STOMACH,Wild-type_and_Functional,WT/High_Functional_Score_(Z>0),,,,-0.1002,-0.3215048147804413,-0.355897543,,,1.6547918226438127,1.6547918226438127,,,,,,,,,,,,,,,,,,,,,,,,,1.584448477597926,0.8929097937750724,1.8952813249173168,2.2678718387586563,2.8828547359109664,1.9978474420705785,0.30925492702035917,2.420721726076785,2.184216564154858,0.8058296133806054,0.9614736054188184
SNU601_STOMACH,Wild-type_but_Non-functional,WT/Low_Functional_Score_(Z<0),,,,0.424,2.5227012152546164,1.887533425,0.6421339061891101,,-0.08611598974263363,-0.7282498959317438,-1.298187938,-4.16101105,0.341868034,0.606137766,-3.01524835,-1.401520373,0.523392636,-3.071467528,-3.353751152,0.542792212,2.110198753,0.530123101,,,,,,,,,,,,,-0.8483107019417233,0.31916721450756963,0.2877038046695723,-0.19370003866918387,-0.12770602757933902,-0.17429241894476466,0.7789020666158348,-0.6103487756204063,0.060043616281370345,-0.7826820286488488,0.34394740216094905
SNU61_LARGE_INTESTINE,Wild-type_but_Non-functional,WT/Low_Functional_Score_(Z<0),,,,-0.4116,0.6784095369416268,0.716637918,0.5498990130756717,,-0.28291665510516245,-0.8328156681808341,,,,,,,,,,,,,,,,,,,,,,,,,-0.9393862165624993,-0.10643313426279598,-0.481091241532939,0.3116283973846506,0.4345962628437767,0.06200483519047995,-0.29803743146658646,-1.7565793372169571,-0.5278245188415847,0.46667512745838724,-0.27763594915071876
SNU620_STOMACH,Wild-type_but_Non-functional,WT/Low_Functional_Score_(Z<0),,,,-0.6033,-0.018263644242323036,0.0339816179999999,,,-0.06380806343834355,-0.06380806343834355,,,,,,,,,,,,,,,,,,,,,,,,,-0.9460960092697566,-0.42063129270970073,-0.6821167927864757,-0.06899994814505148,0.17673051953749466,0.1952538933267335,0.5843645281102501,0.055538017192575374,-0.376098647195207,-0.3019010148550913,1.08206804897245
SNU626_CENTRAL_NERVOUS_SYSTEM,Mutant_and_Non-functional,Missense_Mutation,C238S,C238S,,0.2752,0.10401834750436101,0.188145664,0.07958415269543992,,-0.3698259218130621,-0.449410074508502,,,,,,,,,,,,,,,,,,,,,,,,,-0.7072369428131201,0.9887193425978112,-0.6096383860298553,-1.7474768812696326,-0.6419922623030291,-0.21409659887817675,-1.1794157457627528,0.25611210703841936,0.31414885905890916,-0.44502851505224494,-0.08218011653001196
SNU668_STOMACH,Mutant_and_Non-functional,Missense_Mutation,S215N,S215N,,-0.3265,0.2598152469947089,-0.147539825,0.44852372514919053,,-0.3808541354312618,-0.8293778605804523,,,,,,,,,,,,,,,,,,,,,,,,,-0.8190077216876052,-0.9207730360391528,-0.8340420309888086,-0.1599421772729121,0.44088443854677806,-0.8909007011917354,-1.3770340839299693,0.2064141860891781,-0.6638289218873898,0.7450076043601117,0.08382695425762492
SNU685_ENDOMETRIUM,Mutant_and_Non-functional,Splice_Site_Mutation,X307_splice,A307_splice,,-0.1883,-1.1045273599674805,-0.482062096,0.7759160484527449,,-0.4887677482693704,-1.2646837967221152,-0.259677179,-2.82402396,-1.355594846,-1.076478501,-0.938306012,-0.677401513,-0.231963499,1.846522886,-0.533290379,-0.524580365,3.148669922,1.884926128,-0.17687119482903,-0.258946471833937,-0.0607110268113737,0.128053105538601,-0.191542322972143,0.0882852395954729,0.0197486490357246,-0.671276044368342,-0.981453008670758,0.0111849821986436,-0.0400687474521875,0.00178313334192688,-1.100857598537752,-1.1264701723994797,-0.09334333205414394,-1.6078584591662626,-0.49972184369382555,-0.2717165056550786,-0.8240113650179042,-0.05362335725925351,-1.2395616734846833,0.7638806998630372,0.6768383764422709
SNU719_STOMACH,Wild-type_and_Functional,WT/High_Functional_Score_(Z>0),,,,-0.067,1.7873100862720286,-0.31854448,-2.6741675209796325,,1.3945432828570512,4.068710803836684,2.729797449,1.872652927,1.098649445,-0.140310401,0.46440209,3.039398842,0.256787038,-0.160858115,-3.584170603,-0.853581334,-2.254705797,-0.377935409,,,,,,,,,,,,,2.093574209480038,0.692459154084081,1.0091181422818865,2.141183483941846,2.1311331223125447,0.8692036089905533,1.1774288747838564,1.6777327811235694,0.9260361532666336,1.5444646207814199,1.077641960381134
SNU738_CENTRAL_NERVOUS_SYSTEM,Mutant_and_Non-functional,Nonsense_Mutation,Q192*,Q192*,,0.7046,-0.7406566129680408,-0.607409663,0.6238531165630231,,-0.555219687157279,-1.179072803720302,,,,,,,,,,,,,,,,,,,,,,,,,-1.1654411906377353,-0.9632662609134955,-0.01469550874182875,-0.14057292740709956,-1.3003603571138174,0.22884131589588627,-1.0714595279505865,-0.20541272126432944,-0.8785230449215519,-0.46518070001525824,-0.13134563566025312
SNU761_LIVER,Wild-type_and_Functional,WT/High_Functional_Score_(Z>0),,,,-0.0987,-2.126857541032052,-0.177067202,-0.4605300862571244,,-0.19830339826501053,0.26222668799211385,,,,,,,,,,,,,,,,,,,,,,,,,-1.194150725370374,0.05650742080929871,-0.277322060572333,0.5549939423292692,0.11868725303360764,0.97707765360499,-0.008002775310139666,0.03854965589709032,-1.4016222752021301,-1.2815008142164965,0.23544534408210155
SNU8_OVARY,Mutant_and_Non-functional,Frame_Shift_Del,P142Rfs6,P142fs,,-0.5088,-0.611184763950083,-0.287062491,0.8623343266851544,,-0.7120040443504504,-1.574338371035605,-3.09680575,-0.530123101,-0.442231146,-0.221075982,-0.403827904,-1.157639991,-0.06603774,-2.066252775,4.196642924,-0.4770712,1.29581248,0.193916576,-0.0436793856635749,-0.32330236303866,-0.0190074218105252,-0.00905148291908251,-0.0718411977969401,0.0477841721189564,-0.225229953710663,-0.638899982946696,-0.331947639262076,0.0498676864303273,-0.0320111780640358,-0.207903171945444,-1.3346393067943592,-1.3870728733717455,-0.32075825865418006,-1.1488877838196494,-0.9343516462429623,-0.6922184575678598,-0.8533091012522426,-1.5021120745817982,-0.4605126722731784,0.5631680700954079,0.23864961660761397
SNU81_LARGE_INTESTINE,Mutant_and_Non-functional,Missense_Mutation,"R213*, K132T","K132T, R213*",K132T,-0.036,1.4059711179225953,0.991529803,,,-0.4498722416910947,-0.4498722416910947,,,,,,,,,,,,,,,,,,,,,,,,,-0.6100855014445625,0.6922771104800101,0.2051106813151783,-1.644417306025943,-1.2016620663101534,-0.4969711538106183,-0.7070670155710763,-1.298405683624206,-0.09281672971954263,-0.9083982498688918,1.1138412559777653
SNU840_OVARY,Wild-type_and_Functional,WT/High_Functional_Score_(Z>0),,,,-0.6367,-1.2719919518415153,-0.204443035,0.08456982259346231,,0.647469358183618,0.5628995355901556,7.656893787,5.847586413,1.026197968,0.616827328,1.638670289,1.020655232,,-4.034319943,-0.70907429,-0.064929192,-12.1465099,-1.523064654,0.904418541125244,0.197637546915895,0.226550384406101,0.255593730401678,0.356448517032419,0.475697170007516,0.232989589459765,-1.20416778178866,-0.871950624965672,-0.469182824519441,-0.412833067782162,-0.677858794391204,0.5032339138388129,0.8712368958983682,0.4520089317371852,1.0670490973586988,1.6347751042716925,1.1545576099534856,0.6617703045962078,0.7002317716911249,-0.005705753768753957,-0.10266325354654016,0.1856683179895151
SNU878_LIVER,Mutant_but_Functional,Missense_Mutation,I251N,I251N,,-0.0697,-1.4393743612258878,0,-1.0862316584590948,,-0.5407977357374892,0.5454339227216055,,,,,,,,,,,,,,,,,,,,,,,,,-0.7184600448811049,-0.5278464801395217,-1.281578961137313,-2.4984838522071047,-1.1798369894729601,1.3072672957144313,-0.4727618442934212,0.28487880019744444,-0.5199020018021802,-0.2923208958376988,-0.04973011925295295
SNU886_LIVER,Mutant_but_Functional,Frame_Shift_Del,P219Lfs2,P219fs,,-1.08,-2.4519803547298684,-0.593885143000001,,,0.18393175123768254,0.18393175123768254,,,,,,,,,,,,,,,,,,,,,,,,,-0.7343360905501646,0.9140371676515772,-0.3078959646806935,0.26854964006156784,-1.204250219846118,1.2694224828880412,0.4781531103910456,0.35039636026206,-0.24895066549171088,0.6192913831400688,0.6188320597888344
SNU899_UPPER_AERODIGESTIVE_TRACT,Wild-type_but_Non-functional,WT/Low_Functional_Score_(Z<0),,,,-0.0537,-0.9484083939635912,-0.432417759,0.48757813935037647,,-0.24093253398182302,-0.7285106733321995,,,,,,,,,,,,,,,,,,,,,,,,,-0.23692401786989198,0.7476796541310636,0.3971426538656278,0.8121331155970308,0.3064272467134975,-1.558258718872054,-2.7106718157896723,-1.0441949953027805,0.14002181977104955,-0.6936678437733631,1.1900550277294397
SNUC1_LARGE_INTESTINE,Mutant_and_Non-functional,Nonsense_Mutation,,,S166*,-0.5534,-0.9934033070537394,-0.71988830149388,,,-0.3313541770842172,-0.3313541770842172,-0.83220221,-1.584034749,-0.15737411,0.254569943,0.658001938,4.52920708,,1.257013329,-2.722275164,-0.055348177,1.206336886,0.029867429,,,,,,,,,,,,,-1.4994527240747875,0.5575478527308491,0.1680878657111801,-0.8247308608873924,0.10892869948210845,-0.060116952955272425,-0.35195087755515325,-1.6694561254517395,-0.24453722895382385,0.3175698418253129,-0.1467854377976709
SNUC2A_LARGE_INTESTINE,Mutant_and_Non-functional,Missense_Mutation,R273Y,R273Y,,-0.005,-0.6480014087446407,1.67891344050612,0.00563004920808851,,-0.46387936987357004,-0.46950941908165855,2.056750942,-0.148347368,-0.449357521,-0.495283047,-1.911056169,-2.181066591,,0.802904891,2.984763302,0.240040057,1.997364486,1.057078925,,,,,,,,,,,,,-0.1660789324658751,-0.5272942812071719,-0.8284789763367193,-0.24295674676664317,-0.7586994556311792,-0.8272575547895428,-0.3011269989678804,-1.382042626448932,0.7057171147666556,-1.159530497843855,0.3850758870818728
SNUC4_LARGE_INTESTINE,Mutant_but_Functional,Missense_Mutation,G245S,G245S,,-0.002,0.3895969462101784,-0.327804038,0.3222200877325916,,0.7544416673855964,0.4322215796530048,,,,,,,,,,,,,,,,,,,,,,,,,0.8694706414677956,0.8699377113773125,-0.17429264618548257,0.37085998797599146,1.291634179576262,1.1688537329195428,-0.09854935149120775,0.6396550998395584,1.7282787529039643,0.986872979716071,0.646137253141753
SNUC5_LARGE_INTESTINE,Mutant_and_Non-functional,Missense_Mutation,"R248W, V218L","R248W, V218L","R248W, V218L",0.0003,0.6157542731675463,1.697530276,0.9105291356993845,,0.7709267150759541,-0.13960242062343042,,,,,,,,,,,,,,,,,,,,,,,,,1.1272336118578834,1.099761693397225,-0.052844199442886465,1.0408170702855828,0.7580728952745207,0.7488960496476001,-0.32356828458565406,1.5330552381983649,0.6296491318817552,0.7341744997491652,1.1849461595719402
SQ1_LUNG,Wild-type_but_Non-functional,WT/Low_Functional_Score_(Z<0),,,,-0.571,-2.2440930836837936,,,,-0.6968191537362318,-0.6968191537362318,,,,,,,,,,,,,,,,,,,,,,,,,0.11380779720253516,-0.016795470430089034,-0.9242446804199611,-2.5866123971032646,-0.30769663383054474,-1.356322958261824,0.6478995822491412,-1.4160643804500694,-1.6176738276928617,-0.692454013979606,0.49114629161799445
SR786_HAEMATOPOIETIC_AND_LYMPHOID_TISSUE,Mutant_but_Functional,Missense_Mutation,P152L,P152L,,-0.8811,-0.4100009186824142,0.554782139,,,0.5662529142165028,0.5662529142165028,,,,,,,,,,,,,,,,,,,,,,,,,1.1593733719422328,1.1224127722398067,0.19681110275957728,1.7956227870523147,-0.0672732188420074,-0.12470349833492132,-0.2846105810024655,1.2359128601155982,0.17177187986375442,-0.059735445034006865,1.0832000256216494
ST486_HAEMATOPOIETIC_AND_LYMPHOID_TISSUE,Mutant_and_Non-functional,Missense_Mutation,"R158H, N239D","N239D, R158H","N239D, R158H",0.0279,1.3177293355089028,1.17671171750612,,,-0.058358766286024426,-0.058358766286024426,,,,,,,,,,,,,,,,,,,,,,,,,-0.05230642326429446,-0.6924454524447062,-0.12931448873157653,1.2486578109314939,-1.0023839972744886,0.20427665790598787,0.7868435373907123,-0.012476168030986435,0.9819155068921016,0.885446406304428,-2.8601598188249397
SU8686_PANCREAS,Mutant_and_Non-functional,Missense_Mutation,G245S,G245S,"G245S, G360V",-0.7639,-0.23305424442003758,1.511718422,1.2021908247337683,,-0.3413914691163656,-1.5435822938501338,-2.154144731,-0.118377003,-0.856352702,0.138291262,0.535269928,0.783505316,,-2.212343458,-1.86948565,0.32496269,0.379835776,0.775983031,,,,,,,,,,,,,-1.0617499061307654,0.3029331727085028,0.23132083250527288,-0.8121391250703456,-1.0356123775121753,-0.9268224314871583,-1.873516292794402,0.2711180390445234,-0.19288954525695348,-0.027418858266896207,1.3694703319803752
SUDHL1_HAEMATOPOIETIC_AND_LYMPHOID_TISSUE,Mutant_but_Functional,Missense_Mutation,,,R273H,-0.0385,0.44549658721917473,,,,0.8536063941946346,0.8536063941946346,,,,,,,,,,,,,,,,,,,,,,,,,0.9512806893244167,0.7275541268889651,2.0632862070373976,0.9551919968528321,0.006048931434316518,0.9846490351420041,-0.0033317087296081075,0.8907690932805288,0.1816759215650273,1.4165034670395897,1.2160425763055107
SUDHL10_HAEMATOPOIETIC_AND_LYMPHOID_TISSUE,Mutant_and_Non-functional,Splice_Site_Mutation,X332_splice,I332_splice,?,-0.0076,0.07543994201136506,0.18465322,,,-0.06295177645302862,-0.06295177645302862,0.410954279,1.113694014,-1.097857625,0.20468532,-1.101816722,-0.842891772,-0.321003593,1.771695951,4.564838954,0.270683469,0.331020108,-0.144467453,,,,,,,,,,,,,-0.4000397767545077,-1.4949076158674224,-0.11367224649950253,1.6747758656501261,-0.03896933491769691,-0.4793126601300404,-0.6817531664836712,0.6432125812426381,-0.9565161421412989,0.9280479164853069,0.2266650384327539
SUDHL4_HAEMATOPOIETIC_AND_LYMPHOID_TISSUE,Mutant_but_Functional,Missense_Mutation,R273C,R273C,,-0.0546,1.43444290829387,0.931262836,,,0.336316434844141,0.336316434844141,-0.535665837,0.826659474,-0.264150958,1.616499345,-0.254649125,-1.101024903,-0.082824311,-1.606205693,1.365888499,0.482613936,-2.899246805,0.195223078,,,,,,,,,,,,,0.3403707826916694,-1.0121231233741579,1.295478867529431,0.9826095446515559,0.22777451094275109,-0.4982894934073185,0.19798665777544813,1.8318156053207995,-0.9159347319627374,0.9842625930628324,0.2655295700552777
SUDHL5_HAEMATOPOIETIC_AND_LYMPHOID_TISSUE,Wild-type_and_Functional,WT/High_Functional_Score_(Z>0),,,,0.0564,1.062839233246875,,,,0.5009875573584115,0.5009875573584115,,,,,,,,,,,,,,,,,,,,,,,,,1.5877317195387446,-1.3612821491709473,1.152406671026484,0.6021753088657572,0.1899523576766872,0.7885550912767895,-0.2718380305732054,2.1520098764399496,0.3208482569441748,0.3328144998802352,0.01748952903785768
SUDHL6_HAEMATOPOIETIC_AND_LYMPHOID_TISSUE,Mutant_but_Functional,Missense_Mutation,"Y234C, X225_splice","V225_splice, Y234C","?, Y234C",-0.0826,0.9564262360243189,0.815369290506121,,,0.1244811788513309,0.1244811788513309,,,,,,,,,,,,,,,,,,,,,,,,,1.0318331103715856,-1.099859038356333,0.17823337412437187,0.7211654889325846,-0.44625018377830167,-1.2506380830694326,1.0078577597190246,2.8962324725832818,-1.2866445977029277,0.5705946201238753,-0.953231955583089
SUDHL8_HAEMATOPOIETIC_AND_LYMPHOID_TISSUE,Mutant_and_Non-functional,Missense_Mutation,"R249G, Y234N","R249G, Y234N","R249G, Y234N",-0.0726,2.285038339744516,1.408317803,,,-0.40093753552122374,-0.40093753552122374,,,,,,,,,,,,,,,,,,,,,,,,,0.010271763923320482,-1.2298982460526033,-0.5221319942820524,0.9456071479565104,-1.0090161961264972,-0.8353611101087127,-0.7632458522326038,-0.5957585987267615,0.1853542330476077,-0.5769313526404669,-0.01920268549120203
SUIT2_PANCREAS,Wild-type_but_Non-functional,WT/Low_Functional_Score_(Z<0),,,,-0.3427,-0.777619853554969,0.481515717506121,0.8764603913962226,,-0.20779221747010992,-1.0842526088663325,,,,,,,,,,,,,-0.195694658260432,0.0698614338337738,0.000147780521445687,0.202528271207995,-0.168739337739139,0.0200774492294108,0.0417093108101763,-0.504727509756705,-0.917355035645022,0.165503258076721,-0.122038308675409,-0.130308704239381,0.12174214545179296,-0.958481548186487,-0.8234899127053604,-1.18169867992324,-1.078232235054739,0.4419890105074138,-0.68690865620559,1.0715419295586823,-0.4086814311629852,1.3453051710724677,-0.12880018552316333
SUPB15_HAEMATOPOIETIC_AND_LYMPHOID_TISSUE,Wild-type_and_Functional,WT/High_Functional_Score_(Z>0),,,,0.0573,0.7226614759022585,-0.526458141493879,,,0.35650371080116383,0.35650371080116383,,,,,,,,,,,,,,,,,,,,,,,,,3.1906115374217623,0.8961993217006414,-0.3341005891346875,0.6358769328595902,-0.5421492965370729,-0.15975439880500134,1.353035551476793,-0.0596512827688587,0.6405121491423861,0.4664793484593947,-2.1655184550021445
SUPHD1_HAEMATOPOIETIC_AND_LYMPHOID_TISSUE,Wild-type_and_Functional,WT/High_Functional_Score_(Z>0),,,,-0.0856,0.5603332896321228,,,,0.7514826188551986,0.7514826188551986,,,,,,,,,,,,,,,,,,,,,,,,,0.8772295282703001,1.1512939900257222,1.8116697030529596,0.9760751213101062,-0.0722110150193919,1.1528159503027997,-0.039830033287290414,0.4235692600548231,0.6778110155295296,1.2343245825099658,0.07356070465766143
SUPM2_HAEMATOPOIETIC_AND_LYMPHOID_TISSUE,Wild-type_and_Functional,WT/High_Functional_Score_(Z>0),,,,-0.0939,0.5448829815755976,,,,1.5366254920745464,1.5366254920745464,,,,,,,,,,,,,0.270625835891702,-0.149304302030557,0.0867167093404078,0.218039597889986,0.015098098329817,0.325786840349175,0.174112639422255,-1.02163219890184,-0.976860470020674,-0.321567183119738,-0.739668528791927,-0.790854348331561,2.6578729205797207,1.810426549030935,1.4183066296959839,1.1052651334805716,1.0949584505981704,1.5035426624599275,1.3799221318037724,2.8139820782948166,0.03985498702193726,1.9794855565438794,1.0992633133102934
SUPT1_HAEMATOPOIETIC_AND_LYMPHOID_TISSUE,Mutant_and_Non-functional,Missense_Mutation,,,"R248Q, R273H",0.0573,1.1357106689453347,0.00987379850612058,,,-1.042358098797832,-1.042358098797832,-0.61405596,-0.928804179,-0.734016602,0.110260854,-1.639462108,-1.300167487,0.103886708,-0.74985299,3.221517308,0.675421965,3.789251832,0.428374306,-0.155680684828258,-0.301443890187144,0.0249297114354907,0.174502182872115,0.0156771418282888,0.157619538230196,0.160816237769635,-0.300100029163098,-0.451640544412483,0.358671005942449,0.196156855660533,0.0736584537806609,0.016616854042299543,-0.9132121583500571,-1.7124322540656494,0.26762716525059493,-0.0829271587794699,-0.8763143016172305,-2.664389678147898,-2.5272573632115156,-1.6686508552795936,-0.37634924220549704,-0.9286500944121344
SUPT11_HAEMATOPOIETIC_AND_LYMPHOID_TISSUE,Mutant_and_Non-functional,Nonsense_Mutation,R213*,R213*,,-0.8563,-1.2664113165637665,-0.292981801,,,-0.3488789766628002,-0.3488789766628002,,,,,,,,,,,,,,,,,,,,,,,,,-0.26621138113660303,-2.452710620704269,-0.1536929216711967,0.9151763638529157,-0.2743334816375767,-0.11932128621995022,0.40414596775450845,-1.2361261961231236,0.9496094021473312,-0.9430902884904515,-0.6611143010623863
SW1088_CENTRAL_NERVOUS_SYSTEM,Mutant_and_Non-functional,Missense_Mutation,R273C,R273C,R273C,-0.1311,-0.06369612356121511,1.60687373850612,0.8806151163112415,-0.0816713633243961,-0.4925312668182235,-1.2914750198050688,,,,,,,,,,,,,,,,,,,,,,,,,-1.3181101035931446,-0.9020625944127022,-0.6854494146551204,-0.5640378466074434,-1.2552427851105434,0.11160585065900816,-0.11493315588171783,-0.3841937030742288,-1.0225583086507226,0.3635779065886711,0.3535602197374863
SW1116_LARGE_INTESTINE,Mutant_and_Non-functional,Missense_Mutation,A159D,A159D,A159D,-0.418,1.4668383572594275,1.47796272050612,,0.5573881190945218,-0.5561194745890848,-1.1135075936836065,,,,,,,,,,,,,,,,,,,,,,,,,-1.6583592455299603,-0.6171558586728871,-1.363217538213766,0.13228006456794691,0.4019043104544137,-1.233427099160212,-0.7001930292751848,-2.839493641636522,1.2752447303916299,0.42857653425434844,0.056526552340259203
SW1271_LUNG,Mutant_and_Non-functional,Missense_Mutation,C277F,C277F,,0.0614,1.469931306363614,2.386200413,0.14605975133575408,,-0.05823510874993994,-0.20429486008569403,-2.928544123,-3.130853985,-0.159907932,-3.268630564,0.243365699,1.25542969,-0.28133344,-0.614847779,-0.981064261,0.208327689,-0.667107861,0.612868231,,,,,,,,,,,,,-0.15321788401275385,0.29890515456241756,-0.20477812251623423,1.3802324703763436,-0.6824699550826978,-0.03228668312033461,0.9391968073170787,-0.3985115970226864,-0.9609009258146672,-0.4204125689121908,-0.40634289202361423
SW1353_BONE,Mutant_but_Functional,Missense_Mutation,V203L,,,-0.0352,-0.8760667021511975,-0.325078768,-1.1302717425583044,,0.2794604549231061,1.4097321974814105,,,,,,,,,,,,,,,,,,,,,,,,,-0.833310126213794,1.0662911563526718,0.49160167962794993,-0.1380603853949081,-0.24351769673094786,1.4202453706940763,0.9624414462439846,0.000529531570088201,0.22144251590883882,0.003644742906660275,0.12275676918954713
SW1417_LARGE_INTESTINE,Mutant_and_Non-functional,Frame_Shift_Del,C238Hfs21,C238fs,,-0.5696,-0.8030531129571036,-0.393857020493879,-0.1755159570867714,0.44452082075193783,-0.2419698147543915,-0.510974678419558,-2.45582793,0.987398816,1.793075076,-1.414585393,1.411022206,-0.387318469,,1.601454776,1.320358882,2.165230203,0.308809574,2.000135854,,,,,,,,,,,,,-0.5624408288036575,-0.12284193792177205,-0.8454657945086894,-0.01819489737076637,0.18537631780032154,-0.5066349459001944,0.7135761812257508,0.5264754574620241,-1.5333627738467543,-0.09638527364549894,-0.4017694667890699
SW1463_LARGE_INTESTINE,Mutant_and_Non-functional,Missense_Mutation,R248Q,R248Q,R248Q,-0.4113,0.6558226791746896,1.92263417850612,0.1020196672365458,0.4133506589145798,-0.14591525982791634,-0.6612855859790419,,,,,,,,,,,,,-0.403725920810286,-0.24420216929718,0.0117760750879642,0.0528339028869447,0.205908113696204,-0.22406830246392,-0.168793260706864,-0.668050549407318,-0.456421704795054,0.0305800241299767,0.182850754398575,0.00197304546585052,-0.316552280721073,-0.14050138114071778,-0.09388258359081361,-0.46052474392473064,-0.02191802260178967,-0.804325702722162,-0.2862457830996385,-0.052262989775414104,0.05277921972387824,0.6025457527595346,-0.08417934301415375
SW1573_LUNG,Wild-type_and_Functional,WT/High_Functional_Score_(Z>0),,,,0.24,0.06708842414297132,-0.0113312024938794,,-0.2585869394149795,1.0211518417723395,1.279738781187319,7.086783805,1.622042081,1.561071986,-0.921281895,1.930059835,2.865594479,0.117743548,-0.011283427,-0.77717076,0.351963732,-4.279783963,-0.544771761,,,,,,,,,,,,,0.08854043022374306,0.3043458310760965,0.4519212934933044,2.2924802376000684,0.8647413512494024,1.0694823739608919,1.4505273526510158,1.7085887222658587,0.38698175445925176,2.269825812050508,0.3452351004655944
SW1710_URINARY_TRACT,Mutant_but_Functional,Missense_Mutation,R273C,R273C,,-0.2112,-0.03391385565208131,1.84545277,-1.3172343637341917,0.6557378078142274,-0.5309436651019883,0.13055289081797605,,,,,,,,,,,,,,,,,,,,,,,,,-1.0608266665810948,-1.1571797147822849,-0.06757137208345132,-0.9987348263626428,-0.6685015512438544,-0.32117238281938193,-1.30866027827699,-0.5633475030706152,-0.6110646718763084,0.4836165368379163,0.43306211413683604
SW1783_CENTRAL_NERVOUS_SYSTEM,Mutant_and_Non-functional,Missense_Mutation,R273Y,R273Y,,0.1519,-0.09539857423556548,1.98595752150612,-0.4630229212061363,0.714377564330173,-0.35327090706557496,-0.6046255501896116,-1.989050382,0.549126767,-0.960872866,-1.181790484,-0.010665808,0.078112986,,1.103004451,0.420060202,-1.154472714,-3.078593903,-0.263913413,,,,,,,,,,,,,-1.2099110216033557,-0.47919775419951416,0.4347078791412114,-1.0830419490575909,-0.8908052315078381,0.3409606559088733,0.0640962662197105,-0.28384277638339783,-0.6168328516647176,-0.06024447043139027,-0.10186872414331506
SW1990_PANCREAS,Mutant_and_Non-functional,In_Frame_Del,,,P191delP,-0.3212,0.2584048177802332,1.96982980550612,0.8905864561072891,0.6965863760668388,1.5105312412416816,-0.07664159093244638,,,,,,,,,,,,,,,,,,,,,,,,,1.8670038748203581,0.9684833755692426,1.6311104451135674,1.1538533421329096,1.8911929357162993,1.2838758390170082,1.2601896093440699,2.4287854902227144,1.2079830263361317,2.1498002337345286,0.773565481651664
SW403_LARGE_INTESTINE,Mutant_and_Non-functional,Nonsense_Mutation,E51*,E51*,,-0.5688,-0.5336700175856984,-0.396877606493879,0.4817615244693491,,0.04646298601199164,-0.43529853845735744,,,,,,,,,,,,,-0.0975616700873429,-0.257385786081645,-0.14912517641107,0.444821730559581,0.133978517486719,0.166935400295543,-0.165483262134877,-0.94035266273658,-1.00132909221138,0.176084507268285,-0.144304556806552,-0.174994217664274,-1.1981872572920174,-0.5686867490888965,0.12790612565884063,0.21188410772022184,-0.015672406463614497,-0.27653025941183934,-0.15193453524007228,-0.40842793243798414,3.018841377708337,-0.2477746476001577,0.019675022579089978
SW48_LARGE_INTESTINE,Wild-type_and_Functional,WT/High_Functional_Score_(Z>0),,,,-0.0017,1.2465515254419959,-0.477460196493879,-3.095290438366032,-0.24563495435927202,0.5968820426725265,3.93780743539783,1.494559154,-1.89680342,-0.814386273,1.092314889,-0.844079501,-0.684527888,,-1.857608358,-2.19690298,-0.177486323,-4.7746711,0.284421536,0.114586053885945,-0.485574591541102,-0.100419808758904,0.316767907720279,-0.0516170995950474,0.209908786920529,-0.0353392395729346,-0.910043362420112,-1.12120848969677,-0.298524245417219,-0.314857884394777,-0.738721206099235,0.6849403182624157,1.1872852241746505,-0.174440288992741,1.0868618970598778,1.9003733885122487,0.48721168713185375,-0.9041965466770732,0.2772904839634969,0.5886504643636415,-0.14748359238267275,1.5792094339820946
SW480_LARGE_INTESTINE,Wild-type_but_Non-functional,WT/Low_Functional_Score_(Z<0),,,,0.2585,0.7251713735595143,2.36150473750612,,,-0.16293757958457084,-0.16293757958457084,-1.054307557,2.380209175,0.386764195,-0.334108204,0.240792285,0.092365735,,0.985815177,1.305710223,1.189708678,1.232071017,-0.057446499,,,,,,,,,,,,,-1.2280717406654809,0.05015773989929044,-0.9925464537520073,0.8698662515298382,0.9001571157876116,-0.21542703333356397,0.14323478701909348,-0.38072209552309255,-1.041982264588314,0.11227598348124686,-0.009255665284901146
SW579_THYROID,Mutant_and_Non-functional,Missense_Mutation,I255S,I255S,,-0.1816,0.9543661209118375,1.05573321050612,0.2158591299080866,,-0.5302316748776108,-0.7460908047856973,,,,,,,,,,,,,,,,,,,,,,,,,-1.311611599539046,-1.398404480913172,0.36373985040750423,0.00632188892796404,-1.461336591121528,0.22777696833157907,1.5842106039947115,-0.6690718289605049,-0.6911342063716408,-2.033213858750045,-0.44982516965954084
SW620_LARGE_INTESTINE,Mutant_and_Non-functional,Missense_Mutation,,,"P309S, R273H",0.3717,1.4028837216893337,1.81113284650612,0.7509876989626271,0.6750946206447325,-0.3261838976295832,-1.7522662172369428,-1.843751518,-1.399540824,0.104084663,-1.007986121,1.089939431,0.40976655,-0.075816709,0.102857343,2.544511705,1.408646747,1.67826126,0.511119435,-0.26169115878829,-0.450027382286355,-0.02986183584562,0.0426460411017775,-0.087561859642662,-0.0354781263748627,0.141962781051053,-0.609409908385995,-0.462030300092253,0.166953783232539,0.026303571398358,-0.114360486026621,-0.6997995822219446,-1.7432806275181765,-0.5458093212706289,0.3793382299210959,0.283165784563436,-0.8224800856088389,1.0229702273583825,-0.5868277181246221,-0.6309434920381333,-0.19674158852931473,-0.0476147004566708
SW780_URINARY_TRACT,Wild-type_and_Functional,WT/High_Functional_Score_(Z>0),,,,0.052,0.7199927661366015,0.0194073295061206,,-2.755331135538068,0.9097969665986508,3.665128102136719,,,,,,,,,,,,,,,,,,,,,,,,,0.48907573678456323,0.8697502064651181,0.20858778785616564,1.6072637710770952,1.3419218520482619,0.22855103928743867,1.7404535067916338,0.40805751011592806,1.1638352299270156,0.781866263903862,1.1684037283280793
SW837_LARGE_INTESTINE,Mutant_and_Non-functional,Missense_Mutation,R248W,R248W,R248W,-0.9171,0.5089125943097254,2.51113103550612,,0.5781682269860949,-0.49027967260523864,-1.0684478995913336,-2.36041369,-1.44546635,-0.073678797,-1.274829265,0.334662478,-0.592676836,-0.293408686,2.471664318,0.456087986,0.314154355,0.492511679,1.703995391,-0.202756206239327,-0.309219751360124,-0.039310256609938,0.147508518613292,0.0257737348611474,0.116039109647346,-0.0150090806871274,-0.300456657011142,-0.857149207225622,0.213535083990431,-0.0638001743209692,-0.0617104310724405,-0.8980618305899858,-0.8897606944615752,-1.451136066567925,-0.8497147804483163,0.3452761494809815,0.07026562367255745,-0.3379332938937293,-0.5160676641230558,-1.3874677601299197,0.6076360067333525,-0.08611208833001004
SW900_LUNG,Mutant_and_Non-functional,Nonsense_Mutation,Q167*,Q167*,,0.4868,0.05151484235195214,-1.02497147449388,,-0.11341084318618139,-0.24240246213644434,-0.12899161895026295,,,,,,,,,,,,,,,,,,,,,,,,,-0.3029113015439021,0.5733195037755748,-1.2387886016455039,-1.292135332490085,0.05306129072993613,0.11974569055423266,-0.19118048155218553,-0.7404141495679325,-0.5565158856469254,0.40462623671087083,0.5047659471750328
SW948_LARGE_INTESTINE,Mutant_and_Non-functional,Frame_Shift_Del,,,T118fs5,0.0616,-0.13579348905299127,-0.35855259849388,-0.31179093429941807,0.594393790682255,-0.019802090968528294,-0.30240494735136514,,,,,,,,,,,,,,,,,,,,,,,,,-0.5944969920730614,-0.7345466767582817,-0.4694906224578396,-0.4525281481198688,0.40499076556187935,-0.010407083758576099,-1.196504265266187,-0.17212298948890595,1.2182264254015471,1.2042137724648407,0.5848428138406422
T173_BONE,Wild-type_and_Functional,WT/High_Functional_Score_(Z>0),,,,-0.0508,-0.7672937347863112,-0.38437665149388,,,0.33118134065372734,0.33118134065372734,,,,,,,,,,,,,,,,,,,,,,,,,-0.4303027424110199,1.4550956382441138,1.164492063810976,0.27131434332985455,-0.8350202819125161,1.1539528670192205,-0.17069004025945775,0.12469055457544087,0.3754498718925142,-0.17904316702034695,0.713055639922221
T24_URINARY_TRACT,Mutant_and_Non-functional,Nonsense_Mutation,,,Y126*,0.0164,-0.10662647924214182,-0.525494906493879,0.8041681778748795,0.33962397475132705,0.09265917824746156,-1.051132974378745,,,,,,,,,,,,,-0.264191914130041,-0.350907650546566,-0.0405015439963246,0.309415385923629,-0.0681565791546764,0.104601773556687,0.294686964971701,-0.859932512398106,-0.23900831428125,0.119287964565999,-0.135329461021297,-0.102553123616826,1.3143196091201628,-0.2586100578381665,-0.9432613898082987,0.2054784861714551,0.6264485744749525,0.14404426165305534,0.8655118827881597,-0.45850914399468085,-1.3042535737536665,0.6064482808061269,0.22163403110297739
T3M4_PANCREAS,Mutant_and_Non-functional,Missense_Mutation,Y220C,Y220C,,-0.3605,-0.8528290479120699,-0.205016826493879,,,-0.7198525420065853,-0.7198525420065853,,,,,,,,,,,,,-0.172312568732916,-0.271939654982366,-0.237332803347427,0.240498540107375,0.151417721155136,0.112714643102165,0.0398194970612354,-0.860890568719322,-0.69653257827991,0.107156718187439,-0.0189907257011141,-0.0380295682145431,-0.04396695198876302,0.2868198865001367,-1.248283534266285,0.6111324757864697,0.3084559193035239,-1.6788928393995095,-2.0673271965879056,-2.2104226447391357,-0.9032880738858216,-1.7428344474436168,0.7702294446484678
T47D_BREAST,Mutant_and_Non-functional,Missense_Mutation,L194F,L194F,L194F,-0.4412,-0.3480975136313254,0.865771797506121,0.10617439215156617,0.18804305074773142,0.05986009127207337,-0.2343573516272242,-0.739559338,-0.236714415,-0.049409532,-0.244355473,1.766945035,-0.10804376,0.574860899,0.339492576,-0.565359066,0.604554127,2.948339609,-0.104718118,,,,,,,,,,,,,0.271898560727253,-0.41650982551352594,-0.44618042865308766,0.9651904627735429,1.2167054057277666,-0.15987534739185433,-1.0220889187874778,0.39338564833872786,-0.4683250548645898,0.6602483497294063,-0.33598784809335414
T84_LARGE_INTESTINE,Mutant_and_Non-functional,Splice_Site_Mutation,X187_splice,G187_splice,?,-0.3627,-1.2536274971245298,-0.72392344949388,0.10368155720255424,0.6967287055729464,-0.17767372112245294,-0.9780839838979536,,,,,,,,,,,,,-0.263948988989792,-0.175767774319821,-0.0181636664996968,0.309892763346031,0.0375979168065388,0.0772775271985265,-0.212542642598364,-0.442853423842264,-0.553870598574499,0.100364310789645,-0.0312609840592509,0.119466470018897,-0.5336219751591675,0.038815816553633,-0.9759220315614885,0.014486289885263876,-0.03415833077718869,0.2717780642287999,0.4001905760864794,-0.946314512718475,0.020632496537992824,-0.4192639987847646,0.20896667336193261
T98G_CENTRAL_NERVOUS_SYSTEM,Mutant_and_Non-functional,Missense_Mutation,M237I,M237I,M237I,0.2376,1.225234053968088,1.32608716950612,0.9994402488808061,0.5872773153769226,-0.15847253137176678,-1.7451900956294955,0.557836781,2.207196632,0.020971337,-1.35005211,-0.315737994,2.424155153,,1.525836021,1.242364669,-0.496074866,0.505972609,0.748269351,-0.0993495626462038,0.00169604325420567,0.109324839495669,0.163466159114934,0.090479916963537,-0.00787514471153949,0.0797990653142643,-0.560384665728244,-0.176764922150254,-0.0250183654315462,-0.0456884916087618,0.0535164644607314,-0.41043242255094786,0.3401082970959084,0.11461827300560949,-0.5676134569367046,-0.3081053829843923,0.07920372424101559,1.056376792454854,-0.031179911881152354,-1.5451256701336733,-0.6533504219140684,0.18230233451411676
TALL1_HAEMATOPOIETIC_AND_LYMPHOID_TISSUE,Mutant_and_Non-functional,Missense_Mutation,,,G245S,0.0874,0.8774999498712728,2.69540063650612,,,-0.5506272452240594,-0.5506272452240594,,,,,,,,,,,,,,,,,,,,,,,,,-0.4802633224198046,-2.3517286062778497,-1.1339432596827514,0.7628446605788395,0.6001937562654812,-1.4102781228570707,0.43677657904079353,-2.056038214818008,-0.24550874014140892,0.22590611449678907,-0.404860541649663
TC71_BONE,Mutant_and_Non-functional,Nonsense_Mutation,R213*,R213*,R213*,-0.6954,-0.48230151924997783,-0.786333574493879,,,-0.40071001927103733,-0.40071001927103733,-1.729729522,0.014862451,-1.891656593,-0.538833115,-1.0234266,-0.783109406,,2.778494343,1.819996936,0.947807845,1.277600633,-1.856420629,,,,,,,,,,,,,-0.8593960070619956,-0.8128278537570062,-1.0497726479385083,-0.4795166589612769,0.07408216912344345,-1.0200254125162915,-0.3563742526652009,-0.5912439380471384,0.5443862656924189,-0.08877599655130468,0.23165412070144842
TCCPAN2_PANCREAS,Mutant_and_Non-functional,Splice_Site_Mutation,X331_splice,Q331_splice,,-0.5618,-3.336064040143747,-0.33310146849388,0.4169478157950404,,0.21566647311128004,-0.20128134268376038,,,,,,,,,,,,,-0.0622292353879329,-0.313046598783758,-0.0475214728339807,0.148893704099579,-0.0781431519315468,0.138168274561085,0.0938715952994125,-0.549914740913208,-0.622618064335168,0.0467920605126422,-0.0756798979234434,-0.141198339499255,-0.4124369088169989,0.2519324434038937,0.21269099464397612,0.09721604414728871,0.19541328183838858,0.989196702007687,1.6027348572429827,-0.12050337929190157,-1.3069379889982566,0.669972040012726,0.19305311803429448
TCCSUP_URINARY_TRACT,Mutant_and_Non-functional,Nonsense_Mutation,,,E349*,-0.0894,-0.7802907844689965,-0.132711852,0.1560310911318018,0.5980943578410288,-0.4103678058830504,-1.164493254855881,-1.389247172,0.690862444,-0.642165549,0.449357521,-0.098146017,1.629564365,,1.015904315,3.054047501,-0.55902451,0.625537341,0.64058191,-0.172407523005481,-0.171849302038979,0.0937049680720602,0.0590454640421852,-0.0696477721798727,0.0747302692710611,0.0971577555581076,-0.590561050926531,-0.363356213130287,0.0406646392280281,0.0366772085656111,-0.143545818545531,-1.393507081503249,0.6909985575674155,-0.29603400994140994,-1.2831028800144946,-1.1928203167176081,0.41443692242223873,0.4479818781302687,0.011731880280347162,-1.209223662371538,-1.6169224472245813,0.9124152946590566
TE1_OESOPHAGUS,Mutant_and_Non-functional,Missense_Mutation,V272M,V272M,V272M,0.253,0.8100014720780362,0.44233831450612,0.8324203072970128,0.7138082463057457,0.2753683587706253,-1.2708601948321332,-2.013596784,-0.725702498,-0.877335917,-1.260576516,-0.513098984,0.298238784,0.453316618,1.67826126,0.237862554,-0.129106156,1.54167241,0.239683738,-0.134064556100259,-0.206702624407944,0.0365502246639006,0.215034924236278,-0.0362544610350303,-0.0323322878721138,0.0660341612000432,-0.522506499440581,-0.18057364221833,0.119096541157038,-0.0332227380589545,-0.131263658539125,3.239005825458221,0.9257832277982723,-0.06280969416594473,0.16169948248252053,0.5939924730073327,0.07291439772464488,0.06565694167974717,-0.48448703144973104,-0.3711005131407358,-0.9951283464227932,-0.11647481649465502
TE10_OESOPHAGUS,Mutant_and_Non-functional,Missense_Mutation,C242Y,C242Y,C242Y,-0.403,0.2798488947111887,0.361260297,0.21669007489109007,0.6607193405279601,-0.6095806931888125,-1.4869901086078627,-0.857936341,-0.135044802,0.119168823,-0.025401567,-0.001925309,-1.192480046,,0.373461629,1.508415994,0.414517466,2.930523672,0.475487561,,,,,,,,,,,,,-0.21887812959752745,0.3825402339568805,0.36750671582690775,0.12371021008016063,0.07303059320920725,-1.088579071544728,-1.5005543131241426,-1.860858469013162,-1.758741729140321,-1.1931392260043192,-0.03142443972589458
TE11_OESOPHAGUS,Mutant_and_Non-functional,Missense_Mutation,,,R110L,-0.3322,0.07147186044969281,0.573259005506121,0.11863856689662435,0.29066262465063486,-0.3399927187625924,-0.7492939103098516,-1.577700193,-0.760542552,-1.24117694,-0.340165623,-0.022527262,-0.20183477,0.669483319,-1.274829265,0.644541008,0.263913413,1.572949277,-0.329159333,,,,,,,,,,,,,-0.35529710783241775,0.7502640664968635,-1.4921744507158528,0.9512481222430839,0.46652657635427836,-1.1969369105065788,-0.2131735113671815,-0.911764948700513,-0.9939197705643383,-0.9913432857755947,0.24665131397973503
TE125T_SOFT_TISSUE,Mutant_and_Non-functional,Missense_Mutation,K291E,K291E,,-0.1095,-0.8523992557026185,-0.281021855493879,0.7759160484527449,,0.6686898572692161,-0.10722619118352872,,,,,,,,,,,,,,,,,,,,,,,,,-0.10500273200832132,1.5538542934528086,2.335043716439775,0.09117959393388628,-0.6103660723495105,1.6527085546260711,0.10369950199809648,1.371947514015306,0.7428798800473357,0.0016216932503992875,0.21802248655553014
TE14_OESOPHAGUS,Mutant_but_Functional,Nonsense_Mutation,R213*,R213*,,-0.1142,0.5846448691077846,-0.627180917,-0.36164763327965516,,0.379503093457806,0.7411507267374611,,,,,,,,,,,,,,,,,,,,,,,,,1.5650834132127984,-0.4564089290298519,0.1999842388150335,0.9315396338528811,0.9662858129507864,-0.480207679672753,-0.26932494852976174,0.11738708819184375,0.7932292308207048,0.12055090917201765,0.6864152582521661
TE15_OESOPHAGUS,Mutant_and_Non-functional,Nonsense_Mutation,,,R342*,0.6068,-0.3824664529229662,0.0493394795061206,0.5474061781266598,,-0.42741334993813956,-0.9748195280647993,1.00956976,-2.138704252,-0.243088562,-0.119168823,0.251481848,0.02867574,,-1.029761155,-2.135141065,-0.486968943,3.290801508,-0.262963229,,,,,,,,,,,,,-0.13739603847646117,-0.20002903286002743,-1.3150267680179697,0.6185249730425525,1.3318104087717488,-0.1836296498498385,-0.763114334637657,-2.2804328733993406,-0.7784215765196224,-0.9223768703969919,-0.07145508697592702
TE159T_SOFT_TISSUE,Wild-type_and_Functional,WT/High_Functional_Score_(Z>0),,,,-0.0243,-1.3459806251697115,,,,0.09941666039942045,0.09941666039942045,,,,,,,,,,,,,,,,,,,,,,,,,-1.2873492316322337,1.5677138798427714,1.4654260026219976,0.533173830182973,-0.7072387351536709,0.8806090607308172,-2.536371547206541,0.8822780543590764,-0.023560965373949933,-0.29715011114619333,0.6160530271685778
TE4_OESOPHAGUS,Mutant_and_Non-functional,Missense_Mutation,G245C,G245C,G245C,-0.1531,-0.3650715294691592,0.453467673,0.9055434658013607,,-0.5033805329487442,-1.408923998750105,-1.120424479,-1.207920525,0.153969286,1.396373546,-0.863479077,-0.54516767,0.073480842,-1.70557903,-2.016368152,-0.438272049,2.193735702,-0.309245074,,,,,,,,,,,,,-0.6354263601288016,0.326692290287865,-0.17571380689705823,1.0424180221453347,-0.9988444601331488,-0.1463653902403436,-0.3862188828985274,-0.6422938485434438,-0.9423096937521483,-2.872994822997278,-0.10612890927863572
TE441T_SOFT_TISSUE,Wild-type_and_Functional,WT/High_Functional_Score_(Z>0),,,,-0.0008,0.891664213022002,-0.23450015849388,-2.7373193396879327,,1.243835448712587,3.98115478840052,,,,,,,,,,,,,,,,,,,,,,,,,0.6593909268639719,0.9501309530307989,0.47658711671015513,1.0099654127185735,0.961949170626565,0.6773186759478323,0.6336047156583692,2.3757636228579946,2.1472785447802463,2.4131360393133887,1.3770647573305614
TE5_OESOPHAGUS,Mutant_and_Non-functional,Missense_Mutation,V272L,V272L,,-0.5331,0.24974789201106884,0.636410987506121,0.018925168936151635,0.4993176806030036,0.35046744669217844,-0.16777540284697678,,,,,,,,,,,,,-0.150479467866992,-0.663606618061353,-0.054021398030362,0.211912170088284,-0.0922822574046955,0.11798656577686,-0.01299440761144,-1.01794691502146,-0.954836998793959,0.210262028464336,0.165259615328126,-0.0262844387737393,0.8433241299626004,0.9975132622984838,0.9457414803491784,0.2866898305676282,0.5394133777487389,-0.2844523918507276,-2.482569891073679,1.794085567054632,0.2343166060978723,0.9294053175449914,0.051674624914245
TE6_OESOPHAGUS,Mutant_and_Non-functional,Missense_Mutation,R248Q,R248Q,R248Q,0.2949,0.4199122897279305,1.282067084,0.9346265402064988,0.5674935140280963,0.12559032371114018,-1.376529730523455,-2.024286346,-0.823096287,-1.111318555,-1.089939431,-0.246928886,-2.656158243,0.1047973,0.852789515,1.335403451,-0.328684241,3.462230412,0.691258353,,,,,,,,,,,,,2.130222685693523,-1.2395599069326821,0.29204150297479253,0.3536749262565135,0.7441683307829152,-0.7867034936176387,-1.4483242922508959,0.589885966427731,0.5568108640693153,0.6229981321876708,-0.43372115476870293
TE617T_SOFT_TISSUE,Wild-type_and_Functional,WT/High_Functional_Score_(Z>0),,,,-0.0285,-0.7125990667676335,-0.0592463614938794,-1.9238242013270717,,1.010132012801276,2.9339562141283477,,,,,,,,,,,,,,,,,,,,,,,,,0.8306569158825943,0.7311786150460259,0.02836013408280768,1.6515552607721247,2.137738721436538,0.9085239945765534,1.1855139189332173,-0.11658774109169114,1.8595894585808084,0.7714508211574344,1.1234720414376225
TE8_OESOPHAGUS,Mutant_and_Non-functional,Missense_Mutation,"Y220C, M237I","M237I, Y220C",M237I,-0.1194,-0.051799652895492806,0.114082246,0.4476927801661871,0.6883312647126536,0.15693642644033484,-0.9790876184385059,-2.491459804,-0.678589243,-1.179019116,-0.907029145,-0.412537918,-0.916530978,0.317955088,-1.061038022,-0.197044263,0.113942814,5.095357965,1.465261836,,,,,,,,,,,,,0.15317914110281078,0.703937003320779,0.8818760970384337,0.4299664049941621,0.7306441424019394,-0.3599364049058566,-0.0583520945756456,-0.07676426587387242,0.3316835167423025,-0.9544715742985787,-0.05546127510279056
TE9_OESOPHAGUS,Mutant_and_Non-functional,Frame_Shift_Del,N268Tfs77,R267fs,,0.2811,0.20953955365666077,-0.309448191493879,0.19674739529899613,0.627983554123428,-0.36858309954218993,-1.1933140489646141,-3.113829867,-1.639066198,-2.420591966,0.326269192,0.180574419,-0.352913915,,-1.317983424,0.756583455,0.238614782,0.876940007,-0.515078532,,,,,,,,,,,,,0.31380353117279347,0.8882537251949412,-0.80173194221114,0.7342252650667038,1.6225516425907036,-0.7666381230586816,-0.5532769159199148,-2.7393217933442564,-0.1862349174724981,-1.8536062050738604,-0.7124383619088799
TEN_ENDOMETRIUM,Mutant_and_Non-functional,Nonsense_Mutation,R342*,R342*,,-0.6895,-1.3267132736406237,-0.20771168949388,,,-0.9442355676547138,-0.9442355676547138,,,,,,,,,,,,,-0.107936434910589,-0.288492933657893,-0.0386058132418249,0.155420856755842,-0.159594491032696,0.0067250671571816,-0.0108851374996521,-0.342187322469032,-0.785080862857035,0.0614846896220204,-0.0664348327073582,-0.0118263155236618,0.030539857639121284,-1.5473228239756656,-1.9851064121269921,-3.262272133431136,-0.8678647394091705,-0.8183315490797696,-0.12570006298803868,-1.1424242095053454,-1.0805203673658896,0.2710396997313102,0.14137149630972098
TF1_HAEMATOPOIETIC_AND_LYMPHOID_TISSUE,Mutant_and_Non-functional,Splice_Site_Mutation,"X225_splice, I251Tfs94","I251fs, V225_splice",,-0.1405,0.2610602006556748,-0.0426195634938795,,,-0.2872288348958285,-0.2872288348958285,,,,,,,,,,,,,-0.196151369835245,-0.249961593792953,-0.112718114026866,-0.042962563229987,-0.0413843581273074,0.10153243449525,-0.076865299880379,-1.03997668155706,-0.820024251373889,0.00819068795841857,-0.00228011930338487,-0.150252336650391,-0.6902869995982249,-1.400985859218903,0.3713114788652863,-1.8234336567572802,1.123280067674491,-0.19518023989432517,-0.5720521485785431,0.1912888684840305,1.515883126845408,1.2578702701221904,-2.9372120917982434
TGBC11TKB_STOMACH,Mutant_and_Non-functional,Missense_Mutation,R273C,R273C,K382fs>12,-0.0133,0.27381181344355876,0.868624003,,0.6941667744630255,0.41613747538704565,-0.2780292990759799,,,,,,,,,,,,,,,,,,,,,,,,,0.5728333148355137,-0.16430358237304366,-0.48344563111178257,0.3859180060064478,0.916424622784645,-0.2494256810980195,0.32011718438301623,0.24265609333568747,0.8969767762326324,0.9464119865908512,1.193349139671555
THP1_HAEMATOPOIETIC_AND_LYMPHOID_TISSUE,Mutant_and_Non-functional,Frame_Shift_Del,R174Lfs3,R174fs,,-1.124,-1.3568909059594836,-0.766638366493879,,,-0.3649391760884253,-0.3649391760884253,-2.948339609,-1.994593118,0.88683775,-0.350578048,-1.327089347,0.669879229,,0.718576123,2.6054818,-0.325081463,3.918318398,1.335007541,-0.0308158073599859,-0.262692050634305,0.0216487926037008,0.0590574339586865,-0.103805372054879,0.0611775591728637,-0.124738773530775,-0.694306027161062,-0.373527556825946,0.0673151938894913,-0.107739916306389,-0.060351552092302,0.5691486244536943,-0.6411467784414336,-1.598296468717837,-0.9803261476126808,-1.165711647238821,-0.05630707246939454,-0.553078543547537,0.18858907835829025,1.0228882077517456,0.6224760548570216,-1.4225662443657263
TM31_CENTRAL_NERVOUS_SYSTEM,Mutant_and_Non-functional,Missense_Mutation,C238G,C238G,,0.5331,-0.5083500367503958,0.142426471,0.718580844625472,,-0.02171996445808675,-0.7403008090835588,,,,,,,,,,,,,,,,,,,,,,,,,-0.9884768385080621,-0.39577202494973446,0.3091712267516492,-0.004171828956160364,-0.22049031218742826,0.9858585210105384,-0.5956244855128596,-0.29104675476779296,-0.34046343775417665,0.273362943852694,1.0287333819823783
TO175T_HAEMATOPOIETIC_AND_LYMPHOID_TISSUE,Wild-type_and_Functional,WT/High_Functional_Score_(Z>0),,,,-0.035,-0.7466614875843168,-0.411265121493879,,,0.30370201459192614,0.30370201459192614,,,,,,,,,,,,,,,,,,,,,,,,,-0.9995520385188358,1.7037914738860882,1.0571920614858425,0.23924178989699427,-0.035990165379896154,0.9710786036970669,-0.31794152348184246,-0.008800348270960127,0.3346446112099014,-0.06867601932135418,0.46573371530818297
TOLEDO_HAEMATOPOIETIC_AND_LYMPHOID_TISSUE,Mutant_and_Non-functional,Frame_Shift_Del,E198Kfs9,E198fs,,-0.9193,-0.26296089663784816,-0.539399787493879,,,-0.17189329962020714,-0.17189329962020714,,,,,,,,,,,,,,,,,,,,,,,,,2.070169857234312,-0.6783637728577756,-0.9214047275979961,-0.3869916190712239,-0.0024647548460301635,-0.8454966016870159,0.378141651293631,0.08944352732096114,-0.1758088563957772,-0.5072340289989544,-0.9108169702164092
TOV112D_OVARY,Wild-type_but_Non-functional,WT/Low_Functional_Score_(Z<0),,,,0.3519,1.866482919894061,2.017736784,0.7908730581468164,,-0.4987700186171967,-1.2896430767640132,-1.218214177,-0.986211087,-0.103055297,-0.273336064,0.193322711,-1.462490468,,3.583378783,-1.131509951,-0.240713104,2.872324944,-0.5178499,,,,,,,,,,,,,-0.2837832479088389,-2.105338049475433,-0.3623777396263964,-1.7422495240074483,-0.3484474171511789,-1.0104946638722554,1.2085645694075777,-0.8972470315115524,-0.3308369706779288,-0.08758827062407903,0.4733281406583692
TOV21G_OVARY,Wild-type_and_Functional,WT/High_Functional_Score_(Z>0),,,,-0.0512,0.1386205073747734,-0.569500053,-0.31511471423143494,,1.1107697254747722,1.4258844397062072,4.841975751,3.60079881,1.589973394,2.020723159,0.605741856,-0.193560257,,-2.426530611,-6.659201319,-1.175851838,-8.460590498,-0.847246779,1.14080221213062,-0.14958683291693,0.159159316210367,0.635637437209974,0.411321295535361,0.509709235952438,0.0576455969734174,-1.11056623550191,-1.01134558344397,-0.724554097673856,-0.703057156146334,-1.09781041100362,1.0899384086364685,1.9048222258620529,0.9493038565328609,0.3647582298113686,1.7615024151435004,1.198377282970427,2.0148496249289365,0.42056576972098786,0.6444895248983795,1.0546386172341848,0.8152210244833266
TT_OESOPHAGUS,Mutant_and_Non-functional,Missense_Mutation,"E258*, H214R","E258*, H214R","E258*, H214R",0.0857,-0.7059200736212895,0.709631982,-0.15806611244368937,,-0.16465948620603327,-0.006593373762343896,1.038075259,3.503405022,-0.027919553,-1.179019116,1.224944642,-1.983507646,,2.632007751,4.877607624,0.583570912,5.348740179,0.837349036,,,,,,,,,,,,,-0.8476759173359294,0.2236980872244449,0.1796916429211938,1.2689041828643788,1.1890700616342609,-0.5782606990347038,-0.49886370297055,-1.2914561850693522,0.16724472726980902,-1.1633025065577856,-0.4603040392121322
TT2609C02_THYROID,Mutant_and_Non-functional,Missense_Mutation,R273C,R273C,R273C,-0.6877,0.2874785393595748,1.08651066,1.0526207277930586,,-0.2992424139443187,-1.3518631417373772,,,,,,,,,,,,,,,,,,,,,,,,,-0.6186886242133823,-0.7039044905089825,-0.3090352618511399,-0.5325929751501915,0.309025153483068,-0.4573483967574857,-0.5431127977904354,-0.12830638015570847,-0.767410817926318,0.11502994140041521,0.34467809608265465
TUHR10TKB_KIDNEY,Wild-type_and_Functional,WT/High_Functional_Score_(Z>0),,,,-0.8102,-0.5196656771175561,-0.542944237,0.22749235967014128,,1.2564267673754563,1.028934407705315,4.093706399,3.429765816,2.029037263,2.099905101,2.720691526,0.489740311,0.144625817,-0.11295304,-2.289941761,-0.622370064,0.69561336,-1.408646747,0.408108676265166,0.49661548368368,0.168438325445631,0.69523760874084,0.668465004151786,-0.133289829703054,0.312496041816589,-0.495025984884637,-1.03928341347164,0.396177423054813,0.10214695530996,-1.42497983653223,0.4561909545362504,1.6636447910682253,1.409031187451769,1.570518977967414,1.4746101619684724,1.4002283795698587,1.0649528356253484,2.0664313467676196,1.7455841876712075,-0.014719327198881724,0.9842209457027362
TUHR14TKB_KIDNEY,Mutant_but_Functional,Splice_Site_Mutation,X125_splice,,,0.0829,-0.5921428589804754,-0.25682955,0.8482082619740878,,1.5900465463761189,0.741838284402031,4.834057556,1.2273201,0.748269351,1.464865926,1.39201854,0.38529933,-0.091573916,2.986742851,1.863151094,-0.657210118,-5.261640043,-1.498122342,,,,,,,,,,,,,1.5758609718165142,1.5024512477832013,2.1101292431583816,2.4043473157095945,2.2879908317657667,1.4550059945557066,0.7213817504858484,2.037181875001936,1.2883981860097193,1.3373434917800855,0.7704211020705547
TUHR4TKB_KIDNEY,Wild-type_and_Functional,WT/High_Functional_Score_(Z>0),,,,0.247,-0.31873615333816674,-0.121582823,0.755142423877646,,1.6153054901200898,0.8601630662424439,2.721483345,3.503009112,2.920625929,1.440319524,3.851805566,-0.377381135,0.157294928,-0.320964002,-1.406667199,-0.648500105,-3.771435895,-0.592676836,2.74406189112197,0.758190731372663,0.696838001717894,1.06884542920444,0.88920781373939,0.377257548253171,0.085448658620584,-0.126288245802139,-0.632379438920876,-0.507456078138989,-0.181960121303115,-1.21482284286042,1.445711754702519,1.7850739431039344,1.5367635331407141,2.08112738046636,2.0570457865269582,1.9637036560018981,1.3339633082495757,1.3645110478854048,1.5210979481878,1.2400804850803604,1.4392815479754646
TYKNU_OVARY,Mutant_and_Non-functional,Missense_Mutation,R175H,R175H,R175H,-0.2293,0.07643168475823618,1.202927039,0.9520763848495809,0.5676358435342024,-0.32894765732868203,-1.8486598857124652,0.933159186,-0.595448204,-0.351607413,-0.268268419,-0.338502802,-1.611748429,,1.325109799,0.515474442,0.041332974,2.940421415,-0.638206452,,,,,,,,,,,,,0.46622624691495723,0.3833096715900884,-1.1277517361826548,-0.19113670158382431,-1.2501977033634932,0.24191585813472666,-0.5667410297026044,-0.09640738588493425,-1.7308741321898917,-0.5275558890944289,0.7807885707465575
U118MG_CENTRAL_NERVOUS_SYSTEM,Mutant_and_Non-functional,Missense_Mutation,,,R213Q,-0.0426,0.36094857454354806,0.0972457595061205,0.7277212394385162,0.6417895162157747,0.12140991379122541,-1.2481008418630655,3.859723761,-0.542792212,0.505972609,-0.416497015,-0.102896934,0.749061171,0.008246799,-0.571297711,0.879315465,0.24914598,1.102608542,-0.540416754,0.282232902880254,-0.196839723938749,-0.0287067048940518,0.118385114226844,-0.0643901015222931,0.307767733870103,-0.00892929303323999,-0.654330706822419,-0.684934645845017,-0.0422581813289766,-0.0945813332598375,-0.143264104321141,-0.6129507593106542,0.23662925123364456,1.0668725345328565,2.1607486576613164,-1.7083221590116329,1.3693864899222743,0.484434171529719,0.4727917330920823,-0.7604347408180445,-1.8205195542440429,0.4468734271159613
U138MG_CENTRAL_NERVOUS_SYSTEM,Mutant_but_Functional,Missense_Mutation,R213Q,R213Q,,-0.5215,-0.7941340916803672,,,,0.6131858712397448,0.6131858712397448,,,,,,,,,,,,,,,,,,,,,,,,,-0.4996963666324705,0.8282036083319466,1.9712423649510253,2.493138917721606,-0.16009030978131555,1.4638594311133664,0.3655028104192347,1.7114194176537088,-0.7528121834540694,-1.5004730986235422,0.8247499919377008
U251MG_CENTRAL_NERVOUS_SYSTEM,Mutant_and_Non-functional,Missense_Mutation,,,R273H,0.3718,0.6481974768230425,0.996964684506121,0.7302140743875282,,-0.20373866644896924,-0.9339527408364974,-0.263161184,-0.361386383,-0.509139887,-0.528539463,-0.17776346,-0.050597261,,-0.27440502,3.503009112,-0.307186344,2.191360244,0.897527312,-0.0612173365044957,-0.132372854208545,0.0889566529126153,0.0828249440545641,-0.16813859702987,0.194388496052837,0.0271001407260829,-0.5761625468078,-0.370692421738554,0.213213118614658,0.0269926946586704,-0.162585937167122,-0.9155078428166442,-0.1451762608932691,0.9196237046053357,-1.7488483482452395,-0.2594190141389606,0.9288433571679036,-0.7621498722747125,0.8753170361411573,-0.4584845867064686,-1.059069767493909,0.3837462637161454
U266B1_HAEMATOPOIETIC_AND_LYMPHOID_TISSUE,Mutant_and_Non-functional,Missense_Mutation,A161T,A161T,,-1.116,-1.7631078466187367,0.593390284506121,,,-0.4110889346619499,-0.4110889346619499,,,,,,,,,,,,,,,,,,,,,,,,,1.8097474057533818,0.20071932989453525,-1.102876686527712,0.1261021137935703,-1.872014225249786,-0.4942256208890476,0.15657943898637278,-1.177134001564129,0.14877706068552732,-0.7512138175440393,-1.5664392786201224
U2OS_BONE,Wild-type_and_Functional,WT/High_Functional_Score_(Z>0),,,,-0.4645,-0.5296708399468573,-0.691870204,-1.1909307263175928,-1.389252535926313,0.9738854550180084,3.554068717261914,2.681892374,0.272148335,0.826263564,-0.69561336,-0.343570446,-1.360741673,-0.003919902,-0.986606997,1.702807662,-0.211415785,-6.912583533,-0.871793181,0.283240168275916,-0.183181124426962,0.00650883003517543,0.324178254170772,-0.105956701840793,-0.0315057103133474,0.277851759522251,-0.936759961159497,-0.903133256632288,-0.582285196188587,-0.401680737729831,-0.949283896088364,0.7085550405149816,0.5418077559108291,0.3607072513557482,1.6773700426013403,2.217527265593571,1.5230395746606744,2.165048198258088,0.705346502092255,-0.20768785437881648,1.22541011208915,-0.20438388349972786
U87MG_CENTRAL_NERVOUS_SYSTEM,Wild-type_and_Functional,WT/High_Functional_Score_(Z>0),,,,0.0231,-1.4474171394709536,-0.707252475493879,-1.5166611596551387,0.6891852417492929,0.6471209608786426,1.4745968787844883,1.754275924,-1.197626872,-1.802180999,-0.133817482,0.155473743,0.593072745,,-0.697592909,1.085584424,-0.765293469,-1.55473743,-1.728541793,0.691099135540193,-0.103001768320654,-0.345870919642058,0.623234944688801,0.102848347512796,0.592488989714726,0.219789163226218,-0.849251075936213,-0.931912432283489,0.0998717699611161,-0.221480586547983,-0.931459327291016,-0.22670683352020513,0.998656496132052,1.1711549389470797,0.7935412117617028,0.3744250180986028,1.6472174887829318,1.3750603647105684,0.5092252856423212,-0.0531754916580002,0.061060197344677054,0.4678718934233379
U937_HAEMATOPOIETIC_AND_LYMPHOID_TISSUE,Mutant_and_Non-functional,Splice_Site_Mutation,X187_splice,G187_splice,,-0.2722,-0.8983103924950845,,,,-0.35757433151761375,-0.35757433151761375,-1.125571305,-1.768528674,0.592676836,-0.731641144,0.051547444,2.008054048,-0.213039015,1.332236173,1.011945218,-0.072847387,0.5871341,0.202389044,-0.163999247286331,-0.198456151736791,0.00689461238926152,0.0229898398087986,-0.131764417867678,0.0795329972009375,-0.0741531684943465,-0.56683961832654,-0.42091202259109,0.0973330876646434,0.0086389330430327,-0.0828043153134465,-0.9498119336263902,-1.9519547836170827,-2.5345587245712164,0.5530646366036637,-0.41453532806472965,0.4536605491387556,-0.18975789956684294,-0.44809222685707817,0.0670152163795622,1.4210194359496957,0.06063341153791138
UACC257_SKIN,Wild-type_and_Functional,WT/High_Functional_Score_(Z>0),,,,0.2046,-0.7981732499898546,-0.253450222493879,-0.44308024161404236,-0.7998660511386206,1.1276639798583785,2.3706102726110414,6.239537026,1.458135461,-0.602178669,1.417752671,1.057870745,3.841907824,-0.008230963,-0.183860469,-5.174539907,-0.241465332,-0.585550461,-2.430093799,0.822688413301475,-0.282626853900449,0.0426575903260571,0.264914069318079,0.0431328342863658,0.491818621088871,0.081728708349912,-0.60011397527137,-0.843628923910704,0.012367089492275,0.249168305887992,-1.20439368063581,2.0988692868574508,1.210210582047366,1.7722245979694533,0.19736397323244756,0.8860344335262738,1.9767419136646818,1.6647629389397747,0.32727534924728074,0.49685832667211893,1.4591049772204687,0.3148573990648484
UACC62_SKIN,Wild-type_and_Functional,WT/High_Functional_Score_(Z>0),,,,0.1731,-0.4921045575776773,-0.48839745049388,,-0.6610947826846233,1.026131619270199,1.6872264019548222,,,,,,,,,,,,,1.89031677254842,0.414576788477081,0.304628493319739,0.419126705405768,0.604634208296662,1.14444664551332,0.00593849387139736,-0.823756806110823,-1.03278082799287,-0.295852532306,-0.116926052179063,-1.22354978647392,0.5614310767355035,1.3773023381043008,1.6965951621017792,1.312143488900875,1.179130629932253,1.3967934397032267,0.892149675664697,0.3751070847798926,1.296282200762428,0.1375445262846118,1.0629681890026192
UACC812_BREAST,Wild-type_and_Functional,WT/High_Functional_Score_(Z>0),,,,-0.3505,-0.7529140202437649,-0.709309939493879,,,0.11560734566076782,0.11560734566076782,-0.894360034,-0.568130434,1.023822509,-0.91375961,0.290201817,0.597427752,0.106262166,-5.134948936,-2.93289913,-0.26260691,-8.413081333,-1.156452262,,,,,,,,,,,,,1.0830329442634605,-0.20471665566486447,-0.7242218370018136,-0.19168546978504125,0.13589816371761163,0.4148844321935961,-1.3570861527163973,0.8689110562345791,1.1834230444335738,0.013264017723852143,0.04997725886988944
UACC893_BREAST,Mutant_and_Non-functional,Nonsense_Mutation,R342*,R342*,R342*,-0.5707,-0.8150595304671026,0.00652361550612057,,0.6476250259661467,-0.5249792233317684,-1.172604249297915,,,,,,,,,,,,,,,,,,,,,,,,,-0.7421427469612093,-0.5388667931179862,1.9372292519206524,-0.06474858193164512,-0.08677081947779361,-0.9317692286894568,-2.8253266631044665,0.6792848352694563,0.6930704566897395,-3.306684461566587,-0.5880467056801553
UMUC1_URINARY_TRACT,Mutant_and_Non-functional,Missense_Mutation,P152S,P152S,,-0.3856,2.220580614068786,1.659440403,0.6878358802543268,,0.3524628485002121,-0.33537303175411476,,,,,,,,,,,,,,,,,,,,,,,,,-0.9185650977632145,1.4429169211317419,0.6478685638041454,1.471245449784692,1.1880548386816479,0.3409848456262452,0.20704164418754264,-0.026186661563257954,0.09399188832386517,-1.2073005735981486,0.6370395148870734
UMUC3_URINARY_TRACT,Mutant_and_Non-functional,Missense_Mutation,,,F113C,0.0999,0.4969328305801572,0.996676866506121,0.7925349481128234,0.6625696241073462,-0.1576314653159339,-1.6127360375361035,,,,,,,,,,,,,-0.100876262433252,-0.343976138414211,-0.0280833640290826,0.219853804165737,-0.25270244510043,0.428853367775755,0.0311390625219193,-0.370524137107499,-0.416341792036143,-0.0487204455193563,-0.0081076265803724,0.0388582985793171,-0.693076928466234,0.20689606938067479,-0.6710491089782173,-0.456418506491812,-0.9435631320549307,0.23894052289813486,0.23784306492410628,0.3268197989351412,-1.2368978524864662,0.8037152001914798,0.4528447536728503
UT7_HAEMATOPOIETIC_AND_LYMPHOID_TISSUE,Mutant_and_Non-functional,Splice_Site_Mutation,X307_splice,A307_splice,,-0.3516,-1.9130686787688707,,,,-0.34595402395837865,-0.34595402395837865,,,,,,,,,,,,,,,,,,,,,,,,,-0.8478587279532276,-0.9693550126576673,0.20926994499772184,-1.0674941213929883,-0.6842255371317595,0.10013992462531773,-1.695739575784842,0.2606267677180416,1.4816447445496603,1.3544676282253414,-1.9469702987377635
VCAP_PROSTATE,Mutant_and_Non-functional,Missense_Mutation,R248W,R248W,R248W,-0.8068,-0.38143695065381744,0.74032604050612,0.16350959597883757,,-0.5279546947074883,-0.691464290686326,-1.969254896,1.699244474,-0.607325495,-0.509535796,-0.536853566,-2.316071802,,2.963780087,-3.302282889,-0.793798968,2.926564575,0.811218995,,,,,,,,,,,,,-0.04504911735146166,-0.18402011831799509,-2.486624552837233,-2.2317507594942416,-1.4868297704521396,0.14046418348219858,-0.8829389194138226,1.2783492043651177,1.2573429578815918,-0.03526307015988246,-1.1311816794845055
VMCUB1_URINARY_TRACT,Mutant_and_Non-functional,Missense_Mutation,R175H,R175H,R175H,-0.2176,0.18651401908679688,1.044034595,0.61055799683496,0.23543877628124954,-0.4104123979845561,-1.2564091711007657,,,,,,,,,,,,,-0.244283286141634,-0.15820602533789,0.138003091286995,0.213306180316024,-0.159111844477806,0.00367460152044423,0.0226919870184773,-0.749082306043508,-0.548472786907196,0.0913239929140771,-0.0820511307657624,-0.0759773376175079,-0.892142992362596,0.5087965755605482,0.07636141618372662,0.4919037402867157,-0.1899795374953839,-3.2800537736544357,-1.5460922803745076,-0.20536035915948495,-0.4220999257778727,-0.553738067226428,1.4978688261896007
VMRCLCD_LUNG,Mutant_and_Non-functional,Missense_Mutation,R175H,R175H,R175H,-0.1626,-0.3274885884872095,,-0.18382540691681065,,-0.3626368866219899,-0.17881147970517924,,,,,,,,,,,,,,,,,,,,,,,,,-0.48983745434683523,-0.7282309773210338,0.6300361550087874,-1.612318448001619,0.425290791326151,0.47217777778599146,0.22984241123150415,0.9260286874401709,-1.0903160654232007,-0.9762291470533364,-1.775449483488469
VMRCLCP_LUNG,Mutant_and_Non-functional,Missense_Mutation,V157F,V157F,,-0.6414,0.3826569681304461,,,,-0.4423769120675539,-0.4423769120675539,,,,,,,,,,,,,,,,,,,,,,,,,-0.36949754261730006,0.0901533265257742,0.22127243674070568,0.11749507005578295,0.21039602197224602,-0.8735929584130316,-0.23854763935227025,-0.2788442898550202,-0.09518506805241195,-3.136407634982409,-0.5133877547651586
VMRCRCW_KIDNEY,Wild-type_but_Non-functional,WT/Low_Functional_Score_(Z<0),,,?,0.7527,3.2175430596081163,-0.21008573649388,0.7784088834017567,,-0.6070666682388975,-1.3854755516406543,,,,,,,,,,,,,,,,,,,,,,,,,-1.3471457577687018,-0.42573276130779286,-1.2584377275504917,-1.534432366788365,-1.4469550048408346,1.283029198909035,-0.44518918051280276,-0.7884469555831443,-2.056092203094639,0.29778311099375326,1.0438862969161098
VMRCRCZ_KIDNEY,Mutant_and_Non-functional,Frame_Shift_Del,,,D48fs74,-0.9458,-1.9664739701591962,-0.758169042493879,0.48093057948634416,0.6417895162157747,-0.6043834169267708,-1.7271035126288896,,,,,,,,,,,,,,,,,,,,,,,,,-0.695622497413634,-1.054198861583163,-1.355296935847918,-0.8553385206922076,-1.0464960995587544,-1.2697116752161939,0.37970561469354275,-0.2846491527979908,-1.7592297232391538,0.4844127047671545,0.80820756069384
WM115_SKIN,Wild-type_and_Functional,WT/High_Functional_Score_(Z>0),,,,-0.0038,-0.05655624212824971,-0.83823261949388,-2.06259201348873,-1.3697533935897004,1.1547423002539678,4.587087707332398,5.515022257,2.294692678,0.618806876,1.519501466,1.185749581,2.011221326,-0.146011501,1.671134885,-1.392810359,-0.657210118,0.697988818,-1.525440112,1.422274343869,0.136806186595903,0.24092327052657,0.890121727879432,0.416544647404971,0.89174655900558,-0.126851265156264,-0.610230952025383,-1.61832808814913,-0.324025471711303,-0.136190705239386,-1.4089768386405,1.480880291697578,1.8537468586797743,1.6414864973755257,1.3602582149068738,0.573203898905166,1.3579689433233235,1.4686351335152887,1.1854242713832193,0.4280842886112457,0.3518572705156217,1.0006196338800322
WM1799_SKIN,Wild-type_and_Functional,WT/High_Functional_Score_(Z>0),,,,0.2633,-0.21338042273937582,-0.488668211493879,-1.308093968921149,,0.8796335031055567,2.1877274720267055,1.158827721,2.829566696,-0.059426047,0.618015057,-0.135717849,-1.538109223,0.203497591,0.906633235,-1.333819812,0.34618345,1.058266654,-1.363117131,0.718321961377327,0.0585551123963866,0.0059154596803069,0.518274334512518,0.0813803174917157,0.377968238549134,0.0566807861053743,-0.766705925848653,-1.15982145460454,-0.208909708330556,-0.147575603897465,-1.1874222983755,0.5706212145015769,0.982041376388462,1.9098087455245325,0.5803923859694604,0.7666894338365289,1.536065737464773,0.33349361976907393,1.5162522387540254,0.728244534092423,0.048491185609326595,0.7038680622509385
WM2664_SKIN,Wild-type_and_Functional,WT/High_Functional_Score_(Z>0),,,,0.1638,0.38685938084507276,-0.46783839149388,-1.9279789262420906,,1.1610965286020205,3.089075454844111,6.872992562,4.750916517,1.222173274,2.436824264,2.843819445,1.58245111,0.393811388,-0.149020415,-1.486245051,-1.092314889,-3.30188698,-2.07377506,0.8788397241528,0.209503389683432,0.260487368060928,0.455313275966122,0.35392613808751,0.392698849135124,0.0262105645864256,-0.309441518194758,-0.736068996593105,-0.297419336932702,-0.109474626159354,-1.18703317975971,0.38894879999174375,0.949438580523314,2.0078135672622355,1.7178972545524758,0.9863996406189454,2.1041975344906634,2.2134028340002336,-0.29691864120496353,0.9661233015322477,1.2254231640224156,0.5093357788329125
WM793_SKIN,Wild-type_and_Functional,WT/High_Functional_Score_(Z>0),,,,-0.1557,-0.2208834619307146,-0.36935581149388,-1.2756871145839939,,0.22309639995432337,1.4987835145383173,2.599543154,1.843355609,1.689346732,1.985883104,0.08603118,0.528935372,0.370809034,-2.777306614,-3.367607991,0.583570912,-3.57387695,-1.097461716,0.610098228823983,-0.0595665959953949,0.12330988953355,0.43058631853965,0.11200235286307,0.265545489093797,0.105360155751591,-0.969664702811406,-0.751952264336043,-0.0280264781524095,-0.206329983863146,-1.01762813150281,-0.7777476409573565,1.0658111680499363,1.3148184962127871,0.000473199074316975,-0.9877417336592366,0.7095514743442303,0.15832862299916772,0.5414143659739281,0.2983423272667962,-1.0319217463002128,1.1627318664932
WM88_SKIN,Wild-type_and_Functional,WT/High_Functional_Score_(Z>0),,,,-0.381,-0.08426062573794564,0.0253006235061206,-1.593108098091502,,1.2047837327223674,2.797891830813869,2.689018749,3.257149182,0.85991589,2.915083193,-0.454504347,3.630492039,0.838140856,-2.107823295,-4.224356603,-1.668363517,-5.166621713,-1.794658714,,,,,,,,,,,,,0.5010411050775561,1.5424340913573997,2.242881444294105,0.38149792758572537,0.6095550872119406,1.48852084797275,1.2241910516471854,1.857499217746629,1.7196757303322416,1.0232617696622375,0.6620627870582722
WM983B_SKIN,Mutant_and_Non-functional,Missense_Mutation,P278F,P278F,,0.1513,0.25264093776202023,1.10152553550612,-0.042564759806140134,,-0.3680049914073784,-0.32544023160123825,-0.874168639,-0.055268995,-0.84526723,0.182158057,-0.893568215,-1.385683984,-0.277057615,1.639858018,-0.684527888,0.184810653,0.364553661,0.762126191,-0.0417001985934829,-0.0418831106166242,-0.110878550093899,0.159305339975535,-0.0163457657873465,-0.135360478002153,0.0122755529744076,-0.447694525352204,-0.483418533504184,0.117449039509864,-0.0477240557014977,-0.181167428518338,-0.7007623235632924,-0.6845666052604991,0.12594650294432336,-1.5454839234224889,-1.3412849253241563,1.504969855784796,-0.8810812333851978,0.821712902170576,-1.3724885798007829,-0.731883904376798,0.7568673287523583
WSUDLCL2_HAEMATOPOIETIC_AND_LYMPHOID_TISSUE,Mutant_but_Functional,Missense_Mutation,R248Q,R248Q,,-0.0179,1.5101951734272512,1.468792677,,,0.18283218982077043,0.18283218982077043,,,,,,,,,,,,,,,,,,,,,,,,,-0.16291878913167934,-1.5906061180916777,1.381860963247631,0.9162612014870584,-0.3936217352408872,-0.6822643888698361,-0.12709195753455993,2.598690048019511,-1.653166668213315,1.2194192747199635,0.5045922576362658
YAPC_PANCREAS,Mutant_and_Non-functional,Missense_Mutation,H179R,H179R,H179R,-0.6569,0.7449662478263005,0.675303958506121,1.0368327731159834,0.6836343910111329,-0.10340208768279835,-1.8238692518099147,,,,,,,,,,,,,-0.162708727141441,-0.28780804851588,-0.0238621833406253,0.0903672851029945,-0.0126040361057315,0.0674091484761204,0.0435710867443878,-0.255721336987616,-0.121195562780922,0.081462284777298,-0.030248943353381,-0.192027073369065,-0.6488983083834458,0.19565730407732482,-0.44022260713667144,0.37975366105524144,0.4785212803743292,-1.0502746540882957,-0.8506162784957051,0.11247342827331172,0.05517710632328176,0.2702826876018691,0.36072341588797774
YD10B_UPPER_AERODIGESTIVE_TRACT,Mutant_and_Non-functional,Nonsense_Mutation,Y236*,Y236*,,0.0501,0.8205297153482966,-0.0219367000000001,0.039698793511250545,,-0.3583457142627706,-0.3980445077740212,,,,,,,,,,,,,,,,,,,,,,,,,-1.2445403132097017,0.5086715722857523,-0.9023406461859398,1.6455142752843321,0.28979798341544455,-1.1827738309860594,-1.4974165225047014,-0.6658976381648806,-0.30634056231852164,-1.1018801086070462,0.5154029341008455
YD15_SALIVARY_GLAND,Mutant_and_Non-functional,Missense_Mutation,E258A,E258A,,0.4627,0.18250817800284994,0.492292159,0.40531458603298576,,-0.1047006761572621,-0.5100152621902478,,,,,,,,,,,,,,,,,,,,,,,,,-0.592905896650147,-0.2349176895802972,-0.5717968239492437,1.2859123688826364,0.928320021153436,-0.38937529094594436,-0.4053579809031757,-0.14234675494849483,-1.1285497315152653,0.04606352602181248,0.05324681470480023
YD38_UPPER_AERODIGESTIVE_TRACT,Mutant_and_Non-functional,Nonsense_Mutation,G199*,G199*,,0.2665,-0.3860225114621406,-0.462147703,0.7144261197104531,,-0.24972164558362459,-0.9641477652940778,-1.490600057,-1.974401723,-1.505248717,-0.404619723,1.36430486,-1.011945218,-0.597823662,-2.721879255,-2.435636535,0.540812664,2.680704645,-0.279393482,,,,,,,,,,,,,-0.1766001887468457,0.7364348207075782,-1.032553706850314,-0.5680642632110933,0.44887233687000666,-1.047190465123538,-0.8510722061581881,-0.13617116830323026,-0.37904810143659434,-0.5489741115842645,0.8074289524166124
YD8_UPPER_AERODIGESTIVE_TRACT,Wild-type_but_Non-functional,WT/Low_Functional_Score_(Z<0),,,,0.4675,1.2874051073976724,2.03158206,0.7833945532997806,,-0.42106891642579397,-1.2044634697255745,-2.235702131,0.80488444,-0.119643914,-0.512307164,-0.354418372,1.378953519,-0.220719663,1.120820388,1.661237142,0.843287682,0.630684168,1.809307374,,,,,,,,,,,,,-1.235090198535612,-0.34016255840205284,-1.0357836893342334,-0.8642412643202377,-0.8580272733312236,0.8377327866913322,-0.1491836255457662,-0.40762783947597236,-0.06033870778766102,-0.2077704721392539,-0.31126523850305454
YH13_CENTRAL_NERVOUS_SYSTEM,Mutant_and_Non-functional,Missense_Mutation,,,F113V,-1.011,-0.7675014121588358,0.594432764506121,0.8872626761752737,0.49575944295033736,-0.32247785477105917,-1.70549997389667,,,,,,,,,,,,,,,,,,,,,,,,,-0.6721823179615032,-0.08126924687201649,0.4558863318786002,-0.3427246198579004,-0.9987061415474647,-0.30755357193970306,0.9278512227929914,-1.065814261150642,-0.5766991424942606,-1.1101941900976164,0.22414953476786512
YKG1_CENTRAL_NERVOUS_SYSTEM,Mutant_and_Non-functional,In_Frame_Del,W146_S149delinsC,146_149WVDS>C,,0.2664,0.4968351000519102,0.747599788506121,0.9022196858693438,0.46487394012519134,-0.296448515328335,-1.66354214132287,-1.54088059,0.024194042,-1.692514009,-0.02201258,-0.020694201,-1.139428145,,-1.622042081,3.08294891,0.191778663,2.380209175,1.307689771,-0.231634370065981,-0.227758894270014,-0.0784924626842089,0.00241266357319887,0.0356540339509863,0.181453593311192,-0.13843877719599,-0.467750182966482,-0.522976130067255,-0.0927282927552118,0.0409252551286774,0.056459957684357,-0.8154038721817767,-0.4471635411910829,0.4949540398398109,-1.5750112808675498,-0.9958174110849186,-0.646499891737323,-0.08086571487063848,0.8502010289318329,-0.5702200135049825,-0.32103514902334007,0.8459281370782834
YMB1_BREAST,Wild-type_and_Functional,WT/High_Functional_Score_(Z>0),,,,-0.8463,-1.962756878363251,,,,0.13449517248524573,0.13449517248524573,,,,,,,,,,,,,,,,,,,,,,,,,1.041870240042929,1.3742258011954955,-0.6994162663149928,-0.2583902855166119,1.0087070591908307,0.8470821124550888,-1.6069356077368184,-0.08716756886421663,0.36782820993055465,-0.30200543032121924,-0.2063513667233369
ZR751_BREAST,Wild-type_and_Functional,WT/High_Functional_Score_(Z>0),,,,-0.6765,-1.5410763027572565,-0.29930826149388,-0.9823635355836017,,0.08814564732261235,1.070509182906214,2.25153852,1.584430659,0.135717849,1.892844322,0.890005028,-0.334068613,-0.056535907,-3.239729155,-6.485001046,-0.631871897,0.795382607,-2.122867864,0.920753767878873,0.215878829295623,0.28398942934036,0.325518824797068,0.12446200736474,0.326341753943743,0.0706601522025407,-0.852173913970056,-0.962113164819292,-0.328519187745757,-0.262293411601587,-1.12402963937979,1.187766892341452,0.6278100089702312,-0.7456529405323716,-0.23856025177274998,0.36175911427494606,1.2649594800331565,-1.9895180994774444,0.12269660562299359,-0.3813206317537296,1.0461548606111533,-0.2864929177689012
ZR7530_BREAST,Wild-type_but_Non-functional,WT/Low_Functional_Score_(Z<0),,,,-0.9354,-0.681164264471777,-0.37304411049388,0.08456982259346231,0.5363233521907367,-0.17290378985899765,-0.7937969646431967,1.962524431,3.951574813,1.489412328,0.424811119,-0.868229994,0.962852414,,-2.077734157,-5.352699276,-0.964436053,-8.721890906,-0.609305043,,,,,,,,,,,,,-0.07799085567149447,0.4272938335817746,0.1385624623944701,-0.6659835584608912,-0.920710419058716,0.21489594383170518,-1.367781821125454,0.6875402447191117,0.6876093997928896,-0.4741865339689364,-0.5511903844834332
