target,rescue_mutations,full_mutations,n_rescue,ddg_seed,ddg_total,ddg_gain,rasp_seed,rasp_ddg,rasp_gain,allosteric_dist,docking_affinity,risk,risk_components,set_id,ddg_alphafold,ddg_2ocj_core,ddg_consensus,structures_scored,ddg_std,ddg_range,is_pareto,tetramer_impact_score,tetramer_risk,at_interface_any,tetramer_details
R175H,S95A,"R175H,S95A",1,9.990000000000007,3.759999999999991,-6.230000000000018,1.7478665038218957,1.1000879251108164,0.647778578711079,26.91532178659866,-7.319482109927639,0.1861884977302301,"{""burial"": 0.5, ""conservation"": 0.0, ""functional"": 0.0, ""msa_conservation"": 0.4447539909209204}",24f34dea4b00bfe55ef926931414f5e7bd1df56b9bb2aeedcc37c40427c7864f,3.759999999999991,3.759999999999991,3.759999999999991,2,0.0,0.0,True,1.5,medium,True,"[{'position': 95, 'mutation': 'S95A', 'wt_aa': 'S', 'mut_aa': 'A', 'at_interface': True, 'impact_score': 1.5, 'impact': 'mild', 'risk_level': 'medium', 'explanations': 'Loss of H-bond capability at interface (S→A)'}]"
R175H,M133L,"M133L,R175H",1,9.990000000000007,4.389999999999986,-5.600000000000023,1.7478665038218957,1.339417185014386,0.4084493188075093,22.21794062638216,-5.668393220830541,0.1200582686512072,"{""burial"": 0.0, ""conservation"": 0.0, ""functional"": 0.0, ""msa_conservation"": 0.480233074604829}",d158f578a0f0677f2a06ca6c1ec614f97d7526ecada407bc0d6ff80cfb7138ba,4.389999999999986,4.389999999999986,4.389999999999986,2,0.0,0.0,True,0.0,safe,False,"[{'position': 133, 'at_interface': False, 'impact': 'none', 'risk_level': 'safe', 'explanation': 'Position 133 is not at tetramer interface'}]"
R175H,A189S,"A189S,R175H",1,9.990000000000007,4.779999999999973,-5.210000000000036,1.7478665038218957,2.467233918945793,-0.7193674151238976,22.648873676301015,-6.390085175626671,0.1249915051564516,"{""burial"": 0.0, ""conservation"": 0.0, ""functional"": 0.0, ""msa_conservation"": 0.4999660206258064}",b9b84b79e626e006ba5d83f5a687db7862abebc47fd7c38f9a48537bfe16c9f2,4.779999999999973,4.779999999999973,4.779999999999973,2,0.0,0.0,True,0.0,safe,False,"[{'position': 189, 'at_interface': False, 'impact': 'none', 'risk_level': 'safe', 'explanation': 'Position 189 is not at tetramer interface'}]"
R175H,T211A,"R175H,T211A",1,9.990000000000007,4.889999999999986,-5.100000000000023,1.7478665038218957,2.2022393690576,-0.4543728652357046,25.251126631185443,-7.919430642572375,0.2148711729344843,"{""burial"": 0.5, ""conservation"": 0.0, ""functional"": 0.0, ""msa_conservation"": 0.5594846917379376}",a6e0d398c33e4bad946ec12bbe55349c25a739d1ef6d86353039c7ec381f5078,4.889999999999986,4.889999999999986,4.889999999999986,2,0.0,0.0,True,0.0,safe,False,"[{'position': 211, 'at_interface': False, 'impact': 'none', 'risk_level': 'safe', 'explanation': 'Position 211 is not at tetramer interface'}]"
R175H,T211S,"R175H,T211S",1,9.990000000000007,5.110000000000014,-4.8799999999999955,1.7478665038218957,2.5654681985034857,-0.8176016946815903,25.251126631185443,-8.942993451177694,0.2148711729344843,"{""burial"": 0.5, ""conservation"": 0.0, ""functional"": 0.0, ""msa_conservation"": 0.5594846917379376}",315fcc097544e3ed505e5344c8043b621526aa51ecc313aaa0c30e69607c5580,5.110000000000014,5.110000000000014,5.110000000000014,2,0.0,0.0,True,0.0,safe,False,"[{'position': 211, 'at_interface': False, 'impact': 'none', 'risk_level': 'safe', 'explanation': 'Position 211 is not at tetramer interface'}]"
R175H,R196Q,"R175H,R196Q",1,9.990000000000007,5.210000000000036,-4.779999999999973,1.7478665038218957,3.319455957357488,-1.5715894535355923,21.11547891228188,-9.067063333809436,0.2283684534653906,"{""burial"": 0.5, ""conservation"": 0.0, ""functional"": 0.0, ""msa_conservation"": 0.6134738138615623}",9bcf210a26e75b0a721acd2a0fb98400f2f31cb3d4ac5cd6513ca866b5075300,5.210000000000036,5.210000000000036,5.210000000000036,2,0.0,0.0,True,0.0,safe,False,"[{'position': 196, 'at_interface': False, 'impact': 'none', 'risk_level': 'safe', 'explanation': 'Position 196 is not at tetramer interface'}]"
R175H,C229A,"C229A,R175H",1,9.990000000000007,5.590000000000032,-4.399999999999977,1.7478665038218957,2.35719962925104,-0.6093331254291448,13.165634179174344,-8.38636949993347,0.1610791717676506,"{""burial"": 0.5, ""conservation"": 0.0, ""functional"": 0.0, ""msa_conservation"": 0.3443166870706025}",e6021874fe9591797f251d314b8bee746bf45d2f4af4217d473aa9aa333d8099,5.590000000000032,5.590000000000032,5.590000000000032,2,0.0,0.0,True,0.0,safe,False,"[{'position': 229, 'at_interface': False, 'impact': 'none', 'risk_level': 'safe', 'explanation': 'Position 229 is not at tetramer interface'}]"
R175H,R196K,"R175H,R196K",1,9.990000000000007,5.659999999999968,-4.330000000000041,1.7478665038218957,3.2123129683300915,-1.464446464508196,21.11547891228188,-9.259482943399252,0.2283684534653906,"{""burial"": 0.5, ""conservation"": 0.0, ""functional"": 0.0, ""msa_conservation"": 0.6134738138615623}",d1eb918382330b0df30cbd2edb754b8cd408dc254de8dd65072dd09aa19e6301,5.659999999999968,5.659999999999968,5.659999999999968,2,0.0,0.0,True,0.0,safe,False,"[{'position': 196, 'at_interface': False, 'impact': 'none', 'risk_level': 'safe', 'explanation': 'Position 196 is not at tetramer interface'}]"
R175H,A189G,"A189G,R175H",1,9.990000000000007,5.669999999999959,-4.32000000000005,1.7478665038218957,3.275266188463477,-1.5273996846415816,22.648873676301015,-7.308711878717661,0.1249915051564516,"{""burial"": 0.0, ""conservation"": 0.0, ""functional"": 0.0, ""msa_conservation"": 0.4999660206258064}",8f649a43c8d96cbabd6234c4aaa623ff251b579626f7eefbe4ba5d313a09e09c,5.669999999999959,5.669999999999959,5.669999999999959,2,0.0,0.0,True,0.0,safe,False,"[{'position': 189, 'at_interface': False, 'impact': 'none', 'risk_level': 'safe', 'explanation': 'Position 189 is not at tetramer interface'}]"
R175H,S269A,"R175H,S269A",1,9.990000000000007,5.889999999999986,-4.100000000000023,1.7478665038218957,1.5694374313013255,0.1784290725205699,21.33684535112441,-7.139191566258884,0.1924952967750806,"{""burial"": 0.5, ""conservation"": 0.0, ""functional"": 0.0, ""msa_conservation"": 0.46998118710032266}",52f351475da3155d0cd84ef38dfe4336082b002bec20526c042607e4d2afd39f,5.889999999999986,5.889999999999986,5.889999999999986,2,0.0,0.0,True,0.0,safe,False,"[{'position': 269, 'at_interface': False, 'impact': 'none', 'risk_level': 'safe', 'explanation': 'Position 269 is not at tetramer interface'}]"
R175H,K132Q,"K132Q,R175H",1,9.990000000000007,6.350000000000023,-3.6399999999999864,1.7478665038218957,3.644929199369024,-1.8970626955471284,23.05361763369504,-9.404852420454224,0.2283684534653906,"{""burial"": 0.5, ""conservation"": 0.0, ""functional"": 0.0, ""msa_conservation"": 0.6134738138615624}",2f63f8f8aedc86049d5787cdacb00971410fef28fe4a053a00fac0eb08d4434b,6.350000000000023,6.350000000000023,6.350000000000023,2,0.0,0.0,True,0.0,safe,False,"[{'position': 132, 'at_interface': False, 'impact': 'none', 'risk_level': 'safe', 'explanation': 'Position 132 is not at tetramer interface'}]"
R175H,S269N,"R175H,S269N",1,9.990000000000007,6.519999999999982,-3.4700000000000273,1.7478665038218957,2.1070015431870615,-0.359135039365166,21.33684535112441,-8.499162061775895,0.1924952967750806,"{""burial"": 0.5, ""conservation"": 0.0, ""functional"": 0.0, ""msa_conservation"": 0.46998118710032266}",ad4e6bfd24d276c23bfa67f3e5a9138c070b1439a5e0f794eb343137b5c562e6,6.519999999999982,6.519999999999982,6.519999999999982,2,0.0,0.0,True,0.0,safe,False,"[{'position': 269, 'at_interface': False, 'impact': 'none', 'risk_level': 'safe', 'explanation': 'Position 269 is not at tetramer interface'}]"
R175H,L252I,"L252I,R175H",1,9.990000000000007,6.730000000000018,-3.259999999999991,1.7478665038218957,2.1464655144745355,-0.39859901065264,23.65793620468017,-9.085846422020788,0.2215914883356692,"{""burial"": 0.5, ""conservation"": 0.0, ""functional"": 0.0, ""msa_conservation"": 0.586365953342677}",db052fe622cf9c33dd5c37505b64cdbbc62cdbaab31527e7d2061eb331192d17,6.730000000000018,6.730000000000018,6.730000000000018,2,0.0,0.0,True,0.0,safe,False,"[{'position': 252, 'at_interface': False, 'impact': 'none', 'risk_level': 'safe', 'explanation': 'Position 252 is not at tetramer interface'}]"
R175H,T230A,"R175H,T230A",1,9.990000000000007,6.970000000000027,-3.019999999999982,1.7478665038218957,2.3201067725580353,-0.5722402687361399,13.165634179174344,-5.72029835497692,0.2283684534653906,"{""burial"": 0.5, ""conservation"": 0.0, ""functional"": 0.0, ""msa_conservation"": 0.6134738138615623}",2454345b75b03e03cf643ed6acab1301fc645fa730d572c2a8d95af859f29375,6.970000000000027,6.970000000000027,6.970000000000027,2,0.0,0.0,True,0.0,safe,False,"[{'position': 230, 'at_interface': False, 'impact': 'none', 'risk_level': 'safe', 'explanation': 'Position 230 is not at tetramer interface'}]"
R175H,S95T,"R175H,S95T",1,9.990000000000007,7.019999999999982,-2.9700000000000273,1.7478665038218957,1.4398878783425468,0.3079786254793486,26.91532178659866,-7.659270038644865,0.1861884977302301,"{""burial"": 0.5, ""conservation"": 0.0, ""functional"": 0.0, ""msa_conservation"": 0.4447539909209204}",cffd2ba8b62abbe4508be62baf766d4bf1ce0f234de5188ef993d173c3ca9c9c,7.019999999999982,7.019999999999982,7.019999999999982,2,0.0,0.0,True,1.5,medium,True,"[{'position': 95, 'mutation': 'S95T', 'wt_aa': 'S', 'mut_aa': 'T', 'at_interface': True, 'impact_score': 1.5, 'impact': 'mild', 'risk_level': 'medium', 'explanations': 'Introduction of bulky residue at interface (S→T)'}]"
R175H,S215A,"R175H,S215A",1,9.990000000000007,7.100000000000023,-2.8899999999999864,1.7478665038218957,1.5653991261916995,0.1824673776301959,20.856212612755684,-7.744664970060337,0.1533684534653905,"{""burial"": 0.0, ""conservation"": 0.0, ""functional"": 0.0, ""msa_conservation"": 0.6134738138615623}",d5f7bac14301b8a10aeef674ff58aa2319ac27477d454b4336020b91cddd84a2,7.100000000000023,7.100000000000023,7.100000000000023,2,0.0,0.0,True,0.0,safe,False,"[{'position': 215, 'at_interface': False, 'impact': 'none', 'risk_level': 'safe', 'explanation': 'Position 215 is not at tetramer interface'}]"
R175H,A161S,"A161S,R175H",1,9.990000000000007,7.340000000000032,-2.6499999999999773,1.7478665038218957,3.0361412995701356,-1.28827479574824,22.799111558271377,-8.36508636976733,0.1465914883356692,"{""burial"": 0.0, ""conservation"": 0.0, ""functional"": 0.0, ""msa_conservation"": 0.586365953342677}",d0c47eabc58bfe967116b746a7fe6040c91134092a3fa8ad15c91ca03686f7de,7.340000000000032,7.340000000000032,7.340000000000032,2,0.0,0.0,True,0.0,safe,False,"[{'position': 161, 'at_interface': False, 'impact': 'none', 'risk_level': 'safe', 'explanation': 'Position 161 is not at tetramer interface'}]"
R175H,N235Q,"N235Q,R175H",1,9.990000000000007,7.350000000000023,-2.6399999999999864,1.7478665038218957,2.1023938593742693,-0.3545273555523738,21.538959188769315,-8.349407786372979,0.1929557226452159,"{""burial"": 0.5, ""conservation"": 0.0, ""functional"": 0.0, ""msa_conservation"": 0.4718228905808638}",c29b9e523a74caf131079628c5bc5445b3c915697a8f28fbc27eafdd02d12037,7.350000000000023,7.350000000000023,7.350000000000023,2,0.0,0.0,True,0.0,safe,False,"[{'position': 235, 'at_interface': False, 'impact': 'none', 'risk_level': 'safe', 'explanation': 'Position 235 is not at tetramer interface'}]"
R175H,M133V,"M133V,R175H",1,9.990000000000007,7.409999999999968,-2.580000000000041,1.7478665038218957,1.886597843286588,-0.1387313394646923,22.21794062638216,-6.553665977674214,0.1200582686512072,"{""burial"": 0.0, ""conservation"": 0.0, ""functional"": 0.0, ""msa_conservation"": 0.480233074604829}",7f0c998231e732022efc35e0baaa3a335af7c55e6a9ccc2ff339ffb079423168,7.409999999999968,7.409999999999968,7.409999999999968,2,0.0,0.0,True,0.0,safe,False,"[{'position': 133, 'at_interface': False, 'impact': 'none', 'risk_level': 'safe', 'explanation': 'Position 133 is not at tetramer interface'}]"
R175H,I162V,"I162V,R175H",1,9.990000000000007,7.460000000000036,-2.5299999999999727,1.7478665038218957,2.1721682945636367,-0.4243017907417412,24.321797669625873,-6.969439802972682,0.1238348068825638,"{""burial"": 0.0, ""conservation"": 0.0, ""functional"": 0.0, ""msa_conservation"": 0.4953392275302555}",2a9bc3c21b0f3304a2d6236012e1cd38672b813438da69d03bddfe09d1d46eff,7.460000000000036,7.460000000000036,7.460000000000036,2,0.0,0.0,True,0.0,safe,False,"[{'position': 162, 'at_interface': False, 'impact': 'none', 'risk_level': 'safe', 'explanation': 'Position 162 is not at tetramer interface'}]"
R175H,I162M,"I162M,R175H",1,9.990000000000007,7.700000000000045,-2.2899999999999636,1.7478665038218957,2.7952493237204328,-1.047382819898537,24.321797669625873,-8.571050144160822,0.1238348068825638,"{""burial"": 0.0, ""conservation"": 0.0, ""functional"": 0.0, ""msa_conservation"": 0.4953392275302555}",bb93a5fd41e810f469378e749c6bbd9461fed107c658b29376333f60b9cd5e0c,7.700000000000045,7.700000000000045,7.700000000000045,2,0.0,0.0,True,0.0,safe,False,"[{'position': 162, 'at_interface': False, 'impact': 'none', 'risk_level': 'safe', 'explanation': 'Position 162 is not at tetramer interface'}]"
R175H,L145I,"L145I,R175H",1,9.990000000000007,8.370000000000005,-1.6200000000000043,1.7478665038218957,2.592978363628009,-0.8451118598061136,15.71988870350808,-6.333001002818,0.1004554971279038,"{""burial"": 0.0, ""conservation"": 0.0, ""functional"": 0.0, ""msa_conservation"": 0.40182198851161544}",4fd19f7ad60eabdfa1fcbb1f15310cd57fef83e8b67eb35db0a03ad188a6455d,8.370000000000005,8.370000000000005,8.370000000000005,2,0.0,0.0,True,0.0,safe,False,"[{'position': 145, 'at_interface': False, 'impact': 'none', 'risk_level': 'safe', 'explanation': 'Position 145 is not at tetramer interface'}]"
R175H,T155A,"R175H,T155A",1,9.990000000000007,8.460000000000036,-1.5299999999999727,1.7478665038218957,2.2994794566206354,-0.5516129527987399,15.894461646730102,-7.572990430461168,0.0952389614257004,"{""burial"": 0.0, ""conservation"": 0.0, ""functional"": 0.0, ""msa_conservation"": 0.38095584570280183}",2ee93b8200549967ed4793074955369c73275b3dd4ea6bc7040b212dbe1bc34e,8.460000000000036,8.460000000000036,8.460000000000036,2,0.0,0.0,True,0.0,safe,False,"[{'position': 155, 'at_interface': False, 'impact': 'none', 'risk_level': 'safe', 'explanation': 'Position 155 is not at tetramer interface'}]"
R175H,Y220F,"R175H,Y220F",1,9.990000000000007,8.5,-1.490000000000009,1.7478665038218957,1.5370609227581338,0.2108055810637616,13.165634179174344,-6.9333341945519145,0.2283684534653906,"{""burial"": 0.5, ""conservation"": 0.0, ""functional"": 0.0, ""msa_conservation"": 0.6134738138615623}",a01bde1b7e3b4bbe5182b0dc1e69af0fce1575b1a8bd604f2f5447d0ef9597dc,8.5,8.5,8.5,2,0.0,0.0,True,0.0,safe,False,"[{'position': 220, 'at_interface': False, 'impact': 'none', 'risk_level': 'safe', 'explanation': 'Position 220 is not at tetramer interface'}]"
R175H,V172I,"R175H,V172I",1,9.990000000000007,8.639999999999986,-1.3500000000000227,1.7478665038218957,1.22579498439772,0.5220715194241754,25.90785041917872,-6.301271427566135,0.2283684534653906,"{""burial"": 0.5, ""conservation"": 0.0, ""functional"": 0.0, ""msa_conservation"": 0.6134738138615623}",7bc9a7a5c447dd0a983e7991dac10e105dc6a38a762323d6945c1c24208b71f4,8.639999999999986,8.639999999999986,8.639999999999986,2,0.0,0.0,True,0.0,safe,False,"[{'position': 172, 'at_interface': False, 'impact': 'none', 'risk_level': 'safe', 'explanation': 'Position 172 is not at tetramer interface'}]"
R175H,V197M,"R175H,V197M",1,9.990000000000007,8.690000000000055,-1.2999999999999543,1.7478665038218957,3.7170006146923424,-1.969134110870447,19.65004388823055,-9.27965780764261,0.2148711729344844,"{""burial"": 0.5, ""conservation"": 0.0, ""functional"": 0.0, ""msa_conservation"": 0.5594846917379377}",01170ea2bece85ad9a6fe008f74d6b245a248f5e5a35a3d3125484b0ec43a0bc,8.690000000000055,8.690000000000055,8.690000000000055,2,0.0,0.0,True,0.0,safe,False,"[{'position': 197, 'at_interface': False, 'impact': 'none', 'risk_level': 'safe', 'explanation': 'Position 197 is not at tetramer interface'}]"
R175H,V147L,"R175H,V147L",1,9.990000000000007,8.75,-1.240000000000009,1.7478665038218957,2.1068622126825423,-0.3589957088606468,16.86475870052075,-8.130838334839755,0.2095901598780861,"{""burial"": 0.5, ""conservation"": 0.0, ""functional"": 0.0, ""msa_conservation"": 0.5383606395123446}",44f2cf7d6494a7c34678dba0bda694b680747b3171fa765b2a79cafb14863e67,8.75,8.75,8.75,2,0.0,0.0,True,0.0,safe,False,"[{'position': 147, 'at_interface': False, 'impact': 'none', 'risk_level': 'safe', 'explanation': 'Position 147 is not at tetramer interface'}]"
R175H,T155S,"R175H,T155S",1,9.990000000000007,9.06000000000006,-0.92999999999995,1.7478665038218957,3.149467022462094,-1.4016005186401983,15.894461646730102,-8.13026549792682,0.0952389614257004,"{""burial"": 0.0, ""conservation"": 0.0, ""functional"": 0.0, ""msa_conservation"": 0.38095584570280183}",1026be5da9f936032ad8d7a4660bf3fdac5039501643ce579f096df03f49cb62,9.06000000000006,9.06000000000006,9.06000000000006,2,0.0,0.0,True,0.0,safe,False,"[{'position': 155, 'at_interface': False, 'impact': 'none', 'risk_level': 'safe', 'explanation': 'Position 155 is not at tetramer interface'}]"
R175H,E271D,"E271D,R175H",1,9.990000000000007,9.82000000000005,-0.169999999999959,1.7478665038218957,2.7255582666469618,-0.9776917628250664,23.25642911594988,-8.565633670666323,0.2283684534653906,"{""burial"": 0.5, ""conservation"": 0.0, ""functional"": 0.0, ""msa_conservation"": 0.6134738138615624}",41fdf63c6fa8eee556989eb3574efc1acf77a98803be9d1c61a022d5d5ff90e9,9.82000000000005,9.82000000000005,9.82000000000005,2,0.0,0.0,True,0.0,safe,False,"[{'position': 271, 'at_interface': False, 'impact': 'none', 'risk_level': 'safe', 'explanation': 'Position 271 is not at tetramer interface'}]"
R175H,E271Q,"E271Q,R175H",1,9.990000000000007,9.980000000000018,-0.0099999999999909,1.7478665038218957,2.4516190564985436,-0.7037525526766482,23.25642911594988,-9.4448666944344,0.2283684534653906,"{""burial"": 0.5, ""conservation"": 0.0, ""functional"": 0.0, ""msa_conservation"": 0.6134738138615624}",ab3458c63f803ee0a50f7ba3a4e11a311b770b7ce55c6695654a90a64a0359d0,9.980000000000018,9.980000000000018,9.980000000000018,2,0.0,0.0,True,0.0,safe,False,"[{'position': 271, 'at_interface': False, 'impact': 'none', 'risk_level': 'safe', 'explanation': 'Position 271 is not at tetramer interface'}]"
R175H,A161G,"A161G,R175H",1,9.990000000000007,10.480000000000018,0.4900000000000091,1.7478665038218957,3.7922609328305663,-2.0443944290086713,22.799111558271377,-9.417511913462306,0.1465914883356692,"{""burial"": 0.0, ""conservation"": 0.0, ""functional"": 0.0, ""msa_conservation"": 0.586365953342677}",ee63baefa64a1c652d1fcbf0b933c886f1022babcd32ee5b0eab2788f5833c63,10.480000000000018,10.480000000000018,10.480000000000018,2,0.0,0.0,True,0.0,safe,False,"[{'position': 161, 'at_interface': False, 'impact': 'none', 'risk_level': 'safe', 'explanation': 'Position 161 is not at tetramer interface'}]"
R175H,P142S,"P142S,R175H",1,9.990000000000007,10.5,0.5099999999999909,1.7478665038218957,2.0605939616229927,-0.3127274578010972,18.12480240144581,-5.69168631104406,0.2215914883356692,"{""burial"": 0.5, ""conservation"": 0.0, ""functional"": 0.0, ""msa_conservation"": 0.586365953342677}",a3e8186055f1454895eeed719bcbcfeab37b440b1c3111124db42231ae2632dc,10.5,10.5,10.5,2,0.0,0.0,True,0.0,safe,False,"[{'position': 142, 'at_interface': False, 'impact': 'none', 'risk_level': 'safe', 'explanation': 'Position 142 is not at tetramer interface'}]"
R175H,C124A,"C124A,R175H",1,9.990000000000007,10.620000000000005,0.6299999999999955,1.7478665038218957,2.337989920865404,-0.5901234170435083,22.306441135162455,-8.911937770316742,0.1958849124183419,"{""burial"": 0.5, ""conservation"": 0.0, ""functional"": 0.0, ""msa_conservation"": 0.4835396496733677}",08d1fba6698aacc2b6b26e490a886e2b4529453c31df082245ebde04619d0be1,10.620000000000005,10.620000000000005,10.620000000000005,2,0.0,0.0,True,0.0,safe,False,"[{'position': 124, 'at_interface': False, 'impact': 'none', 'risk_level': 'safe', 'explanation': 'Position 124 is not at tetramer interface'}]"
R175H,V157I,"R175H,V157I",1,9.990000000000007,10.659999999999968,0.6699999999999591,1.7478665038218957,1.6436582358085912,0.1042082680133043,16.060057853742038,-7.464495308456787,0.1109933388512084,"{""burial"": 0.0, ""conservation"": 0.0, ""functional"": 0.0, ""msa_conservation"": 0.44397335540483374}",a088aec410ac7d1f2bd977a1d0a609e1da9c41ca464be65e8b496c520b6b681b,10.659999999999968,10.659999999999968,10.659999999999968,2,0.0,0.0,True,0.0,safe,False,"[{'position': 157, 'at_interface': False, 'impact': 'none', 'risk_level': 'safe', 'explanation': 'Position 157 is not at tetramer interface'}]"
R175H,F134Y,"F134Y,R175H",1,9.990000000000007,10.710000000000036,0.7200000000000273,1.7478665038218957,2.674669351768881,-0.9268028479469854,23.52982827061431,-7.945265780974507,0.1328613742662528,"{""burial"": 0.0, ""conservation"": 0.0, ""functional"": 0.0, ""msa_conservation"": 0.5314454970650115}",7e6f0db20cf93d34568bd51d57d4fe4b34c1d616c1eeb68523f4720d8a083851,10.710000000000036,10.710000000000036,10.710000000000036,2,0.0,0.0,True,0.0,safe,False,"[{'position': 134, 'at_interface': False, 'impact': 'none', 'risk_level': 'safe', 'explanation': 'Position 134 is not at tetramer interface'}]"
R175H,L145V,"L145V,R175H",1,9.990000000000007,10.779999999999973,0.7899999999999636,1.7478665038218957,3.0341574149635555,-1.28629091114166,15.71988870350808,-8.684281794232069,0.1004554971279038,"{""burial"": 0.0, ""conservation"": 0.0, ""functional"": 0.0, ""msa_conservation"": 0.40182198851161544}",fb4a2be0c7d15de8f077941897e40d1beda12fe2ad4137fbb72be18de81ea4c5,10.779999999999973,10.779999999999973,10.779999999999973,2,0.0,0.0,True,0.0,safe,False,"[{'position': 145, 'at_interface': False, 'impact': 'none', 'risk_level': 'safe', 'explanation': 'Position 145 is not at tetramer interface'}]"
R175H,T256A,"R175H,T256A",1,9.990000000000007,10.789999999999964,0.7999999999999545,1.7478665038218957,1.9230140394987425,-0.1751475356768468,18.57795130319812,-8.390599954688291,0.2215914883356692,"{""burial"": 0.5, ""conservation"": 0.0, ""functional"": 0.0, ""msa_conservation"": 0.5863659533426769}",933036193a98ab02a5124e62c105aad0d3588d89078518218e8e049c88d561cf,10.789999999999964,10.789999999999964,10.789999999999964,2,0.0,0.0,True,0.0,safe,False,"[{'position': 256, 'at_interface': False, 'impact': 'none', 'risk_level': 'safe', 'explanation': 'Position 256 is not at tetramer interface'}]"
R175H,Y234F,"R175H,Y234F",1,9.990000000000007,11.220000000000027,1.2300000000000182,1.7478665038218957,2.0957585586118177,-0.3478920547899222,19.67278837475767,-9.413415677102712,0.1264667933916919,"{""burial"": 0.0, ""conservation"": 0.0, ""functional"": 0.0, ""msa_conservation"": 0.5058671735667677}",298da05c620fdf805daab8200026e13bbcba1aba1cc3a4ebaad12fd741c3a0c2,11.220000000000027,11.220000000000027,11.220000000000027,2,0.0,0.0,True,0.0,safe,False,"[{'position': 234, 'at_interface': False, 'impact': 'none', 'risk_level': 'safe', 'explanation': 'Position 234 is not at tetramer interface'}]"
R175H,T125S,"R175H,T125S",1,9.990000000000007,11.58000000000004,1.5900000000000318,1.7478665038218957,3.017732342935035,-1.2698658391131397,22.427170877353475,-9.489709550303427,0.1515996493165175,"{""burial"": 0.0, ""conservation"": 0.0, ""functional"": 0.0, ""msa_conservation"": 0.60639859726607}",1b0f851c615302485299ac3bb55d52cb0106d9ded80e2b07ece6e6d03a780b91,11.58000000000004,11.58000000000004,11.58000000000004,2,0.0,0.0,True,0.0,safe,False,"[{'position': 125, 'at_interface': False, 'impact': 'none', 'risk_level': 'safe', 'explanation': 'Position 125 is not at tetramer interface'}]"
R175H,T253V,"R175H,T253V",1,9.990000000000007,11.629999999999995,1.6399999999999864,1.7478665038218957,0.5758012027656878,1.1720653010562077,21.99395276112272,-8.57684506891643,0.1533684534653905,"{""burial"": 0.0, ""conservation"": 0.0, ""functional"": 0.0, ""msa_conservation"": 0.6134738138615623}",759025026594f2eae4b8a3fbd32cb1a56332ed0df0fa870e415679bb60a37a95,11.629999999999995,11.629999999999995,11.629999999999995,2,0.0,0.0,True,0.0,safe,False,"[{'position': 253, 'at_interface': False, 'impact': 'none', 'risk_level': 'safe', 'explanation': 'Position 253 is not at tetramer interface'}]"
R175H,P142A,"P142A,R175H",1,9.990000000000007,11.66999999999996,1.67999999999995,1.7478665038218957,1.6354325640435583,0.1124339397783369,18.12480240144581,-7.327473322732642,0.2215914883356692,"{""burial"": 0.5, ""conservation"": 0.0, ""functional"": 0.0, ""msa_conservation"": 0.586365953342677}",5df84209b770a3670a1373276c6f8bbe756c7aa5e2f9d2b788818c0ee1ddbe23,11.66999999999996,11.66999999999996,11.66999999999996,2,0.0,0.0,True,0.0,safe,False,"[{'position': 142, 'at_interface': False, 'impact': 'none', 'risk_level': 'safe', 'explanation': 'Position 142 is not at tetramer interface'}]"
R175H,I232V,"I232V,R175H",1,9.990000000000007,11.740000000000007,1.75,1.7478665038218957,2.526986019905327,-0.7791195160834317,16.547247753160814,-9.162252663019778,0.2014667933916918,"{""burial"": 0.5, ""conservation"": 0.0, ""functional"": 0.0, ""msa_conservation"": 0.5058671735667676}",a3c5ce348aa4a93bb65d8c481f84e4b100f1cef03b9c29c31b4ad9aeaa9dd299,11.740000000000007,11.740000000000007,11.740000000000007,2,0.0,0.0,True,0.0,safe,False,"[{'position': 232, 'at_interface': False, 'impact': 'none', 'risk_level': 'safe', 'explanation': 'Position 232 is not at tetramer interface'}]"
R175H,T230V,"R175H,T230V",1,9.990000000000007,11.870000000000005,1.8799999999999957,1.7478665038218957,1.4488728236277415,0.2989936801941539,13.165634179174344,-6.382540084269179,0.2283684534653906,"{""burial"": 0.5, ""conservation"": 0.0, ""functional"": 0.0, ""msa_conservation"": 0.6134738138615623}",1c768d117959996ebd2627919a1d3859857c5dba2f8c500893756e7f58e8c3b6,11.870000000000005,11.870000000000005,11.870000000000005,2,0.0,0.0,True,0.0,safe,False,"[{'position': 230, 'at_interface': False, 'impact': 'none', 'risk_level': 'safe', 'explanation': 'Position 230 is not at tetramer interface'}]"
R175H,T256V,"R175H,T256V",1,9.990000000000007,12.0,2.009999999999991,1.7478665038218957,0.9239143357049224,0.8239521681169731,18.57795130319812,-6.042725397240958,0.2215914883356692,"{""burial"": 0.5, ""conservation"": 0.0, ""functional"": 0.0, ""msa_conservation"": 0.5863659533426769}",cf230adb9a5782da447d1b97e92b88be048ce757d35679bbfdd1c39513d8237c,12.0,12.0,12.0,2,0.0,0.0,True,0.0,safe,False,"[{'position': 256, 'at_interface': False, 'impact': 'none', 'risk_level': 'safe', 'explanation': 'Position 256 is not at tetramer interface'}]"
R175H,C141S,"C141S,R175H",1,9.990000000000007,12.049999999999956,2.0599999999999454,1.7478665038218957,2.998700915381737,-1.2508344115598415,19.918594300332263,-8.186701516960081,0.1249915051564515,"{""burial"": 0.0, ""conservation"": 0.0, ""functional"": 0.0, ""msa_conservation"": 0.4999660206258063}",09e8dcf53b88c30ee5c0a78d020e7200eac8256c5c84e30d6b4774bcf8b947d1,12.049999999999956,12.049999999999956,12.049999999999956,2,0.0,0.0,True,0.0,safe,False,"[{'position': 141, 'at_interface': False, 'impact': 'none', 'risk_level': 'safe', 'explanation': 'Position 141 is not at tetramer interface'}]"
R175H,F109Y,"F109Y,R175H",1,9.990000000000007,12.06000000000006,2.07000000000005,1.7478665038218957,1.925066078685275,-0.1771995748633792,18.444381325277774,-8.649987161399096,0.1393192201971301,"{""burial"": 0.0, ""conservation"": 0.0, ""functional"": 0.0, ""msa_conservation"": 0.5572768807885204}",501e5cce9433bb19fa24d96c732e328097135d08445cc9c371965a5eeb11c9e1,12.06000000000006,12.06000000000006,12.06000000000006,2,0.0,0.0,True,0.0,safe,False,"[{'position': 109, 'at_interface': False, 'impact': 'none', 'risk_level': 'safe', 'explanation': 'Position 109 is not at tetramer interface'}]"
R175H,V147I,"R175H,V147I",1,9.990000000000007,12.220000000000027,2.230000000000018,1.7478665038218957,2.0042404662642683,-0.2563739624423728,16.86475870052075,-7.559042914587703,0.2095901598780861,"{""burial"": 0.5, ""conservation"": 0.0, ""functional"": 0.0, ""msa_conservation"": 0.5383606395123446}",dcb201cdbe80d287f01dc42d2ab7cead48468f36d095420b1e059dc8afd9d962,12.220000000000027,12.220000000000027,12.220000000000027,2,0.0,0.0,True,0.0,safe,False,"[{'position': 147, 'at_interface': False, 'impact': 'none', 'risk_level': 'safe', 'explanation': 'Position 147 is not at tetramer interface'}]"
R175H,I162L,"I162L,R175H",1,9.990000000000007,12.629999999999995,2.6399999999999864,1.7478665038218957,1.8207630448396084,-0.0728965410177129,24.321797669625873,-8.149427625564698,0.1238348068825638,"{""burial"": 0.0, ""conservation"": 0.0, ""functional"": 0.0, ""msa_conservation"": 0.4953392275302555}",af45d1b8f11392accfb1994482603ce9f8cbecc93dce09f68e7f969d13071e53,12.629999999999995,12.629999999999995,12.629999999999995,2,0.0,0.0,True,0.0,safe,False,"[{'position': 162, 'at_interface': False, 'impact': 'none', 'risk_level': 'safe', 'explanation': 'Position 162 is not at tetramer interface'}]"
R175H,V217L,"R175H,V217L",1,9.990000000000007,12.950000000000044,2.9600000000000364,1.7478665038218957,1.7008214892693918,0.0470450145525036,17.761125842193433,-7.553404221015939,0.1102353035322417,"{""burial"": 0.0, ""conservation"": 0.0, ""functional"": 0.0, ""msa_conservation"": 0.4409412141289669}",d23e2e7a8db2ec4d6f929d8641f41da5722e76610608ed5970c42b237aaaf987,12.950000000000044,12.950000000000044,12.950000000000044,2,0.0,0.0,True,0.0,safe,False,"[{'position': 217, 'at_interface': False, 'impact': 'none', 'risk_level': 'safe', 'explanation': 'Position 217 is not at tetramer interface'}]"
R175H,E258Q,"E258Q,R175H",1,9.990000000000007,12.970000000000027,2.980000000000018,1.7478665038218957,2.492165340206098,-0.7442988363842025,17.67140381281687,-8.391959097233833,0.2283684534653906,"{""burial"": 0.5, ""conservation"": 0.0, ""functional"": 0.0, ""msa_conservation"": 0.6134738138615624}",edf223b159932436d337800071b89e10328c044de4363d42f5f449aa3dba3135,12.970000000000027,12.970000000000027,12.970000000000027,2,0.0,0.0,True,0.0,safe,False,"[{'position': 258, 'at_interface': False, 'impact': 'none', 'risk_level': 'safe', 'explanation': 'Position 258 is not at tetramer interface'}]"
R248Q,R196Q,"R196Q,R248Q",1,-1.9500000000000457,-12.75,-10.799999999999956,0.3700409801825582,1.9416304337181511,-1.571589453535593,23.564103736611848,-8.458984991851572,0.2283684534653906,"{""burial"": 0.5, ""conservation"": 0.0, ""functional"": 0.0, ""msa_conservation"": 0.6134738138615623}",9bcf210a26e75b0a721acd2a0fb98400f2f31cb3d4ac5cd6513ca866b5075300,-12.75,-12.75,-12.75,2,0.0,0.0,True,0.0,safe,False,"[{'position': 196, 'at_interface': False, 'impact': 'none', 'risk_level': 'safe', 'explanation': 'Position 196 is not at tetramer interface'}]"
R248Q,R196K,"R196K,R248Q",1,-1.9500000000000457,-11.93999999999994,-9.989999999999895,0.3700409801825582,1.8344874446907544,-1.464446464508196,23.564103736611848,-8.82172599194212,0.2283684534653906,"{""burial"": 0.5, ""conservation"": 0.0, ""functional"": 0.0, ""msa_conservation"": 0.6134738138615623}",d1eb918382330b0df30cbd2edb754b8cd408dc254de8dd65072dd09aa19e6301,-11.93999999999994,-11.93999999999994,-11.93999999999994,2,0.0,0.0,True,0.0,safe,False,"[{'position': 196, 'at_interface': False, 'impact': 'none', 'risk_level': 'safe', 'explanation': 'Position 196 is not at tetramer interface'}]"
R248Q,R196H,"R196H,R248Q",1,-1.9500000000000457,-11.519999999999982,-9.569999999999936,0.3700409801825582,1.462935947612762,-1.0928949674302038,23.564103736611848,-7.458492968427267,0.2283684534653906,"{""burial"": 0.5, ""conservation"": 0.0, ""functional"": 0.0, ""msa_conservation"": 0.6134738138615623}",70e176eaa78c3aa1dcf32c5f9097b446599db02ef8ac5bc458fc773a7ff4ef67,-11.519999999999982,-11.519999999999982,-11.519999999999982,2,0.0,0.0,True,0.0,safe,False,"[{'position': 196, 'at_interface': False, 'impact': 'none', 'risk_level': 'safe', 'explanation': 'Position 196 is not at tetramer interface'}]"
R248Q,S95A,"R248Q,S95A",1,-1.9500000000000457,-8.17999999999995,-6.2299999999999045,0.3700409801825582,-0.2777375985285207,0.647778578711079,29.363946610928636,-8.73593119112916,0.1861884977302301,"{""burial"": 0.5, ""conservation"": 0.0, ""functional"": 0.0, ""msa_conservation"": 0.4447539909209204}",24f34dea4b00bfe55ef926931414f5e7bd1df56b9bb2aeedcc37c40427c7864f,-8.17999999999995,-8.17999999999995,-8.17999999999995,2,0.0,0.0,True,1.5,medium,True,"[{'position': 95, 'mutation': 'S95A', 'wt_aa': 'S', 'mut_aa': 'A', 'at_interface': True, 'impact_score': 1.5, 'impact': 'mild', 'risk_level': 'medium', 'explanations': 'Loss of H-bond capability at interface (S→A)'}]"
R248Q,M133L,"M133L,R248Q",1,-1.9500000000000457,-7.549999999999955,-5.599999999999909,0.3700409801825582,-0.0384083386249511,0.4084493188075094,24.66656545071213,-6.668878331786975,0.1200582686512072,"{""burial"": 0.0, ""conservation"": 0.0, ""functional"": 0.0, ""msa_conservation"": 0.480233074604829}",d158f578a0f0677f2a06ca6c1ec614f97d7526ecada407bc0d6ff80cfb7138ba,-7.549999999999955,-7.549999999999955,-7.549999999999955,2,0.0,0.0,True,0.0,safe,False,"[{'position': 133, 'at_interface': False, 'impact': 'none', 'risk_level': 'safe', 'explanation': 'Position 133 is not at tetramer interface'}]"
R248Q,T211S,"R248Q,T211S",1,-1.9500000000000457,-7.149999999999977,-5.199999999999932,0.3700409801825582,1.1876426748641484,-0.8176016946815902,27.699751455515415,-6.762266162457008,0.2148711729344843,"{""burial"": 0.5, ""conservation"": 0.0, ""functional"": 0.0, ""msa_conservation"": 0.5594846917379376}",315fcc097544e3ed505e5344c8043b621526aa51ecc313aaa0c30e69607c5580,-7.149999999999977,-7.149999999999977,-7.149999999999977,2,0.0,0.0,True,0.0,safe,False,"[{'position': 211, 'at_interface': False, 'impact': 'none', 'risk_level': 'safe', 'explanation': 'Position 211 is not at tetramer interface'}]"
R248Q,H214N,"H214N,R248Q",1,-1.9500000000000457,-6.539999999999964,-4.589999999999918,0.3700409801825582,2.0799026937938336,-1.7098617136112757,25.20165685859701,-6.844554733913212,0.211751721114015,"{""burial"": 0.5, ""conservation"": 0.0, ""functional"": 0.0, ""msa_conservation"": 0.5470068844560603}",27649553228eb789077dd176638a1367952b12fb7fba20b3741117632a84b11f,-6.539999999999964,-6.539999999999964,-6.539999999999964,2,0.0,0.0,True,0.0,safe,False,"[{'position': 214, 'at_interface': False, 'impact': 'none', 'risk_level': 'safe', 'explanation': 'Position 214 is not at tetramer interface'}]"
R248Q,C229A,"C229A,R248Q",1,-1.9500000000000457,-6.350000000000023,-4.399999999999977,0.3700409801825582,0.9793741056117028,-0.6093331254291445,15.614259003504316,-8.318071494553365,0.1610791717676506,"{""burial"": 0.5, ""conservation"": 0.0, ""functional"": 0.0, ""msa_conservation"": 0.3443166870706025}",e6021874fe9591797f251d314b8bee746bf45d2f4af4217d473aa9aa333d8099,-6.350000000000023,-6.350000000000023,-6.350000000000023,2,0.0,0.0,True,0.0,safe,False,"[{'position': 229, 'at_interface': False, 'impact': 'none', 'risk_level': 'safe', 'explanation': 'Position 229 is not at tetramer interface'}]"
R248Q,S269A,"R248Q,S269A",1,-1.9500000000000457,-6.0499999999999545,-4.099999999999909,0.3700409801825582,0.1916119076619882,0.17842907252057,23.785470175454385,-7.435735924251715,0.1924952967750806,"{""burial"": 0.5, ""conservation"": 0.0, ""functional"": 0.0, ""msa_conservation"": 0.46998118710032266}",52f351475da3155d0cd84ef38dfe4336082b002bec20526c042607e4d2afd39f,-6.0499999999999545,-6.0499999999999545,-6.0499999999999545,2,0.0,0.0,True,0.0,safe,False,"[{'position': 269, 'at_interface': False, 'impact': 'none', 'risk_level': 'safe', 'explanation': 'Position 269 is not at tetramer interface'}]"
R248Q,A189G,"A189G,R248Q",1,-1.9500000000000457,-6.039999999999964,-4.089999999999918,0.3700409801825582,1.89744066482414,-1.5273996846415816,25.097498500630987,-6.697157206507017,0.1249915051564516,"{""burial"": 0.0, ""conservation"": 0.0, ""functional"": 0.0, ""msa_conservation"": 0.4999660206258064}",8f649a43c8d96cbabd6234c4aaa623ff251b579626f7eefbe4ba5d313a09e09c,-6.039999999999964,-6.039999999999964,-6.039999999999964,2,0.0,0.0,True,0.0,safe,False,"[{'position': 189, 'at_interface': False, 'impact': 'none', 'risk_level': 'safe', 'explanation': 'Position 189 is not at tetramer interface'}]"
R248Q,T230A,"R248Q,T230A",1,-1.9500000000000457,-4.970000000000027,-3.019999999999982,0.3700409801825582,0.942281248918698,-0.5722402687361396,15.614259003504316,-6.704589683004492,0.2283684534653906,"{""burial"": 0.5, ""conservation"": 0.0, ""functional"": 0.0, ""msa_conservation"": 0.6134738138615623}",2454345b75b03e03cf643ed6acab1301fc645fa730d572c2a8d95af859f29375,-4.970000000000027,-4.970000000000027,-4.970000000000027,2,0.0,0.0,True,0.0,safe,False,"[{'position': 230, 'at_interface': False, 'impact': 'none', 'risk_level': 'safe', 'explanation': 'Position 230 is not at tetramer interface'}]"
R248Q,R213Q,"R213Q,R248Q",1,-1.9500000000000457,-4.899999999999977,-2.949999999999932,0.3700409801825582,1.761716498758866,-1.391675518576308,26.255585212503277,-9.021298115417324,0.1465914883356692,"{""burial"": 0.0, ""conservation"": 0.0, ""functional"": 0.0, ""msa_conservation"": 0.586365953342677}",5d5a5f82a86894cfd0427f0b629f744cebf7a8fd8a369ef4490af7e402b8a314,-4.899999999999977,-4.899999999999977,-4.899999999999977,2,0.0,0.0,True,0.0,safe,False,"[{'position': 213, 'at_interface': False, 'impact': 'none', 'risk_level': 'safe', 'explanation': 'Position 213 is not at tetramer interface'}]"
R248Q,S215A,"R248Q,S215A",1,-1.9500000000000457,-4.850000000000023,-2.8999999999999773,0.3700409801825582,0.1875736025523622,0.182467377630196,23.304837437085656,-8.389697017355566,0.1533684534653905,"{""burial"": 0.0, ""conservation"": 0.0, ""functional"": 0.0, ""msa_conservation"": 0.6134738138615623}",d5f7bac14301b8a10aeef674ff58aa2319ac27477d454b4336020b91cddd84a2,-4.850000000000023,-4.850000000000023,-4.850000000000023,2,0.0,0.0,True,0.0,safe,False,"[{'position': 215, 'at_interface': False, 'impact': 'none', 'risk_level': 'safe', 'explanation': 'Position 215 is not at tetramer interface'}]"
R248Q,T230S,"R248Q,T230S",1,-1.9500000000000457,-4.769999999999982,-2.8199999999999363,0.3700409801825582,1.489092707556646,-1.119051727374088,15.614259003504316,-8.689282807756749,0.2283684534653906,"{""burial"": 0.5, ""conservation"": 0.0, ""functional"": 0.0, ""msa_conservation"": 0.6134738138615623}",a83848b0b4ff3ed025b0c8b7f1cf0c599f02fc4a598685398c19fff43e93fe38,-4.769999999999982,-4.769999999999982,-4.769999999999982,2,0.0,0.0,True,0.0,safe,False,"[{'position': 230, 'at_interface': False, 'impact': 'none', 'risk_level': 'safe', 'explanation': 'Position 230 is not at tetramer interface'}]"
R248Q,A161S,"A161S,R248Q",1,-1.9500000000000457,-4.600000000000023,-2.6499999999999773,0.3700409801825582,1.6583157759307987,-1.2882747957482406,25.24773638260135,-9.076574832359242,0.1465914883356692,"{""burial"": 0.0, ""conservation"": 0.0, ""functional"": 0.0, ""msa_conservation"": 0.586365953342677}",d0c47eabc58bfe967116b746a7fe6040c91134092a3fa8ad15c91ca03686f7de,-4.600000000000023,-4.600000000000023,-4.600000000000023,2,0.0,0.0,True,0.0,safe,False,"[{'position': 161, 'at_interface': False, 'impact': 'none', 'risk_level': 'safe', 'explanation': 'Position 161 is not at tetramer interface'}]"
R248Q,N235Q,"N235Q,R248Q",1,-1.9500000000000457,-4.590000000000032,-2.6399999999999864,0.3700409801825582,0.724568335734932,-0.3545273555523737,23.987584013099287,-8.54906128078971,0.1929557226452159,"{""burial"": 0.5, ""conservation"": 0.0, ""functional"": 0.0, ""msa_conservation"": 0.4718228905808638}",c29b9e523a74caf131079628c5bc5445b3c915697a8f28fbc27eafdd02d12037,-4.590000000000032,-4.590000000000032,-4.590000000000032,2,0.0,0.0,True,0.0,safe,False,"[{'position': 235, 'at_interface': False, 'impact': 'none', 'risk_level': 'safe', 'explanation': 'Position 235 is not at tetramer interface'}]"
R248Q,M133V,"M133V,R248Q",1,-1.9500000000000457,-4.519999999999982,-2.5699999999999363,0.3700409801825582,0.5087723196472504,-0.1387313394646921,24.66656545071213,-6.684725120925709,0.1200582686512072,"{""burial"": 0.0, ""conservation"": 0.0, ""functional"": 0.0, ""msa_conservation"": 0.480233074604829}",7f0c998231e732022efc35e0baaa3a335af7c55e6a9ccc2ff339ffb079423168,-4.519999999999982,-4.519999999999982,-4.519999999999982,2,0.0,0.0,True,0.0,safe,False,"[{'position': 133, 'at_interface': False, 'impact': 'none', 'risk_level': 'safe', 'explanation': 'Position 133 is not at tetramer interface'}]"
R248Q,V172I,"R248Q,V172I",1,-1.9500000000000457,-4.439999999999941,-2.4899999999998954,0.3700409801825582,-0.1520305392416171,0.5220715194241754,28.356475243508697,-6.485980293508104,0.2283684534653906,"{""burial"": 0.5, ""conservation"": 0.0, ""functional"": 0.0, ""msa_conservation"": 0.6134738138615623}",7bc9a7a5c447dd0a983e7991dac10e105dc6a38a762323d6945c1c24208b71f4,-4.439999999999941,-4.439999999999941,-4.439999999999941,2,0.0,0.0,True,0.0,safe,False,"[{'position': 172, 'at_interface': False, 'impact': 'none', 'risk_level': 'safe', 'explanation': 'Position 172 is not at tetramer interface'}]"
R248Q,L145I,"L145I,R248Q",1,-1.9500000000000457,-3.5699999999999363,-1.6199999999998909,0.3700409801825582,1.2151528399886715,-0.8451118598061135,18.16851352783805,-7.570147407974515,0.1004554971279038,"{""burial"": 0.0, ""conservation"": 0.0, ""functional"": 0.0, ""msa_conservation"": 0.40182198851161544}",4fd19f7ad60eabdfa1fcbb1f15310cd57fef83e8b67eb35db0a03ad188a6455d,-3.5699999999999363,-3.5699999999999363,-3.5699999999999363,2,0.0,0.0,True,0.0,safe,False,"[{'position': 145, 'at_interface': False, 'impact': 'none', 'risk_level': 'safe', 'explanation': 'Position 145 is not at tetramer interface'}]"
R248Q,T155A,"R248Q,T155A",1,-1.9500000000000457,-3.480000000000018,-1.5299999999999727,0.3700409801825582,0.921653932981298,-0.5516129527987398,18.343086471060076,-6.176237432801079,0.0952389614257004,"{""burial"": 0.0, ""conservation"": 0.0, ""functional"": 0.0, ""msa_conservation"": 0.38095584570280183}",2ee93b8200549967ed4793074955369c73275b3dd4ea6bc7040b212dbe1bc34e,-3.480000000000018,-3.480000000000018,-3.480000000000018,2,0.0,0.0,True,0.0,safe,False,"[{'position': 155, 'at_interface': False, 'impact': 'none', 'risk_level': 'safe', 'explanation': 'Position 155 is not at tetramer interface'}]"
R248Q,Y220F,"R248Q,Y220F",1,-1.9500000000000457,-3.439999999999941,-1.4899999999998954,0.3700409801825582,0.1592353991187967,0.2108055810637615,15.614259003504316,-9.140904735995692,0.2283684534653906,"{""burial"": 0.5, ""conservation"": 0.0, ""functional"": 0.0, ""msa_conservation"": 0.6134738138615623}",a01bde1b7e3b4bbe5182b0dc1e69af0fce1575b1a8bd604f2f5447d0ef9597dc,-3.439999999999941,-3.439999999999941,-3.439999999999941,2,0.0,0.0,True,0.0,safe,False,"[{'position': 220, 'at_interface': False, 'impact': 'none', 'risk_level': 'safe', 'explanation': 'Position 220 is not at tetramer interface'}]"
R248Q,V147L,"R248Q,V147L",1,-1.9500000000000457,-3.189999999999941,-1.2399999999998954,0.3700409801825582,0.7290366890432048,-0.3589957088606466,19.31338352485072,-9.153860692005653,0.2095901598780861,"{""burial"": 0.5, ""conservation"": 0.0, ""functional"": 0.0, ""msa_conservation"": 0.5383606395123446}",44f2cf7d6494a7c34678dba0bda694b680747b3171fa765b2a79cafb14863e67,-3.189999999999941,-3.189999999999941,-3.189999999999941,2,0.0,0.0,True,0.0,safe,False,"[{'position': 147, 'at_interface': False, 'impact': 'none', 'risk_level': 'safe', 'explanation': 'Position 147 is not at tetramer interface'}]"
R248Q,T155S,"R248Q,T155S",1,-1.9500000000000457,-2.8799999999999955,-0.92999999999995,0.3700409801825582,1.771641498822757,-1.4016005186401983,18.343086471060076,-6.604602703272253,0.0952389614257004,"{""burial"": 0.0, ""conservation"": 0.0, ""functional"": 0.0, ""msa_conservation"": 0.38095584570280183}",1026be5da9f936032ad8d7a4660bf3fdac5039501643ce579f096df03f49cb62,-2.8799999999999955,-2.8799999999999955,-2.8799999999999955,2,0.0,0.0,True,0.0,safe,False,"[{'position': 155, 'at_interface': False, 'impact': 'none', 'risk_level': 'safe', 'explanation': 'Position 155 is not at tetramer interface'}]"
R248Q,C124S,"C124S,R248Q",1,-1.9500000000000457,-2.6100000000000136,-0.6599999999999682,0.3700409801825582,1.494682444939662,-1.124641464757104,24.755065959492427,-9.329774318011868,0.1958849124183419,"{""burial"": 0.5, ""conservation"": 0.0, ""functional"": 0.0, ""msa_conservation"": 0.4835396496733677}",fc95954e33841882d9126d7bb8fc12ec35b93c12ad74b7fac96b7742faffcccd,-2.6100000000000136,-2.6100000000000136,-2.6100000000000136,2,0.0,0.0,True,0.0,safe,False,"[{'position': 124, 'at_interface': False, 'impact': 'none', 'risk_level': 'safe', 'explanation': 'Position 124 is not at tetramer interface'}]"
R248Q,C275S,"C275S,R248Q",1,-1.9500000000000457,-1.6599999999999682,0.2900000000000773,0.3700409801825582,1.5111697043522274,-1.1411287241696693,28.64230258009684,-9.394006918026854,0.2283684534653906,"{""burial"": 0.5, ""conservation"": 0.0, ""functional"": 0.0, ""msa_conservation"": 0.6134738138615624}",0c6e3b71085603bdda914f07dd3aa544641c738b3b2567d099d07f4d699a7fcf,-1.6599999999999682,-1.6599999999999682,-1.6599999999999682,2,0.0,0.0,True,0.0,safe,False,"[{'position': 275, 'at_interface': False, 'impact': 'none', 'risk_level': 'safe', 'explanation': 'Position 275 is not at tetramer interface'}]"
R248Q,T253S,"R248Q,T253S",1,-1.9500000000000457,-1.509999999999991,0.4400000000000545,0.3700409801825582,2.1196653753275108,-1.7496243951449526,24.442577585452696,-8.722577908226835,0.1533684534653905,"{""burial"": 0.0, ""conservation"": 0.0, ""functional"": 0.0, ""msa_conservation"": 0.6134738138615623}",c7bcbe2bf0ddc0ae4efa44a8d636364b8d65291a969000edd731012112643f09,-1.509999999999991,-1.509999999999991,-1.509999999999991,2,0.0,0.0,True,0.0,safe,False,"[{'position': 253, 'at_interface': False, 'impact': 'none', 'risk_level': 'safe', 'explanation': 'Position 253 is not at tetramer interface'}]"
R248Q,P142S,"P142S,R248Q",1,-1.9500000000000457,-1.4399999999999409,0.5100000000001046,0.3700409801825582,0.6827684379836557,-0.3127274578010974,20.57342722577578,-5.724774451940806,0.2215914883356692,"{""burial"": 0.5, ""conservation"": 0.0, ""functional"": 0.0, ""msa_conservation"": 0.586365953342677}",a3e8186055f1454895eeed719bcbcfeab37b440b1c3111124db42231ae2632dc,-1.4399999999999409,-1.4399999999999409,-1.4399999999999409,2,0.0,0.0,True,0.0,safe,False,"[{'position': 142, 'at_interface': False, 'impact': 'none', 'risk_level': 'safe', 'explanation': 'Position 142 is not at tetramer interface'}]"
R248Q,I232L,"I232L,R248Q",1,-1.9500000000000457,-1.2899999999999636,0.6600000000000819,0.3700409801825582,1.2855712081035695,-0.9155302279210116,18.995872577490783,-8.675100859406966,0.2014667933916918,"{""burial"": 0.5, ""conservation"": 0.0, ""functional"": 0.0, ""msa_conservation"": 0.5058671735667676}",d40d50f11516d73374dc095af07c703ded082e830f2f26e9a78f219005f9d81d,-1.2899999999999636,-1.2899999999999636,-1.2899999999999636,2,0.0,0.0,True,0.0,safe,False,"[{'position': 232, 'at_interface': False, 'impact': 'none', 'risk_level': 'safe', 'explanation': 'Position 232 is not at tetramer interface'}]"
R248Q,V157I,"R248Q,V157I",1,-1.9500000000000457,-1.2799999999999727,0.6700000000000728,0.3700409801825582,0.2658327121692538,0.1042082680133044,18.50868267807201,-8.344189329580127,0.1109933388512084,"{""burial"": 0.0, ""conservation"": 0.0, ""functional"": 0.0, ""msa_conservation"": 0.44397335540483374}",a088aec410ac7d1f2bd977a1d0a609e1da9c41ca464be65e8b496c520b6b681b,-1.2799999999999727,-1.2799999999999727,-1.2799999999999727,2,0.0,0.0,True,0.0,safe,False,"[{'position': 157, 'at_interface': False, 'impact': 'none', 'risk_level': 'safe', 'explanation': 'Position 157 is not at tetramer interface'}]"
R248Q,F134Y,"F134Y,R248Q",1,-1.9500000000000457,-1.2300000000000182,0.7200000000000273,0.3700409801825582,1.2968438281295436,-0.9268028479469852,25.97845309494428,-8.513905782384679,0.1328613742662528,"{""burial"": 0.0, ""conservation"": 0.0, ""functional"": 0.0, ""msa_conservation"": 0.5314454970650115}",7e6f0db20cf93d34568bd51d57d4fe4b34c1d616c1eeb68523f4720d8a083851,-1.2300000000000182,-1.2300000000000182,-1.2300000000000182,2,0.0,0.0,True,0.0,safe,False,"[{'position': 134, 'at_interface': False, 'impact': 'none', 'risk_level': 'safe', 'explanation': 'Position 134 is not at tetramer interface'}]"
R248Q,N235S,"N235S,R248Q",1,-1.9500000000000457,-1.1299999999999957,0.82000000000005,0.3700409801825582,1.458463526091358,-1.0884225459088,23.987584013099287,-9.274605688390556,0.1929557226452159,"{""burial"": 0.5, ""conservation"": 0.0, ""functional"": 0.0, ""msa_conservation"": 0.4718228905808638}",c5bc74c8ef483024e666572a1562726ffcda03ef7561717e7d5d5ff8ed842876,-1.1299999999999957,-1.1299999999999957,-1.1299999999999957,2,0.0,0.0,True,0.0,safe,False,"[{'position': 235, 'at_interface': False, 'impact': 'none', 'risk_level': 'safe', 'explanation': 'Position 235 is not at tetramer interface'}]"
R248Q,C141A,"C141A,R248Q",1,-1.9500000000000457,-0.8500000000000227,1.1000000000000227,0.3700409801825582,0.603160922639922,-0.2331199424573637,22.36721912466224,-9.40239075280626,0.1249915051564515,"{""burial"": 0.0, ""conservation"": 0.0, ""functional"": 0.0, ""msa_conservation"": 0.4999660206258063}",359d2a8dc1442dc2fd5dd5739b0a59e5bf2106b679cae6c56ea9f7361604433b,-0.8500000000000227,-0.8500000000000227,-0.8500000000000227,2,0.0,0.0,True,0.0,safe,False,"[{'position': 141, 'at_interface': False, 'impact': 'none', 'risk_level': 'safe', 'explanation': 'Position 141 is not at tetramer interface'}]"
R248Q,I255V,"I255V,R248Q",1,-1.9500000000000457,-0.75,1.2000000000000457,0.3700409801825582,1.270405552140225,-0.9003645719576671,21.650166116989183,-8.929123820460765,0.1264667933916919,"{""burial"": 0.0, ""conservation"": 0.0, ""functional"": 0.0, ""msa_conservation"": 0.5058671735667676}",b093325b7f11718c10b1738c05a529fa52724d4a0b559339266a6d5a864fc957,-0.75,-0.75,-0.75,2,0.0,0.0,True,0.0,safe,False,"[{'position': 255, 'at_interface': False, 'impact': 'none', 'risk_level': 'safe', 'explanation': 'Position 255 is not at tetramer interface'}]"
R248Q,T253V,"R248Q,T253V",1,-1.9500000000000457,-0.3099999999999454,1.6400000000001,0.3700409801825582,-0.8020243208736494,1.1720653010562077,24.442577585452696,-9.162230305428348,0.1533684534653905,"{""burial"": 0.0, ""conservation"": 0.0, ""functional"": 0.0, ""msa_conservation"": 0.6134738138615623}",759025026594f2eae4b8a3fbd32cb1a56332ed0df0fa870e415679bb60a37a95,-0.3099999999999454,-0.3099999999999454,-0.3099999999999454,2,0.0,0.0,True,0.0,safe,False,"[{'position': 253, 'at_interface': False, 'impact': 'none', 'risk_level': 'safe', 'explanation': 'Position 253 is not at tetramer interface'}]"
R248Q,P142A,"P142A,R248Q",1,-1.9500000000000457,-0.2799999999999727,1.6700000000000728,0.3700409801825582,0.2576070404042213,0.1124339397783369,20.57342722577578,-7.039905972997469,0.2215914883356692,"{""burial"": 0.5, ""conservation"": 0.0, ""functional"": 0.0, ""msa_conservation"": 0.586365953342677}",5df84209b770a3670a1373276c6f8bbe756c7aa5e2f9d2b788818c0ee1ddbe23,-0.2799999999999727,-0.2799999999999727,-0.2799999999999727,2,0.0,0.0,True,0.0,safe,False,"[{'position': 142, 'at_interface': False, 'impact': 'none', 'risk_level': 'safe', 'explanation': 'Position 142 is not at tetramer interface'}]"
R248Q,T230V,"R248Q,T230V",1,-1.9500000000000457,-0.0699999999999363,1.8800000000001091,0.3700409801825582,0.0710472999884043,0.2989936801941539,15.614259003504316,-5.590498742231879,0.2283684534653906,"{""burial"": 0.5, ""conservation"": 0.0, ""functional"": 0.0, ""msa_conservation"": 0.6134738138615623}",1c768d117959996ebd2627919a1d3859857c5dba2f8c500893756e7f58e8c3b6,-0.0699999999999363,-0.0699999999999363,-0.0699999999999363,2,0.0,0.0,True,0.0,safe,False,"[{'position': 230, 'at_interface': False, 'impact': 'none', 'risk_level': 'safe', 'explanation': 'Position 230 is not at tetramer interface'}]"
R248Q,T256V,"R248Q,T256V",1,-1.9500000000000457,0.0499999999999545,2.0,0.3700409801825582,-0.4539111879344149,0.8239521681169731,21.02657612752809,-9.235598788734098,0.2215914883356692,"{""burial"": 0.5, ""conservation"": 0.0, ""functional"": 0.0, ""msa_conservation"": 0.5863659533426769}",cf230adb9a5782da447d1b97e92b88be048ce757d35679bbfdd1c39513d8237c,0.0499999999999545,0.0499999999999545,0.0499999999999545,2,0.0,0.0,True,0.0,safe,False,"[{'position': 256, 'at_interface': False, 'impact': 'none', 'risk_level': 'safe', 'explanation': 'Position 256 is not at tetramer interface'}]"
R248Q,F109Y,"F109Y,R248Q",1,-1.9500000000000457,0.1200000000000045,2.07000000000005,0.3700409801825582,0.5472405550459375,-0.1771995748633792,20.89300614960775,-9.124247083674256,0.1393192201971301,"{""burial"": 0.0, ""conservation"": 0.0, ""functional"": 0.0, ""msa_conservation"": 0.5572768807885204}",501e5cce9433bb19fa24d96c732e328097135d08445cc9c371965a5eeb11c9e1,0.1200000000000045,0.1200000000000045,0.1200000000000045,2,0.0,0.0,True,0.0,safe,False,"[{'position': 109, 'at_interface': False, 'impact': 'none', 'risk_level': 'safe', 'explanation': 'Position 109 is not at tetramer interface'}]"
R248Q,L145M,"L145M,R248Q",1,-1.9500000000000457,0.57000000000005,2.5200000000000955,0.3700409801825582,1.628206178252302,-1.2581651980697437,18.16851352783805,-8.276423236392137,0.1004554971279038,"{""burial"": 0.0, ""conservation"": 0.0, ""functional"": 0.0, ""msa_conservation"": 0.40182198851161544}",a68cac47680676d1e46c157b56f70dfddde22d107ff9c68c0a837b1a3ceb2a43,0.57000000000005,0.57000000000005,0.57000000000005,2,0.0,0.0,True,0.0,safe,False,"[{'position': 145, 'at_interface': False, 'impact': 'none', 'risk_level': 'safe', 'explanation': 'Position 145 is not at tetramer interface'}]"
R248Q,L257M,"L257M,R248Q",1,-1.9500000000000457,0.6299999999999955,2.580000000000041,0.3700409801825582,1.774646927028548,-1.4046059468459895,19.695424572222645,-8.947133037852954,0.1533684534653906,"{""burial"": 0.0, ""conservation"": 0.0, ""functional"": 0.0, ""msa_conservation"": 0.6134738138615625}",d2503aabe9d35a4c7eb9262702782adbd6a3cc3100be4f81e0d63f031eb0c343,0.6299999999999955,0.6299999999999955,0.6299999999999955,2,0.0,0.0,True,0.0,safe,False,"[{'position': 257, 'at_interface': False, 'impact': 'none', 'risk_level': 'safe', 'explanation': 'Position 257 is not at tetramer interface'}]"
R248Q,V217L,"R248Q,V217L",1,-1.9500000000000457,1.0,2.9500000000000455,0.3700409801825582,0.3229959656300546,0.0470450145525036,20.209750666523405,-7.247654142830272,0.1102353035322417,"{""burial"": 0.0, ""conservation"": 0.0, ""functional"": 0.0, ""msa_conservation"": 0.4409412141289669}",d23e2e7a8db2ec4d6f929d8641f41da5722e76610608ed5970c42b237aaaf987,1.0,1.0,1.0,2,0.0,0.0,True,0.0,safe,False,"[{'position': 217, 'at_interface': False, 'impact': 'none', 'risk_level': 'safe', 'explanation': 'Position 217 is not at tetramer interface'}]"
R248Q,T211V,"R248Q,T211V",1,-1.9500000000000457,1.3400000000000318,3.2900000000000773,0.3700409801825582,0.541923416072087,-0.1718824358895287,27.699751455515415,-9.185452131593026,0.2148711729344843,"{""burial"": 0.5, ""conservation"": 0.0, ""functional"": 0.0, ""msa_conservation"": 0.5594846917379376}",8fc90da6afc4cf943431603fae71a92053e2835a1fd6dd174c81d432b5609436,1.3400000000000318,1.3400000000000318,1.3400000000000318,2,0.0,0.0,True,0.0,safe,False,"[{'position': 211, 'at_interface': False, 'impact': 'none', 'risk_level': 'safe', 'explanation': 'Position 211 is not at tetramer interface'}]"
R248Q,G112S,"G112S,R248Q",1,-1.9500000000000457,1.7200000000000273,3.6700000000000728,0.3700409801825582,1.127114164206117,-0.757073184023559,19.854989952375384,-9.432997468837009,0.1732146475159586,"{""burial"": 0.5, ""conservation"": 0.0, ""functional"": 0.0, ""msa_conservation"": 0.3928585900638347}",1a5e9e7f74a953d0aa17c482179276ca9279a45b81cd9f07b56e27417d14b274,1.7200000000000273,1.7200000000000273,1.7200000000000273,2,0.0,0.0,True,0.0,safe,False,"[{'position': 112, 'at_interface': False, 'impact': 'none', 'risk_level': 'safe', 'explanation': 'Position 112 is not at tetramer interface'}]"
R248Q,I162L,"I162L,R248Q",1,-1.9500000000000457,1.8100000000000591,3.7600000000001046,0.3700409801825582,0.4429375212002712,-0.0728965410177129,26.770422493955845,-9.35206669300671,0.1238348068825638,"{""burial"": 0.0, ""conservation"": 0.0, ""functional"": 0.0, ""msa_conservation"": 0.4953392275302555}",af45d1b8f11392accfb1994482603ce9f8cbecc93dce09f68e7f969d13071e53,1.8100000000000591,1.8100000000000591,1.8100000000000591,2,0.0,0.0,True,0.0,safe,False,"[{'position': 162, 'at_interface': False, 'impact': 'none', 'risk_level': 'safe', 'explanation': 'Position 162 is not at tetramer interface'}]"
R248Q,G266A,"G266A,R248Q",1,-1.9500000000000457,2.07000000000005,4.0200000000000955,0.3700409801825582,-0.1434392029201925,0.5134801831027508,21.7388292511032,-6.722323300497605,0.1533684534653906,"{""burial"": 0.0, ""conservation"": 0.0, ""functional"": 0.0, ""msa_conservation"": 0.6134738138615624}",4ff9ea57595a201adee5771457645a26119cb2112f6c8573d6b10ff0cc5c19f5,2.07000000000005,2.07000000000005,2.07000000000005,2,0.0,0.0,True,0.0,safe,False,"[{'position': 266, 'at_interface': False, 'impact': 'none', 'risk_level': 'safe', 'explanation': 'Position 266 is not at tetramer interface'}]"
R248Q,I255L,"I255L,R248Q",1,-1.9500000000000457,2.1399999999999864,4.090000000000032,0.3700409801825582,1.02017692012341,-0.6501359399408518,21.650166116989183,-9.42238198498027,0.1264667933916919,"{""burial"": 0.0, ""conservation"": 0.0, ""functional"": 0.0, ""msa_conservation"": 0.5058671735667676}",e4011f38191b3fa152e838837509c340a6a2b386d2296adda7c6ebf8b0be1318,2.1399999999999864,2.1399999999999864,2.1399999999999864,2,0.0,0.0,True,0.0,safe,False,"[{'position': 255, 'at_interface': False, 'impact': 'none', 'risk_level': 'safe', 'explanation': 'Position 255 is not at tetramer interface'}]"
R248Q,G112A,"G112A,R248Q",1,-1.9500000000000457,3.659999999999968,5.610000000000014,0.3700409801825582,0.7310694521345296,-0.3610284719519713,19.854989952375384,-9.131041520343182,0.1732146475159586,"{""burial"": 0.5, ""conservation"": 0.0, ""functional"": 0.0, ""msa_conservation"": 0.3928585900638347}",2accac68430c434aa44b340ee873d5def28a9a5306189a73f81b5b947d78a991,3.659999999999968,3.659999999999968,3.659999999999968,2,0.0,0.0,True,0.0,safe,False,"[{'position': 112, 'at_interface': False, 'impact': 'none', 'risk_level': 'safe', 'explanation': 'Position 112 is not at tetramer interface'}]"
R248Q,T155V,"R248Q,T155V",1,-1.9500000000000457,3.7000000000000455,5.650000000000091,0.3700409801825582,0.0034820550403447,0.3665589251422135,18.343086471060076,-6.908219393219062,0.0952389614257004,"{""burial"": 0.0, ""conservation"": 0.0, ""functional"": 0.0, ""msa_conservation"": 0.38095584570280183}",e50842120004467e790435ffb821db683a6422b18eef610fe0129e9ac7ae52cd,3.7000000000000455,3.7000000000000455,3.7000000000000455,2,0.0,0.0,True,0.0,safe,False,"[{'position': 155, 'at_interface': False, 'impact': 'none', 'risk_level': 'safe', 'explanation': 'Position 155 is not at tetramer interface'}]"
R248Q,F109L,"F109L,R248Q",1,-1.9500000000000457,3.930000000000064,5.880000000000109,0.3700409801825582,2.673643095689376,-2.303602115506818,20.89300614960775,-9.171513726939772,0.1393192201971301,"{""burial"": 0.0, ""conservation"": 0.0, ""functional"": 0.0, ""msa_conservation"": 0.5572768807885204}",0f35de7ba2508e7fabfd3c41570937d71d12c374ffbf0faf8db05e21ca6c9afe,3.930000000000064,3.930000000000064,3.930000000000064,2,0.0,0.0,True,0.0,safe,False,"[{'position': 109, 'at_interface': False, 'impact': 'none', 'risk_level': 'safe', 'explanation': 'Position 109 is not at tetramer interface'}]"
R248Q,V143L,"R248Q,V143L",1,-1.9500000000000457,4.1299999999999955,6.080000000000041,0.3700409801825582,1.54494748606127,-1.1749065058787118,19.793606289964817,-8.850078002960352,0.1301500467617718,"{""burial"": 0.0, ""conservation"": 0.0, ""functional"": 0.0, ""msa_conservation"": 0.5206001870470872}",06c4e2dbd4a346c29c1cede240bcf414bece18424e0903067735c7a9860efb8a,4.1299999999999955,4.1299999999999955,4.1299999999999955,2,0.0,0.0,True,0.0,safe,False,"[{'position': 143, 'at_interface': False, 'impact': 'none', 'risk_level': 'safe', 'explanation': 'Position 143 is not at tetramer interface'}]"
R273H,R196Q,"R196Q,R273H",1,-1.8199999999999363,-12.610000000000014,-10.790000000000076,0.6185834857969199,2.1901729393325127,-1.5715894535355928,19.449063854651108,-8.566216750497093,0.2283684534653906,"{""burial"": 0.5, ""conservation"": 0.0, ""functional"": 0.0, ""msa_conservation"": 0.6134738138615623}",9bcf210a26e75b0a721acd2a0fb98400f2f31cb3d4ac5cd6513ca866b5075300,-12.610000000000014,-12.610000000000014,-12.610000000000014,2,0.0,0.0,True,0.0,safe,False,"[{'position': 196, 'at_interface': False, 'impact': 'none', 'risk_level': 'safe', 'explanation': 'Position 196 is not at tetramer interface'}]"
R273H,R196K,"R196K,R273H",1,-1.8199999999999363,-11.809999999999944,-9.990000000000007,0.6185834857969199,2.0830299503051157,-1.4644464645081958,19.449063854651108,-7.503073290024213,0.2283684534653906,"{""burial"": 0.5, ""conservation"": 0.0, ""functional"": 0.0, ""msa_conservation"": 0.6134738138615623}",d1eb918382330b0df30cbd2edb754b8cd408dc254de8dd65072dd09aa19e6301,-11.809999999999944,-11.809999999999944,-11.809999999999944,2,0.0,0.0,True,0.0,safe,False,"[{'position': 196, 'at_interface': False, 'impact': 'none', 'risk_level': 'safe', 'explanation': 'Position 196 is not at tetramer interface'}]"
R273H,R196H,"R196H,R273H",1,-1.8199999999999363,-11.379999999999995,-9.56000000000006,0.6185834857969199,1.7114784532271237,-1.0928949674302038,19.449063854651108,-6.877526426165854,0.2283684534653906,"{""burial"": 0.5, ""conservation"": 0.0, ""functional"": 0.0, ""msa_conservation"": 0.6134738138615623}",70e176eaa78c3aa1dcf32c5f9097b446599db02ef8ac5bc458fc773a7ff4ef67,-11.379999999999995,-11.379999999999995,-11.379999999999995,2,0.0,0.0,True,0.0,safe,False,"[{'position': 196, 'at_interface': False, 'impact': 'none', 'risk_level': 'safe', 'explanation': 'Position 196 is not at tetramer interface'}]"
R273H,S95A,"R273H,S95A",1,-1.8199999999999363,-8.049999999999955,-6.230000000000018,0.6185834857969199,-0.0291950929141591,0.647778578711079,25.248906728967896,-8.122544969047324,0.1861884977302301,"{""burial"": 0.5, ""conservation"": 0.0, ""functional"": 0.0, ""msa_conservation"": 0.4447539909209204}",24f34dea4b00bfe55ef926931414f5e7bd1df56b9bb2aeedcc37c40427c7864f,-8.049999999999955,-8.049999999999955,-8.049999999999955,2,0.0,0.0,True,1.5,medium,True,"[{'position': 95, 'mutation': 'S95A', 'wt_aa': 'S', 'mut_aa': 'A', 'at_interface': True, 'impact_score': 1.5, 'impact': 'mild', 'risk_level': 'medium', 'explanations': 'Loss of H-bond capability at interface (S→A)'}]"
R273H,T211A,"R273H,T211A",1,-1.8199999999999363,-7.230000000000018,-5.410000000000082,0.6185834857969199,1.0729563510326248,-0.4543728652357048,23.58471157355467,-9.45431615585377,0.2148711729344843,"{""burial"": 0.5, ""conservation"": 0.0, ""functional"": 0.0, ""msa_conservation"": 0.5594846917379376}",a6e0d398c33e4bad946ec12bbe55349c25a739d1ef6d86353039c7ec381f5078,-7.230000000000018,-7.230000000000018,-7.230000000000018,2,0.0,0.0,True,0.0,safe,False,"[{'position': 211, 'at_interface': False, 'impact': 'none', 'risk_level': 'safe', 'explanation': 'Position 211 is not at tetramer interface'}]"
R273H,H214N,"H214N,R273H",1,-1.8199999999999363,-6.399999999999977,-4.580000000000041,0.6185834857969199,2.328445199408195,-1.7098617136112753,21.086616976636268,-8.404548295899374,0.211751721114015,"{""burial"": 0.5, ""conservation"": 0.0, ""functional"": 0.0, ""msa_conservation"": 0.5470068844560603}",27649553228eb789077dd176638a1367952b12fb7fba20b3741117632a84b11f,-6.399999999999977,-6.399999999999977,-6.399999999999977,2,0.0,0.0,True,0.0,safe,False,"[{'position': 214, 'at_interface': False, 'impact': 'none', 'risk_level': 'safe', 'explanation': 'Position 214 is not at tetramer interface'}]"
R273H,A189S,"A189S,R273H",1,-1.8199999999999363,-6.330000000000041,-4.510000000000105,0.6185834857969199,1.3379509009208177,-0.7193674151238978,20.982458618670247,-8.87167095394843,0.1249915051564516,"{""burial"": 0.0, ""conservation"": 0.0, ""functional"": 0.0, ""msa_conservation"": 0.4999660206258064}",b9b84b79e626e006ba5d83f5a687db7862abebc47fd7c38f9a48537bfe16c9f2,-6.330000000000041,-6.330000000000041,-6.330000000000041,2,0.0,0.0,True,0.0,safe,False,"[{'position': 189, 'at_interface': False, 'impact': 'none', 'risk_level': 'safe', 'explanation': 'Position 189 is not at tetramer interface'}]"
R273H,C229A,"C229A,R273H",1,-1.8199999999999363,-6.210000000000036,-4.3900000000001,0.6185834857969199,1.2279166112260644,-0.6093331254291445,11.499219121543575,-6.985689524135811,0.1610791717676506,"{""burial"": 0.5, ""conservation"": 0.0, ""functional"": 0.0, ""msa_conservation"": 0.3443166870706025}",e6021874fe9591797f251d314b8bee746bf45d2f4af4217d473aa9aa333d8099,-6.210000000000036,-6.210000000000036,-6.210000000000036,2,0.0,0.0,True,0.0,safe,False,"[{'position': 229, 'at_interface': False, 'impact': 'none', 'risk_level': 'safe', 'explanation': 'Position 229 is not at tetramer interface'}]"
R273H,A189G,"A189G,R273H",1,-1.8199999999999363,-5.899999999999977,-4.080000000000041,0.6185834857969199,2.1459831704385017,-1.5273996846415818,20.982458618670247,-9.104608910517,0.1249915051564516,"{""burial"": 0.0, ""conservation"": 0.0, ""functional"": 0.0, ""msa_conservation"": 0.4999660206258064}",8f649a43c8d96cbabd6234c4aaa623ff251b579626f7eefbe4ba5d313a09e09c,-5.899999999999977,-5.899999999999977,-5.899999999999977,2,0.0,0.0,True,0.0,safe,False,"[{'position': 189, 'at_interface': False, 'impact': 'none', 'risk_level': 'safe', 'explanation': 'Position 189 is not at tetramer interface'}]"
R273H,Y163F,"R273H,Y163F",1,-1.8199999999999363,-5.230000000000018,-3.410000000000082,0.6185834857969199,0.6736467429180761,-0.0550632571211562,24.38511965255487,-9.323617142466055,0.1533684534653905,"{""burial"": 0.0, ""conservation"": 0.0, ""functional"": 0.0, ""msa_conservation"": 0.6134738138615623}",d5567b1ef2f55e2cf38060786bb0528d55971412cf0e3d7bb0c4291da2cede9c,-5.230000000000018,-5.230000000000018,-5.230000000000018,2,0.0,0.0,True,0.0,safe,False,"[{'position': 163, 'at_interface': False, 'impact': 'none', 'risk_level': 'safe', 'explanation': 'Position 163 is not at tetramer interface'}]"
R273H,T230A,"R273H,T230A",1,-1.8199999999999363,-4.840000000000032,-3.0200000000000955,0.6185834857969199,1.1908237545330596,-0.5722402687361396,11.499219121543575,-7.854340724192689,0.2283684534653906,"{""burial"": 0.5, ""conservation"": 0.0, ""functional"": 0.0, ""msa_conservation"": 0.6134738138615623}",2454345b75b03e03cf643ed6acab1301fc645fa730d572c2a8d95af859f29375,-4.840000000000032,-4.840000000000032,-4.840000000000032,2,0.0,0.0,True,0.0,safe,False,"[{'position': 230, 'at_interface': False, 'impact': 'none', 'risk_level': 'safe', 'explanation': 'Position 230 is not at tetramer interface'}]"
R273H,M133L,"M133L,R273H",1,-1.8199999999999363,-4.75,-2.9300000000000637,0.6185834857969199,0.2101341669894104,0.4084493188075094,20.55152556875139,-8.672757609565146,0.1200582686512072,"{""burial"": 0.0, ""conservation"": 0.0, ""functional"": 0.0, ""msa_conservation"": 0.480233074604829}",d158f578a0f0677f2a06ca6c1ec614f97d7526ecada407bc0d6ff80cfb7138ba,-4.75,-4.75,-4.75,2,0.0,0.0,True,0.0,safe,False,"[{'position': 133, 'at_interface': False, 'impact': 'none', 'risk_level': 'safe', 'explanation': 'Position 133 is not at tetramer interface'}]"
R273H,S215A,"R273H,S215A",1,-1.8199999999999363,-4.710000000000036,-2.8900000000001,0.6185834857969199,0.4361161081667238,0.182467377630196,19.189797555124915,-7.5444040169170865,0.1533684534653905,"{""burial"": 0.0, ""conservation"": 0.0, ""functional"": 0.0, ""msa_conservation"": 0.6134738138615623}",d5f7bac14301b8a10aeef674ff58aa2319ac27477d454b4336020b91cddd84a2,-4.710000000000036,-4.710000000000036,-4.710000000000036,2,0.0,0.0,True,0.0,safe,False,"[{'position': 215, 'at_interface': False, 'impact': 'none', 'risk_level': 'safe', 'explanation': 'Position 215 is not at tetramer interface'}]"
R273H,V172I,"R273H,V172I",1,-1.8199999999999363,-4.159999999999968,-2.340000000000032,0.6185834857969199,0.0965119663727445,0.5220715194241754,24.241435361547953,-6.781341866348292,0.2283684534653906,"{""burial"": 0.5, ""conservation"": 0.0, ""functional"": 0.0, ""msa_conservation"": 0.6134738138615623}",7bc9a7a5c447dd0a983e7991dac10e105dc6a38a762323d6945c1c24208b71f4,-4.159999999999968,-4.159999999999968,-4.159999999999968,2,0.0,0.0,True,0.0,safe,False,"[{'position': 172, 'at_interface': False, 'impact': 'none', 'risk_level': 'safe', 'explanation': 'Position 172 is not at tetramer interface'}]"
R273H,L145I,"L145I,R273H",1,-1.8199999999999363,-3.42999999999995,-1.6100000000000136,0.6185834857969199,1.4636953456030335,-0.8451118598061136,14.053473645877313,-8.98477425616169,0.1004554971279038,"{""burial"": 0.0, ""conservation"": 0.0, ""functional"": 0.0, ""msa_conservation"": 0.40182198851161544}",4fd19f7ad60eabdfa1fcbb1f15310cd57fef83e8b67eb35db0a03ad188a6455d,-3.42999999999995,-3.42999999999995,-3.42999999999995,2,0.0,0.0,True,0.0,safe,False,"[{'position': 145, 'at_interface': False, 'impact': 'none', 'risk_level': 'safe', 'explanation': 'Position 145 is not at tetramer interface'}]"
R273H,T155A,"R273H,T155A",1,-1.8199999999999363,-3.340000000000032,-1.5200000000000955,0.6185834857969199,1.1701964385956596,-0.5516129527987397,14.228046589099334,-6.756854406501911,0.0952389614257004,"{""burial"": 0.0, ""conservation"": 0.0, ""functional"": 0.0, ""msa_conservation"": 0.38095584570280183}",2ee93b8200549967ed4793074955369c73275b3dd4ea6bc7040b212dbe1bc34e,-3.340000000000032,-3.340000000000032,-3.340000000000032,2,0.0,0.0,True,0.0,safe,False,"[{'position': 155, 'at_interface': False, 'impact': 'none', 'risk_level': 'safe', 'explanation': 'Position 155 is not at tetramer interface'}]"
R273H,Y220F,"R273H,Y220F",1,-1.8199999999999363,-3.2999999999999545,-1.4800000000000182,0.6185834857969199,0.4077779047331583,0.2108055810637615,11.499219121543575,-9.01995665595718,0.2283684534653906,"{""burial"": 0.5, ""conservation"": 0.0, ""functional"": 0.0, ""msa_conservation"": 0.6134738138615623}",a01bde1b7e3b4bbe5182b0dc1e69af0fce1575b1a8bd604f2f5447d0ef9597dc,-3.2999999999999545,-3.2999999999999545,-3.2999999999999545,2,0.0,0.0,True,0.0,safe,False,"[{'position': 220, 'at_interface': False, 'impact': 'none', 'risk_level': 'safe', 'explanation': 'Position 220 is not at tetramer interface'}]"
R273H,S269A,"R273H,S269A",1,-1.8199999999999363,-3.25,-1.4300000000000637,0.6185834857969199,0.4401544132763498,0.17842907252057,19.670430293493645,-7.847978820434369,0.1924952967750806,"{""burial"": 0.5, ""conservation"": 0.0, ""functional"": 0.0, ""msa_conservation"": 0.46998118710032266}",52f351475da3155d0cd84ef38dfe4336082b002bec20526c042607e4d2afd39f,-3.25,-3.25,-3.25,2,0.0,0.0,True,0.0,safe,False,"[{'position': 269, 'at_interface': False, 'impact': 'none', 'risk_level': 'safe', 'explanation': 'Position 269 is not at tetramer interface'}]"
R273H,V147L,"R273H,V147L",1,-1.8199999999999363,-3.0499999999999545,-1.2300000000000182,0.6185834857969199,0.9775791946575664,-0.3589957088606466,15.198343642889984,-6.376687623422336,0.2095901598780861,"{""burial"": 0.5, ""conservation"": 0.0, ""functional"": 0.0, ""msa_conservation"": 0.5383606395123446}",44f2cf7d6494a7c34678dba0bda694b680747b3171fa765b2a79cafb14863e67,-3.0499999999999545,-3.0499999999999545,-3.0499999999999545,2,0.0,0.0,True,0.0,safe,False,"[{'position': 147, 'at_interface': False, 'impact': 'none', 'risk_level': 'safe', 'explanation': 'Position 147 is not at tetramer interface'}]"
R273H,S269N,"R273H,S269N",1,-1.8199999999999363,-2.6100000000000136,-0.7900000000000773,0.6185834857969199,0.977718525162086,-0.359135039365166,19.670430293493645,-8.501535193256915,0.1924952967750806,"{""burial"": 0.5, ""conservation"": 0.0, ""functional"": 0.0, ""msa_conservation"": 0.46998118710032266}",ad4e6bfd24d276c23bfa67f3e5a9138c070b1439a5e0f794eb343137b5c562e6,-2.6100000000000136,-2.6100000000000136,-2.6100000000000136,2,0.0,0.0,True,0.0,safe,False,"[{'position': 269, 'at_interface': False, 'impact': 'none', 'risk_level': 'safe', 'explanation': 'Position 269 is not at tetramer interface'}]"
R273H,T256S,"R273H,T256S",1,-1.8199999999999363,-1.5900000000000318,0.2299999999999045,0.6185834857969199,1.4133092836966357,-0.7947257978997158,16.91153624556735,-8.97925767956566,0.2215914883356692,"{""burial"": 0.5, ""conservation"": 0.0, ""functional"": 0.0, ""msa_conservation"": 0.5863659533426769}",ba75550f8dc8787e4f8355423ac85d3bb26186c50f711cd247c2b3e6090b8058,-1.5900000000000318,-1.5900000000000318,-1.5900000000000318,2,0.0,0.0,True,0.0,safe,False,"[{'position': 256, 'at_interface': False, 'impact': 'none', 'risk_level': 'safe', 'explanation': 'Position 256 is not at tetramer interface'}]"
R273H,F113Y,"F113Y,R273H",1,-1.8199999999999363,-1.5399999999999636,0.2799999999999727,0.6185834857969199,1.398906118752778,-0.7803226329558581,16.828759376444864,-7.671900053801245,0.2265996493165175,"{""burial"": 0.5, ""conservation"": 0.0, ""functional"": 0.0, ""msa_conservation"": 0.60639859726607}",2c1ded5ac2b389f705907e4f15015dd398d6f8d5edd106237a463b848839fd0d,-1.5399999999999636,-1.5399999999999636,-1.5399999999999636,2,0.0,0.0,True,0.0,safe,False,"[{'position': 113, 'at_interface': False, 'impact': 'none', 'risk_level': 'safe', 'explanation': 'Position 113 is not at tetramer interface'}]"
R273H,P142S,"P142S,R273H",1,-1.8199999999999363,-1.2999999999999543,0.5199999999999818,0.6185834857969199,0.9313109435980174,-0.3127274578010974,16.45838734381504,-6.167008256202902,0.2215914883356692,"{""burial"": 0.5, ""conservation"": 0.0, ""functional"": 0.0, ""msa_conservation"": 0.586365953342677}",a3e8186055f1454895eeed719bcbcfeab37b440b1c3111124db42231ae2632dc,-1.2999999999999543,-1.2999999999999543,-1.2999999999999543,2,0.0,0.0,True,0.0,safe,False,"[{'position': 142, 'at_interface': False, 'impact': 'none', 'risk_level': 'safe', 'explanation': 'Position 142 is not at tetramer interface'}]"
R273H,V157I,"R273H,V157I",1,-1.8199999999999363,-1.1499999999999773,0.6699999999999591,0.6185834857969199,0.5143752177836155,0.1042082680133044,14.393642796111273,-5.799701488894569,0.1109933388512084,"{""burial"": 0.0, ""conservation"": 0.0, ""functional"": 0.0, ""msa_conservation"": 0.44397335540483374}",a088aec410ac7d1f2bd977a1d0a609e1da9c41ca464be65e8b496c520b6b681b,-1.1499999999999773,-1.1499999999999773,-1.1499999999999773,2,0.0,0.0,True,0.0,safe,False,"[{'position': 157, 'at_interface': False, 'impact': 'none', 'risk_level': 'safe', 'explanation': 'Position 157 is not at tetramer interface'}]"
R273H,T256A,"R273H,T256A",1,-1.8199999999999363,-1.0199999999999818,0.7999999999999545,0.6185834857969199,0.7937310214737666,-0.1751475356768467,16.91153624556735,-8.69954230890098,0.2215914883356692,"{""burial"": 0.5, ""conservation"": 0.0, ""functional"": 0.0, ""msa_conservation"": 0.5863659533426769}",933036193a98ab02a5124e62c105aad0d3588d89078518218e8e049c88d561cf,-1.0199999999999818,-1.0199999999999818,-1.0199999999999818,2,0.0,0.0,True,0.0,safe,False,"[{'position': 256, 'at_interface': False, 'impact': 'none', 'risk_level': 'safe', 'explanation': 'Position 256 is not at tetramer interface'}]"
R273H,C141A,"C141A,R273H",1,-1.8199999999999363,-0.7100000000000364,1.1099999999999,0.6185834857969199,0.8517034282542837,-0.2331199424573637,18.252179242701494,-6.217625322730647,0.1249915051564515,"{""burial"": 0.0, ""conservation"": 0.0, ""functional"": 0.0, ""msa_conservation"": 0.4999660206258063}",359d2a8dc1442dc2fd5dd5739b0a59e5bf2106b679cae6c56ea9f7361604433b,-0.7100000000000364,-0.7100000000000364,-0.7100000000000364,2,0.0,0.0,True,0.0,safe,False,"[{'position': 141, 'at_interface': False, 'impact': 'none', 'risk_level': 'safe', 'explanation': 'Position 141 is not at tetramer interface'}]"
R273H,Y234F,"R273H,Y234F",1,-1.8199999999999363,-0.5900000000000318,1.2299999999999045,0.6185834857969199,0.9664755405868422,-0.3478920547899222,18.0063733171269,-7.747484436793649,0.1264667933916919,"{""burial"": 0.0, ""conservation"": 0.0, ""functional"": 0.0, ""msa_conservation"": 0.5058671735667677}",298da05c620fdf805daab8200026e13bbcba1aba1cc3a4ebaad12fd741c3a0c2,-0.5900000000000318,-0.5900000000000318,-0.5900000000000318,2,0.0,0.0,True,0.0,safe,False,"[{'position': 234, 'at_interface': False, 'impact': 'none', 'risk_level': 'safe', 'explanation': 'Position 234 is not at tetramer interface'}]"
R273H,F270Y,"F270Y,R273H",1,-1.8199999999999363,-0.5099999999999909,1.3099999999999454,0.6185834857969199,0.9021626772188226,-0.2835791914219027,20.082358878412126,-7.557868202384394,0.1533684534653906,"{""burial"": 0.0, ""conservation"": 0.0, ""functional"": 0.0, ""msa_conservation"": 0.6134738138615624}",2580372119367083cba4ec491594cb1440a69527a786d39249711ee0c5d77f2f,-0.5099999999999909,-0.5099999999999909,-0.5099999999999909,2,0.0,0.0,True,0.0,safe,False,"[{'position': 270, 'at_interface': False, 'impact': 'none', 'risk_level': 'safe', 'explanation': 'Position 270 is not at tetramer interface'}]"
R273H,S215N,"R273H,S215N",1,-1.8199999999999363,-0.2200000000000272,1.599999999999909,0.6185834857969199,0.9491028782176204,-0.3305193924207006,19.189797555124915,-8.400434123485972,0.1533684534653905,"{""burial"": 0.0, ""conservation"": 0.0, ""functional"": 0.0, ""msa_conservation"": 0.6134738138615623}",85b6edddfe5e0579905dbca6cf7d59fa5cccb236e1ce0d9ee880f61bd048eff3,-0.2200000000000272,-0.2200000000000272,-0.2200000000000272,2,0.0,0.0,True,0.0,safe,False,"[{'position': 215, 'at_interface': False, 'impact': 'none', 'risk_level': 'safe', 'explanation': 'Position 215 is not at tetramer interface'}]"
R273H,P142A,"P142A,R273H",1,-1.8199999999999363,-0.1399999999999863,1.67999999999995,0.6185834857969199,0.506149546018583,0.1124339397783369,16.45838734381504,-5.655334129361311,0.2215914883356692,"{""burial"": 0.5, ""conservation"": 0.0, ""functional"": 0.0, ""msa_conservation"": 0.586365953342677}",5df84209b770a3670a1373276c6f8bbe756c7aa5e2f9d2b788818c0ee1ddbe23,-0.1399999999999863,-0.1399999999999863,-0.1399999999999863,2,0.0,0.0,True,0.0,safe,False,"[{'position': 142, 'at_interface': False, 'impact': 'none', 'risk_level': 'safe', 'explanation': 'Position 142 is not at tetramer interface'}]"
R273H,I232V,"I232V,R273H",1,-1.8199999999999363,-0.0699999999999363,1.75,0.6185834857969199,1.3977030018803511,-0.7791195160834314,14.880832695530046,-7.476160981913125,0.2014667933916918,"{""burial"": 0.5, ""conservation"": 0.0, ""functional"": 0.0, ""msa_conservation"": 0.5058671735667676}",a3c5ce348aa4a93bb65d8c481f84e4b100f1cef03b9c29c31b4ad9aeaa9dd299,-0.0699999999999363,-0.0699999999999363,-0.0699999999999363,2,0.0,0.0,True,0.0,safe,False,"[{'position': 232, 'at_interface': False, 'impact': 'none', 'risk_level': 'safe', 'explanation': 'Position 232 is not at tetramer interface'}]"
R273H,T230V,"R273H,T230V",1,-1.8199999999999363,0.07000000000005,1.8899999999999864,0.6185834857969199,0.3195898056027659,0.2989936801941539,11.499219121543575,-7.951673222352319,0.2283684534653906,"{""burial"": 0.5, ""conservation"": 0.0, ""functional"": 0.0, ""msa_conservation"": 0.6134738138615623}",1c768d117959996ebd2627919a1d3859857c5dba2f8c500893756e7f58e8c3b6,0.07000000000005,0.07000000000005,0.07000000000005,2,0.0,0.0,True,0.0,safe,False,"[{'position': 230, 'at_interface': False, 'impact': 'none', 'risk_level': 'safe', 'explanation': 'Position 230 is not at tetramer interface'}]"
R273H,T256V,"R273H,T256V",1,-1.8199999999999363,0.1900000000000545,2.009999999999991,0.6185834857969199,-0.2053686823200532,0.8239521681169731,16.91153624556735,-6.491238757495067,0.2215914883356692,"{""burial"": 0.5, ""conservation"": 0.0, ""functional"": 0.0, ""msa_conservation"": 0.5863659533426769}",cf230adb9a5782da447d1b97e92b88be048ce757d35679bbfdd1c39513d8237c,0.1900000000000545,0.1900000000000545,0.1900000000000545,2,0.0,0.0,True,0.0,safe,False,"[{'position': 256, 'at_interface': False, 'impact': 'none', 'risk_level': 'safe', 'explanation': 'Position 256 is not at tetramer interface'}]"
R273H,F109Y,"F109Y,R273H",1,-1.8199999999999363,0.25,2.0699999999999363,0.6185834857969199,0.7957830606602991,-0.1771995748633792,16.77796626764701,-8.496384688851531,0.1393192201971301,"{""burial"": 0.0, ""conservation"": 0.0, ""functional"": 0.0, ""msa_conservation"": 0.5572768807885204}",501e5cce9433bb19fa24d96c732e328097135d08445cc9c371965a5eeb11c9e1,0.25,0.25,0.25,2,0.0,0.0,True,0.0,safe,False,"[{'position': 109, 'at_interface': False, 'impact': 'none', 'risk_level': 'safe', 'explanation': 'Position 109 is not at tetramer interface'}]"
R273H,I254L,"I254L,R273H",1,-1.8199999999999363,0.2999999999999545,2.119999999999891,0.6185834857969199,1.045834394042319,-0.427250908245399,19.39087983830074,-8.95886934677202,0.1533684534653906,"{""burial"": 0.0, ""conservation"": 0.0, ""functional"": 0.0, ""msa_conservation"": 0.6134738138615625}",724c222ef6785879a5ee361b7e52c881cab192d509b981fbf38f0dfffd8b5de3,0.2999999999999545,0.2999999999999545,0.2999999999999545,2,0.0,0.0,True,0.0,safe,False,"[{'position': 254, 'at_interface': False, 'impact': 'none', 'risk_level': 'safe', 'explanation': 'Position 254 is not at tetramer interface'}]"
R273H,L111V,"L111V,R273H",1,-1.8199999999999363,0.3700000000000045,2.189999999999941,0.6185834857969199,2.2797064023175437,-1.6611229165206238,16.165567068452496,-9.425648538115992,0.2143192201971301,"{""burial"": 0.5, ""conservation"": 0.0, ""functional"": 0.0, ""msa_conservation"": 0.5572768807885204}",b05f7bc7ce3ccc5c8882c620ff19f648a3a13823527591c6061cf758e3cef743,0.3700000000000045,0.3700000000000045,0.3700000000000045,2,0.0,0.0,True,0.0,safe,False,"[{'position': 111, 'at_interface': False, 'impact': 'none', 'risk_level': 'safe', 'explanation': 'Position 111 is not at tetramer interface'}]"
R273H,V147I,"R273H,V147I",1,-1.8199999999999363,0.4199999999999591,2.2399999999998954,0.6185834857969199,0.8749574482392927,-0.2563739624423727,15.198343642889984,-7.153343238101376,0.2095901598780861,"{""burial"": 0.5, ""conservation"": 0.0, ""functional"": 0.0, ""msa_conservation"": 0.5383606395123446}",dcb201cdbe80d287f01dc42d2ab7cead48468f36d095420b1e059dc8afd9d962,0.4199999999999591,0.4199999999999591,0.4199999999999591,2,0.0,0.0,True,0.0,safe,False,"[{'position': 147, 'at_interface': False, 'impact': 'none', 'risk_level': 'safe', 'explanation': 'Position 147 is not at tetramer interface'}]"
R273H,I195V,"I195V,R273H",1,-1.8199999999999363,0.7799999999999727,2.599999999999909,0.6185834857969199,1.645402378270793,-1.026818892473873,20.164515665619685,-9.008416814056032,0.2082092508725951,"{""burial"": 0.5, ""conservation"": 0.0, ""functional"": 0.0, ""msa_conservation"": 0.5328370034903804}",d1cb9032033cfdb2eed30934dc40ed5c54c5151dd5e632c12046cd92256f8e60,0.7799999999999727,0.7799999999999727,0.7799999999999727,2,0.0,0.0,True,0.0,safe,False,"[{'position': 195, 'at_interface': False, 'impact': 'none', 'risk_level': 'safe', 'explanation': 'Position 195 is not at tetramer interface'}]"
R273H,V217L,"R273H,V217L",1,-1.8199999999999363,1.1399999999999864,2.9599999999999227,0.6185834857969199,0.5715384712444163,0.0470450145525036,16.094710784562665,-8.589401246419524,0.1102353035322417,"{""burial"": 0.0, ""conservation"": 0.0, ""functional"": 0.0, ""msa_conservation"": 0.4409412141289669}",d23e2e7a8db2ec4d6f929d8641f41da5722e76610608ed5970c42b237aaaf987,1.1399999999999864,1.1399999999999864,1.1399999999999864,2,0.0,0.0,True,0.0,safe,False,"[{'position': 217, 'at_interface': False, 'impact': 'none', 'risk_level': 'safe', 'explanation': 'Position 217 is not at tetramer interface'}]"
R273H,F113W,"F113W,R273H",1,-1.8199999999999363,1.1900000000000546,3.009999999999991,0.6185834857969199,1.4933375385774492,-0.8747540527805293,16.828759376444864,-8.994068460056294,0.2265996493165175,"{""burial"": 0.5, ""conservation"": 0.0, ""functional"": 0.0, ""msa_conservation"": 0.60639859726607}",7b39de574f0d3f7cde4ab75b1860901a4982ac685a7362ac208acdc555ba9ada,1.1900000000000546,1.1900000000000546,1.1900000000000546,2,0.0,0.0,True,0.0,safe,False,"[{'position': 113, 'at_interface': False, 'impact': 'none', 'risk_level': 'safe', 'explanation': 'Position 113 is not at tetramer interface'}]"
R273H,T253V,"R273H,T253V",1,-1.8199999999999363,1.32000000000005,3.1399999999999864,0.6185834857969199,-0.5534818152592877,1.1720653010562077,20.327537703491956,-7.541540188470359,0.1533684534653905,"{""burial"": 0.0, ""conservation"": 0.0, ""functional"": 0.0, ""msa_conservation"": 0.6134738138615623}",759025026594f2eae4b8a3fbd32cb1a56332ed0df0fa870e415679bb60a37a95,1.32000000000005,1.32000000000005,1.32000000000005,2,0.0,0.0,True,0.0,safe,False,"[{'position': 253, 'at_interface': False, 'impact': 'none', 'risk_level': 'safe', 'explanation': 'Position 253 is not at tetramer interface'}]"
R273H,V218I,"R273H,V218I",1,-1.8199999999999363,2.060000000000059,3.879999999999995,0.6185834857969199,0.6159360348894668,0.0026474509074531,14.669888824036205,-6.386562460255448,0.1533684534653905,"{""burial"": 0.0, ""conservation"": 0.0, ""functional"": 0.0, ""msa_conservation"": 0.6134738138615623}",481cfa55c6ed2ba4fe4fa92ebd710d6173261436150a65644ba74ea1f9589c13,2.060000000000059,2.060000000000059,2.060000000000059,2,0.0,0.0,True,0.0,safe,False,"[{'position': 218, 'at_interface': False, 'impact': 'none', 'risk_level': 'safe', 'explanation': 'Position 218 is not at tetramer interface'}]"
R273H,N235D,"N235D,R273H",1,-1.8199999999999363,2.090000000000032,3.909999999999968,0.6185834857969199,1.9318317854490543,-1.3132482996521346,19.872544131138547,-9.064582069838217,0.1929557226452159,"{""burial"": 0.5, ""conservation"": 0.0, ""functional"": 0.0, ""msa_conservation"": 0.4718228905808638}",5689799cd4a6da9c5444f61bdb14991a813ef85b159862b6343b4a1020baa49c,2.090000000000032,2.090000000000032,2.090000000000032,2,0.0,0.0,True,0.0,safe,False,"[{'position': 235, 'at_interface': False, 'impact': 'none', 'risk_level': 'safe', 'explanation': 'Position 235 is not at tetramer interface'}]"
R273H,G266A,"G266A,R273H",1,-1.8199999999999363,2.2000000000000455,4.019999999999982,0.6185834857969199,0.1051033026941691,0.5134801831027508,17.623789369142457,-9.193923946614014,0.1533684534653906,"{""burial"": 0.0, ""conservation"": 0.0, ""functional"": 0.0, ""msa_conservation"": 0.6134738138615624}",4ff9ea57595a201adee5771457645a26119cb2112f6c8573d6b10ff0cc5c19f5,2.2000000000000455,2.2000000000000455,2.2000000000000455,2,0.0,0.0,True,0.0,safe,False,"[{'position': 266, 'at_interface': False, 'impact': 'none', 'risk_level': 'safe', 'explanation': 'Position 266 is not at tetramer interface'}]"
R273H,P278A,"P278A,R273H",1,-1.8199999999999363,2.25,4.069999999999936,0.6185834857969199,0.6433343205110478,-0.0247508347141278,23.559517860134697,-9.414858391909156,0.1533684534653905,"{""burial"": 0.0, ""conservation"": 0.0, ""functional"": 0.0, ""msa_conservation"": 0.6134738138615623}",3146bbf3450a09bd47d70acc2eb81a4013a8e74d9d186ea6be80997c84635d9b,2.25,2.25,2.25,2,0.0,0.0,True,0.0,safe,False,"[{'position': 278, 'at_interface': False, 'impact': 'none', 'risk_level': 'safe', 'explanation': 'Position 278 is not at tetramer interface'}]"
R273H,A189T,"A189T,R273H",1,-1.8199999999999363,3.3899999999999864,5.209999999999923,0.6185834857969199,0.5686255557336691,0.0499579300632507,20.982458618670247,-9.42535928508533,0.1249915051564516,"{""burial"": 0.0, ""conservation"": 0.0, ""functional"": 0.0, ""msa_conservation"": 0.4999660206258064}",850aecf32bb10e49c8481506b07d5b5f3ae52ed0986d6b7003b396ccad1967a7,3.3899999999999864,3.3899999999999864,3.3899999999999864,2,0.0,0.0,True,0.0,safe,False,"[{'position': 189, 'at_interface': False, 'impact': 'none', 'risk_level': 'safe', 'explanation': 'Position 189 is not at tetramer interface'}]"
R273H,S215T,"R273H,S215T",1,-1.8199999999999363,3.5499999999999545,5.369999999999891,0.6185834857969199,0.9362160627893942,-0.3176325769924742,19.189797555124915,-9.488076105419529,0.1533684534653905,"{""burial"": 0.0, ""conservation"": 0.0, ""functional"": 0.0, ""msa_conservation"": 0.6134738138615623}",31c316e3948cac0d4a75f4cd23877d0a5a21e48541ca28b193af77fee49795c4,3.5499999999999545,3.5499999999999545,3.5499999999999545,2,0.0,0.0,True,0.0,safe,False,"[{'position': 215, 'at_interface': False, 'impact': 'none', 'risk_level': 'safe', 'explanation': 'Position 215 is not at tetramer interface'}]"
R273H,G112A,"G112A,R273H",1,-1.8199999999999363,3.7999999999999545,5.619999999999891,0.6185834857969199,0.9796119577488912,-0.3610284719519713,15.739950070414643,-6.536312344610266,0.1732146475159586,"{""burial"": 0.5, ""conservation"": 0.0, ""functional"": 0.0, ""msa_conservation"": 0.3928585900638347}",2accac68430c434aa44b340ee873d5def28a9a5306189a73f81b5b947d78a991,3.7999999999999545,3.7999999999999545,3.7999999999999545,2,0.0,0.0,True,0.0,safe,False,"[{'position': 112, 'at_interface': False, 'impact': 'none', 'risk_level': 'safe', 'explanation': 'Position 112 is not at tetramer interface'}]"
R273H,T155V,"R273H,T155V",1,-1.8199999999999363,3.840000000000032,5.659999999999968,0.6185834857969199,0.2520245606547063,0.3665589251422135,14.228046589099334,-6.406131360978852,0.0952389614257004,"{""burial"": 0.0, ""conservation"": 0.0, ""functional"": 0.0, ""msa_conservation"": 0.38095584570280183}",e50842120004467e790435ffb821db683a6422b18eef610fe0129e9ac7ae52cd,3.840000000000032,3.840000000000032,3.840000000000032,2,0.0,0.0,True,0.0,safe,False,"[{'position': 155, 'at_interface': False, 'impact': 'none', 'risk_level': 'safe', 'explanation': 'Position 155 is not at tetramer interface'}]"
R273H,V157L,"R273H,V157L",1,-1.8199999999999363,3.8899999999999864,5.709999999999923,0.6185834857969199,1.2531892694455418,-0.6346057836486219,14.393642796111273,-7.555972405912891,0.1109933388512084,"{""burial"": 0.0, ""conservation"": 0.0, ""functional"": 0.0, ""msa_conservation"": 0.44397335540483374}",bcf18eff46e369bcf79d4dc1207bea71ed302d3cea3d383773fe637d74054171,3.8899999999999864,3.8899999999999864,3.8899999999999864,2,0.0,0.0,True,0.0,safe,False,"[{'position': 157, 'at_interface': False, 'impact': 'none', 'risk_level': 'safe', 'explanation': 'Position 157 is not at tetramer interface'}]"
Y220C,R196Q,"R196Q,Y220C",1,7.159999999999968,-3.629999999999995,-10.789999999999964,3.990757185707744,5.562346639243336,-1.5715894535355923,7.949844733107533,-8.166872882792648,0.2283684534653906,"{""burial"": 0.5, ""conservation"": 0.0, ""functional"": 0.0, ""msa_conservation"": 0.6134738138615623}",9bcf210a26e75b0a721acd2a0fb98400f2f31cb3d4ac5cd6513ca866b5075300,-3.629999999999995,-3.629999999999995,-3.629999999999995,2,0.0,0.0,True,0.0,safe,False,"[{'position': 196, 'at_interface': False, 'impact': 'none', 'risk_level': 'safe', 'explanation': 'Position 196 is not at tetramer interface'}]"
Y220C,R196K,"R196K,Y220C",1,7.159999999999968,-2.830000000000041,-9.990000000000007,3.990757185707744,5.45520365021594,-1.464446464508196,7.949844733107533,-5.967262121447975,0.2283684534653906,"{""burial"": 0.5, ""conservation"": 0.0, ""functional"": 0.0, ""msa_conservation"": 0.6134738138615623}",d1eb918382330b0df30cbd2edb754b8cd408dc254de8dd65072dd09aa19e6301,-2.830000000000041,-2.830000000000041,-2.830000000000041,2,0.0,0.0,True,0.0,safe,False,"[{'position': 196, 'at_interface': False, 'impact': 'none', 'risk_level': 'safe', 'explanation': 'Position 196 is not at tetramer interface'}]"
Y220C,R196H,"R196H,Y220C",1,7.159999999999968,-2.3999999999999773,-9.559999999999944,3.990757185707744,5.0836521531379475,-1.0928949674302038,7.949844733107533,-6.573267076115263,0.2283684534653906,"{""burial"": 0.5, ""conservation"": 0.0, ""functional"": 0.0, ""msa_conservation"": 0.6134738138615623}",70e176eaa78c3aa1dcf32c5f9097b446599db02ef8ac5bc458fc773a7ff4ef67,-2.3999999999999773,-2.3999999999999773,-2.3999999999999773,2,0.0,0.0,True,0.0,safe,False,"[{'position': 196, 'at_interface': False, 'impact': 'none', 'risk_level': 'safe', 'explanation': 'Position 196 is not at tetramer interface'}]"
Y220C,S95A,"S95A,Y220C",1,7.159999999999968,0.9300000000000636,-6.2299999999999045,3.990757185707744,3.342978606996665,0.6477785787110788,13.749687607424317,-5.713035339508455,0.1861884977302301,"{""burial"": 0.5, ""conservation"": 0.0, ""functional"": 0.0, ""msa_conservation"": 0.4447539909209204}",24f34dea4b00bfe55ef926931414f5e7bd1df56b9bb2aeedcc37c40427c7864f,0.9300000000000636,0.9300000000000636,0.9300000000000636,2,0.0,0.0,True,1.5,medium,True,"[{'position': 95, 'mutation': 'S95A', 'wt_aa': 'S', 'mut_aa': 'A', 'at_interface': True, 'impact_score': 1.5, 'impact': 'mild', 'risk_level': 'medium', 'explanations': 'Loss of H-bond capability at interface (S→A)'}]"
Y220C,M133L,"M133L,Y220C",1,7.159999999999968,1.5600000000000591,-5.599999999999909,3.990757185707744,3.5823078669002344,0.4084493188075093,9.052306447207814,-8.563086694632931,0.1200582686512072,"{""burial"": 0.0, ""conservation"": 0.0, ""functional"": 0.0, ""msa_conservation"": 0.480233074604829}",d158f578a0f0677f2a06ca6c1ec614f97d7526ecada407bc0d6ff80cfb7138ba,1.5600000000000591,1.5600000000000591,1.5600000000000591,2,0.0,0.0,True,0.0,safe,False,"[{'position': 133, 'at_interface': False, 'impact': 'none', 'risk_level': 'safe', 'explanation': 'Position 133 is not at tetramer interface'}]"
Y220C,C229A,"C229A,Y220C",1,7.159999999999968,2.769999999999982,-4.389999999999986,3.990757185707744,4.6000903111368885,-0.6093331254291448,0.0,-7.761518969873526,0.1610791717676506,"{""burial"": 0.5, ""conservation"": 0.0, ""functional"": 0.0, ""msa_conservation"": 0.3443166870706025}",e6021874fe9591797f251d314b8bee746bf45d2f4af4217d473aa9aa333d8099,2.769999999999982,2.769999999999982,2.769999999999982,2,0.0,0.0,True,0.0,safe,False,"[{'position': 229, 'at_interface': False, 'impact': 'none', 'risk_level': 'safe', 'explanation': 'Position 229 is not at tetramer interface'}]"
Y220C,S269A,"S269A,Y220C",1,7.159999999999968,3.060000000000059,-4.099999999999909,3.990757185707744,3.812328113187174,0.1784290725205699,8.171211171950066,-6.261502243452251,0.1924952967750806,"{""burial"": 0.5, ""conservation"": 0.0, ""functional"": 0.0, ""msa_conservation"": 0.46998118710032266}",52f351475da3155d0cd84ef38dfe4336082b002bec20526c042607e4d2afd39f,3.060000000000059,3.060000000000059,3.060000000000059,2,0.0,0.0,True,0.0,safe,False,"[{'position': 269, 'at_interface': False, 'impact': 'none', 'risk_level': 'safe', 'explanation': 'Position 269 is not at tetramer interface'}]"
Y220C,A189G,"A189G,Y220C",1,7.159999999999968,3.080000000000041,-4.079999999999927,3.990757185707744,5.518156870349325,-1.5273996846415816,9.48323949712667,-9.352271635865428,0.1249915051564516,"{""burial"": 0.0, ""conservation"": 0.0, ""functional"": 0.0, ""msa_conservation"": 0.4999660206258064}",8f649a43c8d96cbabd6234c4aaa623ff251b579626f7eefbe4ba5d313a09e09c,3.080000000000041,3.080000000000041,3.080000000000041,2,0.0,0.0,True,0.0,safe,False,"[{'position': 189, 'at_interface': False, 'impact': 'none', 'risk_level': 'safe', 'explanation': 'Position 189 is not at tetramer interface'}]"
Y220C,K132Q,"K132Q,Y220C",1,7.159999999999968,3.519999999999982,-3.6399999999999864,3.990757185707744,5.887819881254872,-1.8970626955471284,9.887983454520691,-9.447338129722322,0.2283684534653906,"{""burial"": 0.5, ""conservation"": 0.0, ""functional"": 0.0, ""msa_conservation"": 0.6134738138615624}",2f63f8f8aedc86049d5787cdacb00971410fef28fe4a053a00fac0eb08d4434b,3.519999999999982,3.519999999999982,3.519999999999982,2,0.0,0.0,True,0.0,safe,False,"[{'position': 132, 'at_interface': False, 'impact': 'none', 'risk_level': 'safe', 'explanation': 'Position 132 is not at tetramer interface'}]"
Y220C,L252V,"L252V,Y220C",1,7.159999999999968,3.930000000000064,-3.2299999999999045,3.990757185707744,4.6951612537803245,-0.7044040680725807,10.492302025505824,-9.01821793757821,0.2215914883356692,"{""burial"": 0.5, ""conservation"": 0.0, ""functional"": 0.0, ""msa_conservation"": 0.586365953342677}",141265c4bed23a7041c5424ff730d53450091fdbfc0c0e52da18ee2db12a2ea2,3.930000000000064,3.930000000000064,3.930000000000064,2,0.0,0.0,True,0.0,safe,False,"[{'position': 252, 'at_interface': False, 'impact': 'none', 'risk_level': 'safe', 'explanation': 'Position 252 is not at tetramer interface'}]"
Y220C,Y163F,"Y163F,Y220C",1,7.159999999999968,4.039999999999964,-3.1200000000000045,3.990757185707744,4.0458204428289,-0.055063257121156,12.885900531011297,-9.00731167436144,0.1533684534653905,"{""burial"": 0.0, ""conservation"": 0.0, ""functional"": 0.0, ""msa_conservation"": 0.6134738138615623}",d5567b1ef2f55e2cf38060786bb0528d55971412cf0e3d7bb0c4291da2cede9c,4.039999999999964,4.039999999999964,4.039999999999964,2,0.0,0.0,True,0.0,safe,False,"[{'position': 163, 'at_interface': False, 'impact': 'none', 'risk_level': 'safe', 'explanation': 'Position 163 is not at tetramer interface'}]"
Y220C,S215A,"S215A,Y220C",1,7.159999999999968,4.149999999999977,-3.009999999999991,3.990757185707744,3.808289808077548,0.1824673776301959,7.690578433581339,-9.14518305266752,0.1533684534653905,"{""burial"": 0.0, ""conservation"": 0.0, ""functional"": 0.0, ""msa_conservation"": 0.6134738138615623}",d5f7bac14301b8a10aeef674ff58aa2319ac27477d454b4336020b91cddd84a2,4.149999999999977,4.149999999999977,4.149999999999977,2,0.0,0.0,True,0.0,safe,False,"[{'position': 215, 'at_interface': False, 'impact': 'none', 'risk_level': 'safe', 'explanation': 'Position 215 is not at tetramer interface'}]"
Y220C,R213Q,"R213Q,Y220C",1,7.159999999999968,4.220000000000027,-2.939999999999941,3.990757185707744,5.382432704284051,-1.3916755185763074,10.641326208998958,-9.486573273835637,0.1465914883356692,"{""burial"": 0.0, ""conservation"": 0.0, ""functional"": 0.0, ""msa_conservation"": 0.586365953342677}",5d5a5f82a86894cfd0427f0b629f744cebf7a8fd8a369ef4490af7e402b8a314,4.220000000000027,4.220000000000027,4.220000000000027,2,0.0,0.0,True,0.0,safe,False,"[{'position': 213, 'at_interface': False, 'impact': 'none', 'risk_level': 'safe', 'explanation': 'Position 213 is not at tetramer interface'}]"
Y220C,V147L,"V147L,Y220C",1,7.159999999999968,4.440000000000055,-2.7199999999999136,3.990757185707744,4.3497528945683905,-0.3589957088606468,3.699124521346405,-5.813319167901842,0.2095901598780861,"{""burial"": 0.5, ""conservation"": 0.0, ""functional"": 0.0, ""msa_conservation"": 0.5383606395123446}",44f2cf7d6494a7c34678dba0bda694b680747b3171fa765b2a79cafb14863e67,4.440000000000055,4.440000000000055,4.440000000000055,2,0.0,0.0,True,0.0,safe,False,"[{'position': 147, 'at_interface': False, 'impact': 'none', 'risk_level': 'safe', 'explanation': 'Position 147 is not at tetramer interface'}]"
Y220C,M133V,"M133V,Y220C",1,7.159999999999968,4.590000000000032,-2.5699999999999363,3.990757185707744,4.129488525172436,-0.1387313394646918,9.052306447207814,-9.093039608952402,0.1200582686512072,"{""burial"": 0.0, ""conservation"": 0.0, ""functional"": 0.0, ""msa_conservation"": 0.480233074604829}",7f0c998231e732022efc35e0baaa3a335af7c55e6a9ccc2ff339ffb079423168,4.590000000000032,4.590000000000032,4.590000000000032,2,0.0,0.0,True,0.0,safe,False,"[{'position': 133, 'at_interface': False, 'impact': 'none', 'risk_level': 'safe', 'explanation': 'Position 133 is not at tetramer interface'}]"
Y220C,V172I,"V172I,Y220C",1,7.159999999999968,4.82000000000005,-2.339999999999918,3.990757185707744,3.468685666283569,0.5220715194241752,12.742216240004376,-6.9765076195789,0.2283684534653906,"{""burial"": 0.5, ""conservation"": 0.0, ""functional"": 0.0, ""msa_conservation"": 0.6134738138615623}",7bc9a7a5c447dd0a983e7991dac10e105dc6a38a762323d6945c1c24208b71f4,4.82000000000005,4.82000000000005,4.82000000000005,2,0.0,0.0,True,0.0,safe,False,"[{'position': 172, 'at_interface': False, 'impact': 'none', 'risk_level': 'safe', 'explanation': 'Position 172 is not at tetramer interface'}]"
Y220C,I162M,"I162M,Y220C",1,7.159999999999968,4.8700000000000045,-2.2899999999999636,3.990757185707744,5.038140005606281,-1.047382819898537,11.156163490451528,-9.319699610636896,0.1238348068825638,"{""burial"": 0.0, ""conservation"": 0.0, ""functional"": 0.0, ""msa_conservation"": 0.4953392275302555}",bb93a5fd41e810f469378e749c6bbd9461fed107c658b29376333f60b9cd5e0c,4.8700000000000045,4.8700000000000045,4.8700000000000045,2,0.0,0.0,True,0.0,safe,False,"[{'position': 162, 'at_interface': False, 'impact': 'none', 'risk_level': 'safe', 'explanation': 'Position 162 is not at tetramer interface'}]"
Y220C,T230A,"T230A,Y220C",1,7.159999999999968,5.519999999999982,-1.6399999999999864,3.990757185707744,4.562997454443884,-0.5722402687361399,0.0,-8.427955955545734,0.2283684534653906,"{""burial"": 0.5, ""conservation"": 0.0, ""functional"": 0.0, ""msa_conservation"": 0.6134738138615623}",2454345b75b03e03cf643ed6acab1301fc645fa730d572c2a8d95af859f29375,5.519999999999982,5.519999999999982,5.519999999999982,2,0.0,0.0,True,0.0,safe,False,"[{'position': 230, 'at_interface': False, 'impact': 'none', 'risk_level': 'safe', 'explanation': 'Position 230 is not at tetramer interface'}]"
Y220C,V147I,"V147I,Y220C",1,7.159999999999968,5.669999999999959,-1.490000000000009,3.990757185707744,4.247131148150117,-0.2563739624423728,3.699124521346405,-7.653721484554474,0.2095901598780861,"{""burial"": 0.5, ""conservation"": 0.0, ""functional"": 0.0, ""msa_conservation"": 0.5383606395123446}",dcb201cdbe80d287f01dc42d2ab7cead48468f36d095420b1e059dc8afd9d962,5.669999999999959,5.669999999999959,5.669999999999959,2,0.0,0.0,True,0.0,safe,False,"[{'position': 147, 'at_interface': False, 'impact': 'none', 'risk_level': 'safe', 'explanation': 'Position 147 is not at tetramer interface'}]"
Y220C,L145I,"L145I,Y220C",1,7.159999999999968,5.7000000000000455,-1.4599999999999227,3.990757185707744,4.835869045513857,-0.8451118598061136,2.554254524333733,-6.572738268620974,0.1004554971279038,"{""burial"": 0.0, ""conservation"": 0.0, ""functional"": 0.0, ""msa_conservation"": 0.40182198851161544}",4fd19f7ad60eabdfa1fcbb1f15310cd57fef83e8b67eb35db0a03ad188a6455d,5.7000000000000455,5.7000000000000455,5.7000000000000455,2,0.0,0.0,True,0.0,safe,False,"[{'position': 145, 'at_interface': False, 'impact': 'none', 'risk_level': 'safe', 'explanation': 'Position 145 is not at tetramer interface'}]"
Y220C,T230S,"T230S,Y220C",1,7.159999999999968,5.769999999999982,-1.3899999999999864,3.990757185707744,5.109808913081832,-1.119051727374088,0.0,-8.667481462379259,0.2283684534653906,"{""burial"": 0.5, ""conservation"": 0.0, ""functional"": 0.0, ""msa_conservation"": 0.6134738138615623}",a83848b0b4ff3ed025b0c8b7f1cf0c599f02fc4a598685398c19fff43e93fe38,5.769999999999982,5.769999999999982,5.769999999999982,2,0.0,0.0,True,0.0,safe,False,"[{'position': 230, 'at_interface': False, 'impact': 'none', 'risk_level': 'safe', 'explanation': 'Position 230 is not at tetramer interface'}]"
Y220C,T155A,"T155A,Y220C",1,7.159999999999968,7.149999999999977,-0.0099999999999909,3.990757185707744,4.542370138506484,-0.5516129527987399,2.728827467555757,-8.552948612815392,0.0952389614257004,"{""burial"": 0.0, ""conservation"": 0.0, ""functional"": 0.0, ""msa_conservation"": 0.38095584570280183}",2ee93b8200549967ed4793074955369c73275b3dd4ea6bc7040b212dbe1bc34e,7.149999999999977,7.149999999999977,7.149999999999977,2,0.0,0.0,True,0.0,safe,False,"[{'position': 155, 'at_interface': False, 'impact': 'none', 'risk_level': 'safe', 'explanation': 'Position 155 is not at tetramer interface'}]"
Y220C,P142S,"P142S,Y220C",1,7.159999999999968,7.669999999999959,0.5099999999999909,3.990757185707744,4.303484643508841,-0.3127274578010972,4.9591682222714635,-7.68687308756226,0.2215914883356692,"{""burial"": 0.5, ""conservation"": 0.0, ""functional"": 0.0, ""msa_conservation"": 0.586365953342677}",a3e8186055f1454895eeed719bcbcfeab37b440b1c3111124db42231ae2632dc,7.669999999999959,7.669999999999959,7.669999999999959,2,0.0,0.0,True,0.0,safe,False,"[{'position': 142, 'at_interface': False, 'impact': 'none', 'risk_level': 'safe', 'explanation': 'Position 142 is not at tetramer interface'}]"
Y220C,T256S,"T256S,Y220C",1,7.159999999999968,7.710000000000036,0.5500000000000682,3.990757185707744,4.7854829836074595,-0.7947257978997158,5.412317124023774,-8.652174115588782,0.2215914883356692,"{""burial"": 0.5, ""conservation"": 0.0, ""functional"": 0.0, ""msa_conservation"": 0.5863659533426769}",ba75550f8dc8787e4f8355423ac85d3bb26186c50f711cd247c2b3e6090b8058,7.710000000000036,7.710000000000036,7.710000000000036,2,0.0,0.0,True,0.0,safe,False,"[{'position': 256, 'at_interface': False, 'impact': 'none', 'risk_level': 'safe', 'explanation': 'Position 256 is not at tetramer interface'}]"
Y220C,N235S,"N235S,Y220C",1,7.159999999999968,7.980000000000018,0.82000000000005,3.990757185707744,5.079179731616543,-1.0884225459087995,8.37332500959497,-9.299865638101044,0.1929557226452159,"{""burial"": 0.5, ""conservation"": 0.0, ""functional"": 0.0, ""msa_conservation"": 0.4718228905808638}",c5bc74c8ef483024e666572a1562726ffcda03ef7561717e7d5d5ff8ed842876,7.980000000000018,7.980000000000018,7.980000000000018,2,0.0,0.0,True,0.0,safe,False,"[{'position': 235, 'at_interface': False, 'impact': 'none', 'risk_level': 'safe', 'explanation': 'Position 235 is not at tetramer interface'}]"
Y220C,L145V,"L145V,Y220C",1,7.159999999999968,8.110000000000014,0.9500000000000456,3.990757185707744,5.277048096849404,-1.28629091114166,2.554254524333733,-7.621966412338983,0.1004554971279038,"{""burial"": 0.0, ""conservation"": 0.0, ""functional"": 0.0, ""msa_conservation"": 0.40182198851161544}",fb4a2be0c7d15de8f077941897e40d1beda12fe2ad4137fbb72be18de81ea4c5,8.110000000000014,8.110000000000014,8.110000000000014,2,0.0,0.0,True,0.0,safe,False,"[{'position': 145, 'at_interface': False, 'impact': 'none', 'risk_level': 'safe', 'explanation': 'Position 145 is not at tetramer interface'}]"
Y220C,C141A,"C141A,Y220C",1,7.159999999999968,8.269999999999982,1.1100000000000136,3.990757185707744,4.223877128165108,-0.233119942457364,6.752960121157922,-8.570832682931588,0.1249915051564515,"{""burial"": 0.0, ""conservation"": 0.0, ""functional"": 0.0, ""msa_conservation"": 0.4999660206258063}",359d2a8dc1442dc2fd5dd5739b0a59e5bf2106b679cae6c56ea9f7361604433b,8.269999999999982,8.269999999999982,8.269999999999982,2,0.0,0.0,True,0.0,safe,False,"[{'position': 141, 'at_interface': False, 'impact': 'none', 'risk_level': 'safe', 'explanation': 'Position 141 is not at tetramer interface'}]"
Y220C,T256A,"T256A,Y220C",1,7.159999999999968,8.279999999999973,1.1200000000000043,3.990757185707744,4.165904721384591,-0.1751475356768468,5.412317124023774,-5.683471739263213,0.2215914883356692,"{""burial"": 0.5, ""conservation"": 0.0, ""functional"": 0.0, ""msa_conservation"": 0.5863659533426769}",933036193a98ab02a5124e62c105aad0d3588d89078518218e8e049c88d561cf,8.279999999999973,8.279999999999973,8.279999999999973,2,0.0,0.0,True,0.0,safe,False,"[{'position': 256, 'at_interface': False, 'impact': 'none', 'risk_level': 'safe', 'explanation': 'Position 256 is not at tetramer interface'}]"
Y220C,I255V,"I255V,Y220C",1,7.159999999999968,8.370000000000005,1.2100000000000364,3.990757185707744,4.891121757665411,-0.9003645719576676,6.035907113484864,-9.203813364971325,0.1264667933916919,"{""burial"": 0.0, ""conservation"": 0.0, ""functional"": 0.0, ""msa_conservation"": 0.5058671735667676}",b093325b7f11718c10b1738c05a529fa52724d4a0b559339266a6d5a864fc957,8.370000000000005,8.370000000000005,8.370000000000005,2,0.0,0.0,True,0.0,safe,False,"[{'position': 255, 'at_interface': False, 'impact': 'none', 'risk_level': 'safe', 'explanation': 'Position 255 is not at tetramer interface'}]"
Y220C,Y234F,"Y220C,Y234F",1,7.159999999999968,8.389999999999986,1.2300000000000182,3.990757185707744,4.338649240497666,-0.3478920547899227,6.507154195583324,-9.442078642527052,0.1264667933916919,"{""burial"": 0.0, ""conservation"": 0.0, ""functional"": 0.0, ""msa_conservation"": 0.5058671735667677}",298da05c620fdf805daab8200026e13bbcba1aba1cc3a4ebaad12fd741c3a0c2,8.389999999999986,8.389999999999986,8.389999999999986,2,0.0,0.0,True,0.0,safe,False,"[{'position': 234, 'at_interface': False, 'impact': 'none', 'risk_level': 'safe', 'explanation': 'Position 234 is not at tetramer interface'}]"
Y220C,D281E,"D281E,Y220C",1,7.159999999999968,8.549999999999955,1.3899999999999864,3.990757185707744,4.696285065262201,-0.7055278795544568,13.915076859783127,-9.466573651718791,0.2283684534653906,"{""burial"": 0.5, ""conservation"": 0.0, ""functional"": 0.0, ""msa_conservation"": 0.6134738138615624}",4355fe3eb36212b557ed83008f2a319d9a91accbe39de98bae422b6ab17dae00,8.549999999999955,8.549999999999955,8.549999999999955,2,0.0,0.0,True,0.0,safe,False,"[{'position': 281, 'at_interface': False, 'impact': 'none', 'risk_level': 'safe', 'explanation': 'Position 281 is not at tetramer interface'}]"
Y220C,S215N,"S215N,Y220C",1,7.159999999999968,8.639999999999986,1.4800000000000182,3.990757185707744,4.321276578128444,-0.3305193924207001,7.690578433581339,-9.30029050083774,0.1533684534653905,"{""burial"": 0.0, ""conservation"": 0.0, ""functional"": 0.0, ""msa_conservation"": 0.6134738138615623}",85b6edddfe5e0579905dbca6cf7d59fa5cccb236e1ce0d9ee880f61bd048eff3,8.639999999999986,8.639999999999986,8.639999999999986,2,0.0,0.0,True,0.0,safe,False,"[{'position': 215, 'at_interface': False, 'impact': 'none', 'risk_level': 'safe', 'explanation': 'Position 215 is not at tetramer interface'}]"
Y220C,T253V,"T253V,Y220C",1,7.159999999999968,8.799999999999955,1.6399999999999864,3.990757185707744,2.8186918846515363,1.1720653010562074,8.828318581948377,-9.31298015296364,0.1533684534653905,"{""burial"": 0.0, ""conservation"": 0.0, ""functional"": 0.0, ""msa_conservation"": 0.6134738138615623}",759025026594f2eae4b8a3fbd32cb1a56332ed0df0fa870e415679bb60a37a95,8.799999999999955,8.799999999999955,8.799999999999955,2,0.0,0.0,True,0.0,safe,False,"[{'position': 253, 'at_interface': False, 'impact': 'none', 'risk_level': 'safe', 'explanation': 'Position 253 is not at tetramer interface'}]"
Y220C,P142A,"P142A,Y220C",1,7.159999999999968,8.840000000000032,1.6800000000000637,3.990757185707744,3.8783232459294066,0.1124339397783371,4.9591682222714635,-9.100624054922434,0.2215914883356692,"{""burial"": 0.5, ""conservation"": 0.0, ""functional"": 0.0, ""msa_conservation"": 0.586365953342677}",5df84209b770a3670a1373276c6f8bbe756c7aa5e2f9d2b788818c0ee1ddbe23,8.840000000000032,8.840000000000032,8.840000000000032,2,0.0,0.0,True,0.0,safe,False,"[{'position': 142, 'at_interface': False, 'impact': 'none', 'risk_level': 'safe', 'explanation': 'Position 142 is not at tetramer interface'}]"
Y220C,I232V,"I232V,Y220C",1,7.159999999999968,8.909999999999968,1.75,3.990757185707744,4.769876701791175,-0.7791195160834317,3.381613573986468,-8.864028056781418,0.2014667933916918,"{""burial"": 0.5, ""conservation"": 0.0, ""functional"": 0.0, ""msa_conservation"": 0.5058671735667676}",a3c5ce348aa4a93bb65d8c481f84e4b100f1cef03b9c29c31b4ad9aeaa9dd299,8.909999999999968,8.909999999999968,8.909999999999968,2,0.0,0.0,True,0.0,safe,False,"[{'position': 232, 'at_interface': False, 'impact': 'none', 'risk_level': 'safe', 'explanation': 'Position 232 is not at tetramer interface'}]"
Y220C,F109Y,"F109Y,Y220C",1,7.159999999999968,9.289999999999964,2.1299999999999955,3.990757185707744,4.167956760571123,-0.177199574863379,5.278747146103431,-7.970752623715587,0.1393192201971301,"{""burial"": 0.0, ""conservation"": 0.0, ""functional"": 0.0, ""msa_conservation"": 0.5572768807885204}",501e5cce9433bb19fa24d96c732e328097135d08445cc9c371965a5eeb11c9e1,9.289999999999964,9.289999999999964,9.289999999999964,2,0.0,0.0,True,0.0,safe,False,"[{'position': 109, 'at_interface': False, 'impact': 'none', 'risk_level': 'safe', 'explanation': 'Position 109 is not at tetramer interface'}]"
Y220C,T256V,"T256V,Y220C",1,7.159999999999968,9.490000000000007,2.330000000000041,3.990757185707744,3.1668050175907707,0.823952168116973,5.412317124023774,-8.528435489209485,0.2215914883356692,"{""burial"": 0.5, ""conservation"": 0.0, ""functional"": 0.0, ""msa_conservation"": 0.5863659533426769}",cf230adb9a5782da447d1b97e92b88be048ce757d35679bbfdd1c39513d8237c,9.490000000000007,9.490000000000007,9.490000000000007,2,0.0,0.0,True,0.0,safe,False,"[{'position': 256, 'at_interface': False, 'impact': 'none', 'risk_level': 'safe', 'explanation': 'Position 256 is not at tetramer interface'}]"
Y220C,L257M,"L257M,Y220C",1,7.159999999999968,9.659999999999968,2.5,3.990757185707744,5.395363132553733,-1.4046059468459893,4.081165568718328,-9.211575735937352,0.1533684534653906,"{""burial"": 0.0, ""conservation"": 0.0, ""functional"": 0.0, ""msa_conservation"": 0.6134738138615625}",d2503aabe9d35a4c7eb9262702782adbd6a3cc3100be4f81e0d63f031eb0c343,9.659999999999968,9.659999999999968,9.659999999999968,2,0.0,0.0,True,0.0,safe,False,"[{'position': 257, 'at_interface': False, 'impact': 'none', 'risk_level': 'safe', 'explanation': 'Position 257 is not at tetramer interface'}]"
Y220C,V157I,"V157I,Y220C",1,7.159999999999968,9.710000000000036,2.550000000000068,3.990757185707744,3.886548917694439,0.1042082680133043,2.8944236745676934,-9.196308960271644,0.1109933388512084,"{""burial"": 0.0, ""conservation"": 0.0, ""functional"": 0.0, ""msa_conservation"": 0.44397335540483374}",a088aec410ac7d1f2bd977a1d0a609e1da9c41ca464be65e8b496c520b6b681b,9.710000000000036,9.710000000000036,9.710000000000036,2,0.0,0.0,True,0.0,safe,False,"[{'position': 157, 'at_interface': False, 'impact': 'none', 'risk_level': 'safe', 'explanation': 'Position 157 is not at tetramer interface'}]"
Y220C,L145M,"L145M,Y220C",1,7.159999999999968,9.930000000000064,2.7700000000000955,3.990757185707744,5.248922383777487,-1.2581651980697437,2.554254524333733,-7.761752413942146,0.1004554971279038,"{""burial"": 0.0, ""conservation"": 0.0, ""functional"": 0.0, ""msa_conservation"": 0.40182198851161544}",a68cac47680676d1e46c157b56f70dfddde22d107ff9c68c0a837b1a3ceb2a43,9.930000000000064,9.930000000000064,9.930000000000064,2,0.0,0.0,True,0.0,safe,False,"[{'position': 145, 'at_interface': False, 'impact': 'none', 'risk_level': 'safe', 'explanation': 'Position 145 is not at tetramer interface'}]"
Y220C,V217L,"V217L,Y220C",1,7.159999999999968,10.460000000000036,3.300000000000068,3.990757185707744,3.94371217115524,0.0470450145525038,4.595491663019087,-8.212061443767052,0.1102353035322417,"{""burial"": 0.0, ""conservation"": 0.0, ""functional"": 0.0, ""msa_conservation"": 0.4409412141289669}",d23e2e7a8db2ec4d6f929d8641f41da5722e76610608ed5970c42b237aaaf987,10.460000000000036,10.460000000000036,10.460000000000036,2,0.0,0.0,True,0.0,safe,False,"[{'position': 217, 'at_interface': False, 'impact': 'none', 'risk_level': 'safe', 'explanation': 'Position 217 is not at tetramer interface'}]"
Y220C,G266A,"G266A,Y220C",1,7.159999999999968,11.019999999999982,3.8600000000000136,3.990757185707744,3.477277002604993,0.5134801831027507,6.124570247598882,-7.795074339641969,0.1533684534653906,"{""burial"": 0.0, ""conservation"": 0.0, ""functional"": 0.0, ""msa_conservation"": 0.6134738138615624}",4ff9ea57595a201adee5771457645a26119cb2112f6c8573d6b10ff0cc5c19f5,11.019999999999982,11.019999999999982,11.019999999999982,2,0.0,0.0,True,0.0,safe,False,"[{'position': 266, 'at_interface': False, 'impact': 'none', 'risk_level': 'safe', 'explanation': 'Position 266 is not at tetramer interface'}]"
Y220C,T230V,"T230V,Y220C",1,7.159999999999968,11.06000000000006,3.900000000000091,3.990757185707744,3.69176350551359,0.2989936801941537,0.0,-6.508605244144722,0.2283684534653906,"{""burial"": 0.5, ""conservation"": 0.0, ""functional"": 0.0, ""msa_conservation"": 0.6134738138615623}",1c768d117959996ebd2627919a1d3859857c5dba2f8c500893756e7f58e8c3b6,11.06000000000006,11.06000000000006,11.06000000000006,2,0.0,0.0,True,0.0,safe,False,"[{'position': 230, 'at_interface': False, 'impact': 'none', 'risk_level': 'safe', 'explanation': 'Position 230 is not at tetramer interface'}]"
Y220C,P151S,"P151S,Y220C",1,7.159999999999968,14.200000000000044,7.040000000000077,3.990757185707744,5.075631677674068,-1.084874491966325,4.156231872977975,-9.264352169116766,0.1533684534653905,"{""burial"": 0.0, ""conservation"": 0.0, ""functional"": 0.0, ""msa_conservation"": 0.6134738138615623}",ce9a44503f073340e281f5fa201c54cf346e891c957fe41f09f1cf7a0c4c62f8,14.200000000000044,14.200000000000044,14.200000000000044,2,0.0,0.0,True,0.0,safe,False,"[{'position': 151, 'at_interface': False, 'impact': 'none', 'risk_level': 'safe', 'explanation': 'Position 151 is not at tetramer interface'}]"
Y220C,M133I,"M133I,Y220C",1,7.159999999999968,14.57000000000005,7.410000000000082,3.990757185707744,3.730117877458621,0.2606393082491225,9.052306447207814,-9.14431542509032,0.1200582686512072,"{""burial"": 0.0, ""conservation"": 0.0, ""functional"": 0.0, ""msa_conservation"": 0.480233074604829}",ea260194131a798e365cc1e3975878bcd10e38f4889b68b9222a710e769a3ee9,14.57000000000005,14.57000000000005,14.57000000000005,2,0.0,0.0,True,0.0,safe,False,"[{'position': 133, 'at_interface': False, 'impact': 'none', 'risk_level': 'safe', 'explanation': 'Position 133 is not at tetramer interface'}]"
Y220C,T155V,"T155V,Y220C",1,7.159999999999968,14.629999999999995,7.470000000000027,3.990757185707744,3.6241982605655303,0.3665589251422134,2.728827467555757,-6.374114877194462,0.0952389614257004,"{""burial"": 0.0, ""conservation"": 0.0, ""functional"": 0.0, ""msa_conservation"": 0.38095584570280183}",e50842120004467e790435ffb821db683a6422b18eef610fe0129e9ac7ae52cd,14.629999999999995,14.629999999999995,14.629999999999995,2,0.0,0.0,True,0.0,safe,False,"[{'position': 155, 'at_interface': False, 'impact': 'none', 'risk_level': 'safe', 'explanation': 'Position 155 is not at tetramer interface'}]"
Y220C,V157M,"V157M,Y220C",1,7.159999999999968,14.960000000000036,7.800000000000068,3.990757185707744,5.703227419542654,-1.7124702338349105,2.8944236745676934,-9.228520655337082,0.1109933388512084,"{""burial"": 0.0, ""conservation"": 0.0, ""functional"": 0.0, ""msa_conservation"": 0.44397335540483374}",7d7494dfbda9cc27b52c188734bc554ea5ac699b44edcea7d755dead2ee41210,14.960000000000036,14.960000000000036,14.960000000000036,2,0.0,0.0,True,0.0,safe,False,"[{'position': 157, 'at_interface': False, 'impact': 'none', 'risk_level': 'safe', 'explanation': 'Position 157 is not at tetramer interface'}]"
Y220C,A189V,"A189V,Y220C",1,7.159999999999968,17.57000000000005,10.410000000000082,3.990757185707744,3.3154877076847873,0.6752694780229564,9.48323949712667,-8.975842704925423,0.1249915051564516,"{""burial"": 0.0, ""conservation"": 0.0, ""functional"": 0.0, ""msa_conservation"": 0.4999660206258064}",6f68968b554569468c526f1ba9fcab1b2cc744480ec49cd199b99808fe7d8766,17.57000000000005,17.57000000000005,17.57000000000005,2,0.0,0.0,True,0.0,safe,False,"[{'position': 189, 'at_interface': False, 'impact': 'none', 'risk_level': 'safe', 'explanation': 'Position 189 is not at tetramer interface'}]"
Y220C,V203I,"V203I,Y220C",1,7.159999999999968,19.340000000000032,12.180000000000064,3.990757185707744,3.6479915979134128,0.342765587794331,5.360604993069685,-6.975990353648814,0.1915748136397249,"{""burial"": 0.5, ""conservation"": 0.0, ""functional"": 0.0, ""msa_conservation"": 0.46629925455889976}",a3056cd82265fc10d0bac0fb2ea26bbc6867c94fac1e7e6e81465b7b4cc46c74,19.340000000000032,19.340000000000032,19.340000000000032,2,0.0,0.0,True,0.0,safe,False,"[{'position': 203, 'at_interface': False, 'impact': 'none', 'risk_level': 'safe', 'explanation': 'Position 203 is not at tetramer interface'}]"
Y220C,F134W,"F134W,Y220C",1,7.159999999999968,23.909999999999968,16.75,3.990757185707744,5.2194235497920385,-1.2286663640842947,10.364194091439964,-9.486697037326037,0.1328613742662528,"{""burial"": 0.0, ""conservation"": 0.0, ""functional"": 0.0, ""msa_conservation"": 0.5314454970650115}",f857d0e63ff5fc44687628acd9127b22ee528783d5630d4440306caccf4d21fd,23.909999999999968,23.909999999999968,23.909999999999968,2,0.0,0.0,True,0.0,safe,False,"[{'position': 134, 'at_interface': False, 'impact': 'none', 'risk_level': 'safe', 'explanation': 'Position 134 is not at tetramer interface'}]"
